ID      GALGA    IZQ    DER     ESTADO
5118	0.24	1.796	1.752	ESTABLE
6574	0.22	1.595	1.676	ESTABLE
18852	0.229	1.574	1.617	ESTABLE
1202	0.251	1.841	1.835	ESTABLE
13342	0.247	1.806	1.79	ESTABLE
14167	0.262	1.921	1.973	ESTABLE
6178	0.234	1.68	1.72	ESTABLE
10733	0.263	1.968	1.883	ESTABLE
8593	0.224	1.629	1.719	ESTABLE
19963	0.232	1.722	1.673	ESTABLE
10490	0.239	1.868	1.833	ESTABLE
10041	0.241	1.683	1.749	ESTABLE
8863	0.216	1.509	1.517	ESTABLE
1099	0.238	1.792	1.905	ESTABLE
15736	0.227	1.558	1.569	ESTABLE
19230	0.23	1.607	1.667	ESTABLE
19696	0.206	1.528	1.531	ESTABLE
6658	0.23	1.576	1.788	INESTABLE
12773	0.21	1.522	1.465	ESTABLE
3575	0.244	1.817	1.86	ESTABLE
4932	0.239	1.779	1.838	ESTABLE
12213	0.234	1.602	1.651	ESTABLE
15955	0.197	1.447	1.523	ESTABLE
12533	0.21	1.583	1.569	ESTABLE
412	0.259	1.988	1.966	ESTABLE
19323	0.225	1.593	1.57	ESTABLE
17336	0.252	1.829	1.921	ESTABLE
18171	0.24	1.905	1.783	ESTABLE
13237	0.239	1.765	1.766	ESTABLE
16145	0.196	1.381	1.423	ESTABLE
18537	0.213	1.538	1.465	ESTABLE
18022	0.252	1.917	1.914	ESTABLE
12847	0.215	1.524	1.511	ESTABLE
14767	0.251	1.869	1.777	ESTABLE
1135	0.239	1.763	1.896	ESTABLE
1126	0.244	1.805	1.886	ESTABLE
15136	0.232	1.629	1.596	ESTABLE
4354	0.248	1.798	1.746	ESTABLE
7218	0.273	1.949	1.963	ESTABLE
11113	0.267	1.986	1.927	ESTABLE
14963	0.24	1.719	1.656	ESTABLE
15780	0.231	1.57	1.561	ESTABLE
16102	0.212	1.477	1.46	ESTABLE
12174	0.216	1.604	1.641	ESTABLE
12425	0.212	1.495	1.469	ESTABLE
18530	0.215	1.651	1.541	ESTABLE
4590	0.238	1.733	1.827	ESTABLE
15062	0.226	1.719	1.643	ESTABLE
12691	0.215	1.524	1.507	ESTABLE
17904	0.26	1.919	1.931	ESTABLE
10967	0.251	2.031	1.907	ESTABLE
18788	0.228	1.565	1.557	ESTABLE
18573	0.22	1.648	1.543	ESTABLE
17157	0.245	1.754	1.794	ESTABLE
3921	0.251	1.849	1.91	ESTABLE
14962	0.247	1.717	1.638	ESTABLE
12702	0.203	1.489	1.484	ESTABLE
12138	0.226	1.626	1.665	ESTABLE
19159	0.225	1.54	1.679	ESTABLE
8224	0.231	1.709	1.767	ESTABLE
3948	0.253	1.918	1.837	ESTABLE
7376	0.262	2.027	1.938	ESTABLE
6092	0.228	1.705	1.65	ESTABLE
734	0.23	1.779	1.904	ESTABLE
11255	0.251	1.883	1.814	ESTABLE
19911	0.234	1.704	1.609	ESTABLE
15707	0.242	1.553	1.672	ESTABLE
9732	0.241	1.746	1.627	ESTABLE
14386	0.264	1.973	2.032	ESTABLE
4425	0.24	1.804	1.711	ESTABLE
8998	0.214	1.504	1.47	ESTABLE
3478	0.239	1.695	1.712	ESTABLE
10664	0.249	1.84	1.878	ESTABLE
12183	0.221	1.597	1.67	ESTABLE
18081	0.246	1.822	1.846	ESTABLE
9750	0.22	1.604	1.699	ESTABLE
13091	0.247	1.761	1.766	ESTABLE
9622	0.232	1.629	1.648	ESTABLE
1316	0.256	1.861	1.826	ESTABLE
8399	0.231	1.769	1.793	ESTABLE
11688	0.232	1.619	1.684	ESTABLE
17880	0.267	1.943	1.956	ESTABLE
682	0.262	1.857	1.842	ESTABLE
7865	0.262	1.904	1.85	ESTABLE
410	0.254	1.964	1.884	ESTABLE
5122	0.242	1.719	1.743	ESTABLE
8513	0.237	1.712	1.753	ESTABLE
15857	0.209	1.533	1.588	ESTABLE
11962	0.238	1.719	1.729	ESTABLE
18735	0.219	1.568	1.544	ESTABLE
12634	0.215	1.466	1.479	ESTABLE
1914	0.217	1.633	1.501	ESTABLE
7247	0.258	1.948	1.916	ESTABLE
17608	0.237	1.848	1.838	ESTABLE
1572	0.265	1.865	1.91	ESTABLE
15548	0.235	1.627	1.71	ESTABLE
4166	0.248	1.817	1.841	ESTABLE
15986	0.207	1.45	1.492	ESTABLE
11247	0.258	1.863	1.819	ESTABLE
6843	0.238	1.666	1.71	ESTABLE
9945	0.234	1.754	1.766	ESTABLE
15532	0.232	1.636	1.631	ESTABLE
3424	0.226	1.652	1.646	ESTABLE
9272	0.217	1.51	1.437	ESTABLE
10420	0.246	1.797	1.764	ESTABLE
10238	0.236	1.7	1.756	ESTABLE
18280	0.233	1.703	1.66	ESTABLE
6352	0.234	1.639	1.749	ESTABLE
5419	0.211	1.472	1.472	ESTABLE
9503	0.231	1.649	1.593	ESTABLE
15733	0.22	1.561	1.637	ESTABLE
10571	0.24	1.813	1.863	ESTABLE
15238	0.22	1.659	1.642	ESTABLE
8803	0.215	1.566	1.57	ESTABLE
7566	0.277	1.969	1.901	ESTABLE
8401	0.238	1.713	1.799	ESTABLE
4711	0.24	1.75	1.885	ESTABLE
6079	0.215	1.606	1.582	ESTABLE
16489	0.223	1.683	1.568	ESTABLE
11558	0.231	1.707	1.749	ESTABLE
709	0.255	1.803	1.878	ESTABLE
1859	0.221	1.651	1.575	ESTABLE
19501	0.202	1.474	1.536	ESTABLE
16170	0.223	1.554	1.551	ESTABLE
2064	0.21	1.556	1.49	ESTABLE
8727	0.216	1.572	1.703	ESTABLE
3943	0.262	2	1.912	ESTABLE
12150	0.219	1.649	1.689	ESTABLE
14917	0.236	1.711	1.63	ESTABLE
13478	0.237	1.724	1.843	ESTABLE
3409	0.235	1.671	1.634	ESTABLE
3924	0.261	1.968	1.928	ESTABLE
13553	0.249	1.712	1.869	INESTABLE
15688	0.22	1.593	1.653	ESTABLE
578	0.254	1.935	1.938	ESTABLE
19372	0.212	1.521	1.613	ESTABLE
498	0.256	1.919	1.851	ESTABLE
5228	0.224	1.698	1.636	ESTABLE
15120	0.236	1.619	1.713	ESTABLE
10176	0.225	1.67	1.627	ESTABLE
570	0.252	1.923	1.877	ESTABLE
4626	0.246	1.716	1.8	ESTABLE
391	0.252	1.937	1.907	ESTABLE
9608	0.223	1.657	1.644	ESTABLE
2595	0.22	1.65	1.577	ESTABLE
12982	0.229	1.671	1.628	ESTABLE
7659	0.247	1.913	1.867	ESTABLE
8739	0.219	1.602	1.667	ESTABLE
13058	0.225	1.733	1.65	ESTABLE
18591	0.217	1.619	1.485	ESTABLE
3907	0.259	1.997	1.905	ESTABLE
5586	0.226	1.553	1.493	ESTABLE
6688	0.226	1.637	1.64	ESTABLE
18324	0.234	1.77	1.589	INESTABLE
13191	0.248	1.75	1.701	ESTABLE
1713	0.239	1.716	1.742	ESTABLE
8652	0.243	1.663	1.719	ESTABLE
4180	0.247	1.915	1.878	ESTABLE
16484	0.237	1.755	1.667	ESTABLE
9454	0.216	1.631	1.479	INESTABLE
7647	0.247	1.936	1.875	ESTABLE
16698	0.249	1.822	1.772	ESTABLE
5844	0.206	1.466	1.474	ESTABLE
15321	0.218	1.664	1.663	ESTABLE
6906	0.239	1.647	1.693	ESTABLE
2988	0.219	1.54	1.611	ESTABLE
15952	0.209	1.488	1.475	ESTABLE
969	0.257	1.841	1.951	ESTABLE
14185	0.268	1.909	1.929	ESTABLE
1106	0.236	1.786	1.858	ESTABLE
8379	0.239	1.722	1.767	ESTABLE
16108	0.202	1.501	1.487	ESTABLE
13394	0.232	1.75	1.739	ESTABLE
18239	0.24	1.793	1.718	ESTABLE
8963	0.211	1.459	1.509	ESTABLE
6937	0.241	1.695	1.77	ESTABLE
15323	0.226	1.607	1.626	ESTABLE
11131	0.27	1.95	1.877	ESTABLE
15147	0.227	1.648	1.639	ESTABLE
7350	0.273	1.941	1.963	ESTABLE
10595	0.257	1.928	1.911	ESTABLE
13476	0.233	1.82	1.766	ESTABLE
10662	0.257	1.935	1.924	ESTABLE
2817	0.232	1.626	1.614	ESTABLE
611	0.251	1.918	1.838	ESTABLE
11082	0.255	1.899	1.907	ESTABLE
15030	0.226	1.652	1.59	ESTABLE
7343	0.259	1.999	1.972	ESTABLE
19540	0.227	1.516	1.547	ESTABLE
4456	0.245	1.762	1.797	ESTABLE
12901	0.219	1.586	1.492	ESTABLE
16394	0.242	1.606	1.588	ESTABLE
3448	0.236	1.745	1.709	ESTABLE
12673	0.212	1.489	1.484	ESTABLE
12199	0.231	1.646	1.657	ESTABLE
2055	0.213	1.507	1.432	ESTABLE
11312	0.25	1.827	1.772	ESTABLE
5090	0.235	1.78	1.785	ESTABLE
19065	0.226	1.655	1.626	ESTABLE
14283	0.273	2.003	2.073	ESTABLE
17422	0.245	1.8	1.777	ESTABLE
2163	0.212	1.445	1.466	ESTABLE
16939	0.254	1.873	1.874	ESTABLE
16214	0.215	1.511	1.455	ESTABLE
12057	0.215	1.515	1.62	ESTABLE
13292	0.241	1.789	1.81	ESTABLE
14950	0.227	1.654	1.66	ESTABLE
17752	0.248	1.843	1.918	ESTABLE
5623	0.209	1.514	1.468	ESTABLE
13243	0.236	1.808	1.734	ESTABLE
2867	0.232	1.601	1.692	ESTABLE
16438	0.22	1.633	1.499	ESTABLE
1359	0.249	1.857	1.884	ESTABLE
4602	0.248	1.763	1.802	ESTABLE
16124	0.201	1.469	1.496	ESTABLE
18803	0.232	1.596	1.636	ESTABLE
3320	0.227	1.588	1.625	ESTABLE
12943	0.221	1.61	1.624	ESTABLE
3931	0.261	1.914	1.867	ESTABLE
8700	0.244	1.745	1.74	ESTABLE
5284	0.24	1.685	1.695	ESTABLE
1363	0.25	1.812	1.932	ESTABLE
8778	0.214	1.634	1.586	ESTABLE
14023	0.237	1.854	1.824	ESTABLE
14518	0.27	2.041	1.927	ESTABLE
12753	0.204	1.5	1.384	ESTABLE
3215	0.215	1.636	1.582	ESTABLE
15352	0.224	1.642	1.67	ESTABLE
18785	0.222	1.621	1.614	ESTABLE
8443	0.237	1.79	1.811	ESTABLE
5889	0.221	1.553	1.51	ESTABLE
450	0.252	1.927	1.923	ESTABLE
10864	0.277	2.042	2.03	ESTABLE
5307	0.233	1.681	1.574	ESTABLE
9524	0.22	1.684	1.573	ESTABLE
10439	0.241	1.719	1.897	INESTABLE
6579	0.226	1.702	1.654	ESTABLE
19661	0.221	1.562	1.528	ESTABLE
7881	0.233	1.744	1.796	ESTABLE
17852	0.26	1.9	1.988	ESTABLE
5567	0.207	1.512	1.51	ESTABLE
2310	0.208	1.596	1.502	ESTABLE
10680	0.267	1.978	1.94	ESTABLE
4403	0.257	1.937	1.88	ESTABLE
2313	0.211	1.564	1.469	ESTABLE
6520	0.227	1.622	1.705	ESTABLE
11272	0.26	1.863	1.795	ESTABLE
1812	0.245	1.632	1.698	ESTABLE
6806	0.226	1.653	1.653	ESTABLE
17823	0.254	1.888	1.893	ESTABLE
15839	0.219	1.554	1.547	ESTABLE
4501	0.243	1.734	1.792	ESTABLE
11692	0.232	1.695	1.731	ESTABLE
11715	0.239	1.632	1.708	ESTABLE
3513	0.238	1.802	1.717	ESTABLE
9707	0.231	1.669	1.714	ESTABLE
9740	0.243	1.74	1.679	ESTABLE
7152	0.263	1.879	1.819	ESTABLE
12950	0.229	1.68	1.674	ESTABLE
16956	0.256	1.918	1.828	ESTABLE
1143	0.238	1.833	1.838	ESTABLE
15387	0.238	1.659	1.797	ESTABLE
1532	0.242	1.833	1.825	ESTABLE
5142	0.229	1.66	1.768	ESTABLE
6986	0.245	1.821	1.777	ESTABLE
12990	0.241	1.642	1.556	ESTABLE
8933	0.205	1.472	1.464	ESTABLE
16999	0.249	1.907	1.837	ESTABLE
3021	0.224	1.579	1.589	ESTABLE
8602	0.225	1.624	1.739	ESTABLE
14164	0.257	1.886	1.961	ESTABLE
8184	0.247	1.721	1.784	ESTABLE
17740	0.263	1.914	2.032	ESTABLE
11552	0.219	1.708	1.64	ESTABLE
18509	0.223	1.585	1.545	ESTABLE
16776	0.258	1.916	1.883	ESTABLE
1100	0.245	1.81	1.89	ESTABLE
13901	0.25	1.819	1.843	ESTABLE
3539	0.25	1.883	1.803	ESTABLE
3742	0.266	1.984	1.899	ESTABLE
1881	0.222	1.66	1.562	ESTABLE
94	0.24	1.767	1.643	ESTABLE
14936	0.235	1.671	1.604	ESTABLE
4572	0.243	1.795	1.81	ESTABLE
11625	0.234	1.686	1.756	ESTABLE
14436	0.272	2.062	1.969	ESTABLE
124	0.226	1.875	1.777	ESTABLE
1310	0.244	1.826	1.898	ESTABLE
15313	0.226	1.565	1.603	ESTABLE
11	0.231	1.722	1.634	ESTABLE
4427	0.235	1.824	1.782	ESTABLE
4575	0.249	1.712	1.841	ESTABLE
18139	0.26	1.868	1.862	ESTABLE
19650	0.22	1.433	1.57	ESTABLE
7665	0.247	1.916	1.913	ESTABLE
5292	0.228	1.641	1.672	ESTABLE
14692	0.246	1.855	1.819	ESTABLE
1531	0.243	1.845	1.757	ESTABLE
8926	0.213	1.546	1.469	ESTABLE
4767	0.252	1.723	1.848	ESTABLE
15682	0.225	1.557	1.71	INESTABLE
7308	0.273	2.017	1.996	ESTABLE
4005	0.253	1.982	1.913	ESTABLE
4368	0.237	1.769	1.659	ESTABLE
7471	0.265	2.004	1.945	ESTABLE
6790	0.228	1.661	1.753	ESTABLE
3671	0.254	1.907	1.876	ESTABLE
6734	0.219	1.722	1.706	ESTABLE
4269	0.249	1.884	1.84	ESTABLE
16252	0.223	1.538	1.545	ESTABLE
3371	0.217	1.612	1.635	ESTABLE
3576	0.244	1.851	1.839	ESTABLE
18574	0.214	1.61	1.498	ESTABLE
6041	0.215	1.574	1.607	ESTABLE
12245	0.224	1.685	1.634	ESTABLE
9009	0.208	1.369	1.44	ESTABLE
18819	0.22	1.557	1.62	ESTABLE
16927	0.25	1.905	1.877	ESTABLE
11440	0.237	1.731	1.816	ESTABLE
15846	0.225	1.439	1.521	ESTABLE
8093	0.244	1.762	1.77	ESTABLE
19776	0.212	1.523	1.519	ESTABLE
609	0.262	1.965	1.874	ESTABLE
5494	0.211	1.588	1.491	ESTABLE
15805	0.226	1.485	1.591	ESTABLE
12757	0.209	1.559	1.471	ESTABLE
11940	0.232	1.648	1.673	ESTABLE
19269	0.233	1.595	1.688	ESTABLE
2231	0.212	1.518	1.518	ESTABLE
10199	0.233	1.644	1.689	ESTABLE
1172	0.247	1.832	1.847	ESTABLE
5253	0.237	1.731	1.767	ESTABLE
16515	0.232	1.741	1.662	ESTABLE
19071	0.227	1.606	1.627	ESTABLE
385	0.258	1.92	1.956	ESTABLE
19274	0.215	1.524	1.602	ESTABLE
17055	0.256	1.858	1.845	ESTABLE
2117	0.207	1.532	1.403	ESTABLE
9730	0.238	1.761	1.697	ESTABLE
6081	0.226	1.671	1.661	ESTABLE
9000	0.211	1.44	1.443	ESTABLE
32	0.245	1.843	1.769	ESTABLE
14425	0.269	2.068	1.948	ESTABLE
11879	0.234	1.646	1.719	ESTABLE
2487	0.22	1.642	1.603	ESTABLE
1369	0.262	1.941	1.949	ESTABLE
9971	0.238	1.683	1.726	ESTABLE
9815	0.246	1.662	1.751	ESTABLE
14989	0.224	1.637	1.685	ESTABLE
4839	0.244	1.807	1.83	ESTABLE
13414	0.238	1.864	1.804	ESTABLE
15143	0.226	1.624	1.631	ESTABLE
6596	0.231	1.608	1.644	ESTABLE
10995	0.255	2.008	1.915	ESTABLE
1000	0.25	1.832	1.9	ESTABLE
1111	0.242	1.829	1.834	ESTABLE
8250	0.25	1.73	1.832	ESTABLE
11821	0.234	1.659	1.726	ESTABLE
10030	0.224	1.703	1.681	ESTABLE
19687	0.208	1.529	1.484	ESTABLE
7999	0.241	1.798	1.726	ESTABLE
15255	0.219	1.66	1.546	ESTABLE
17957	0.263	1.895	1.902	ESTABLE
18856	0.222	1.61	1.576	ESTABLE
8522	0.233	1.702	1.698	ESTABLE
17899	0.258	1.912	1.923	ESTABLE
8104	0.233	1.8	1.802	ESTABLE
18914	0.217	1.588	1.615	ESTABLE
9245	0.195	1.437	1.383	ESTABLE
2605	0.218	1.619	1.664	ESTABLE
9597	0.231	1.694	1.707	ESTABLE
12016	0.231	1.623	1.793	INESTABLE
8783	0.228	1.561	1.691	ESTABLE
1217	0.245	1.785	1.835	ESTABLE
671	0.251	1.884	1.882	ESTABLE
19945	0.227	1.662	1.713	ESTABLE
6611	0.219	1.625	1.635	ESTABLE
10482	0.249	1.905	1.85	ESTABLE
6216	0.231	1.56	1.621	ESTABLE
1797	0.23	1.704	1.688	ESTABLE
16440	0.234	1.705	1.709	ESTABLE
18131	0.244	1.807	1.749	ESTABLE
8627	0.23	1.709	1.657	ESTABLE
4894	0.235	1.819	1.826	ESTABLE
19640	0.214	1.384	1.487	ESTABLE
3895	0.263	1.973	1.982	ESTABLE
15815	0.216	1.583	1.606	ESTABLE
3360	0.228	1.627	1.621	ESTABLE
15440	0.239	1.636	1.757	ESTABLE
18872	0.217	1.581	1.577	ESTABLE
1875	0.227	1.704	1.6	ESTABLE
3076	0.222	1.531	1.605	ESTABLE
6237	0.23	1.663	1.686	ESTABLE
3231	0.227	1.595	1.604	ESTABLE
1708	0.232	1.707	1.749	ESTABLE
19625	0.212	1.561	1.52	ESTABLE
8682	0.233	1.672	1.671	ESTABLE
1539	0.252	1.863	1.876	ESTABLE
16937	0.25	1.924	1.832	ESTABLE
593	0.249	1.852	1.857	ESTABLE
16548	0.236	1.731	1.703	ESTABLE
15001	0.225	1.643	1.644	ESTABLE
9632	0.228	1.608	1.593	ESTABLE
7330	0.261	1.952	1.918	ESTABLE
10621	0.263	1.849	1.894	ESTABLE
3415	0.245	1.724	1.694	ESTABLE
8428	0.235	1.758	1.82	ESTABLE
15431	0.223	1.683	1.687	ESTABLE
6269	0.237	1.738	1.759	ESTABLE
4496	0.247	1.71	1.79	ESTABLE
15721	0.218	1.495	1.602	ESTABLE
17391	0.244	1.753	1.833	ESTABLE
8804	0.218	1.664	1.573	ESTABLE
12996	0.232	1.621	1.625	ESTABLE
5952	0.225	1.675	1.565	ESTABLE
5846	0.213	1.564	1.512	ESTABLE
537	0.259	1.958	1.881	ESTABLE
13617	0.238	1.742	1.821	ESTABLE
6933	0.241	1.71	1.751	ESTABLE
6264	0.238	1.662	1.758	ESTABLE
3239	0.222	1.635	1.645	ESTABLE
18687	0.225	1.589	1.483	ESTABLE
1694	0.233	1.654	1.661	ESTABLE
14040	0.252	1.87	1.894	ESTABLE
131	0.259	1.854	1.848	ESTABLE
10138	0.234	1.692	1.739	ESTABLE
11211	0.241	1.879	1.816	ESTABLE
18666	0.222	1.664	1.56	ESTABLE
16436	0.217	1.631	1.637	ESTABLE
13024	0.228	1.696	1.671	ESTABLE
9004	0.202	1.42	1.443	ESTABLE
18363	0.22	1.745	1.62	ESTABLE
297	0.261	1.973	1.817	INESTABLE
7521	0.265	2.026	1.97	ESTABLE
10830	0.272	2.003	1.974	ESTABLE
13690	0.248	1.802	1.824	ESTABLE
8084	0.236	1.714	1.812	ESTABLE
12381	0.219	1.512	1.579	ESTABLE
14599	0.256	1.938	1.912	ESTABLE
6905	0.238	1.739	1.749	ESTABLE
3731	0.262	1.91	1.906	ESTABLE
2219	0.215	1.576	1.507	ESTABLE
625	0.257	1.88	1.848	ESTABLE
11694	0.235	1.685	1.72	ESTABLE
15035	0.224	1.715	1.648	ESTABLE
2304	0.22	1.64	1.583	ESTABLE
10582	0.257	1.939	1.987	ESTABLE
11769	0.234	1.663	1.714	ESTABLE
18312	0.228	1.729	1.666	ESTABLE
1299	0.247	1.894	1.899	ESTABLE
9200	0.198	1.456	1.377	ESTABLE
4347	0.25	1.8	1.783	ESTABLE
3208	0.219	1.594	1.46	ESTABLE
7562	0.25	1.895	1.858	ESTABLE
17681	0.268	1.854	2.015	INESTABLE
14803	0.231	1.765	1.664	ESTABLE
18660	0.224	1.614	1.534	ESTABLE
7088	0.26	1.904	1.837	ESTABLE
12041	0.232	1.666	1.724	ESTABLE
9110	0.221	1.57	1.424	ESTABLE
4051	0.259	1.939	1.897	ESTABLE
8924	0.217	1.501	1.548	ESTABLE
3958	0.261	1.911	1.83	ESTABLE
15877	0.223	1.53	1.583	ESTABLE
9826	0.24	1.697	1.766	ESTABLE
6531	0.215	1.568	1.649	ESTABLE
12006	0.227	1.614	1.734	ESTABLE
5803	0.213	1.578	1.532	ESTABLE
11348	0.24	1.812	1.73	ESTABLE
838	0.241	1.772	1.86	ESTABLE
15091	0.23	1.584	1.586	ESTABLE
17368	0.241	1.728	1.837	ESTABLE
13569	0.236	1.778	1.787	ESTABLE
12346	0.223	1.561	1.558	ESTABLE
4129	0.26	1.843	1.853	ESTABLE
1165	0.254	1.89	1.923	ESTABLE
5977	0.205	1.523	1.476	ESTABLE
1239	0.264	1.852	1.909	ESTABLE
15155	0.227	1.6	1.634	ESTABLE
7591	0.261	1.969	1.977	ESTABLE
15821	0.224	1.559	1.551	ESTABLE
5775	0.213	1.562	1.497	ESTABLE
471	0.265	1.923	1.914	ESTABLE
5415	0.212	1.529	1.47	ESTABLE
13067	0.219	1.722	1.649	ESTABLE
6717	0.229	1.657	1.7	ESTABLE
5836	0.204	1.516	1.411	ESTABLE
6572	0.217	1.549	1.658	ESTABLE
18641	0.224	1.622	1.48	ESTABLE
5989	0.219	1.593	1.538	ESTABLE
18035	0.244	1.883	1.815	ESTABLE
17646	0.25	1.759	1.971	INESTABLE
11405	0.232	1.658	1.673	ESTABLE
13309	0.242	1.784	1.769	ESTABLE
2767	0.224	1.6	1.695	ESTABLE
8896	0.213	1.515	1.52	ESTABLE
19888	0.222	1.644	1.642	ESTABLE
18144	0.252	1.824	1.796	ESTABLE
15420	0.24	1.645	1.657	ESTABLE
4979	0.241	1.718	1.848	ESTABLE
7863	0.249	1.88	1.714	INESTABLE
7827	0.24	1.839	1.752	ESTABLE
17119	0.242	1.835	1.841	ESTABLE
18405	0.234	1.638	1.61	ESTABLE
4170	0.256	1.891	1.885	ESTABLE
2115	0.224	1.573	1.529	ESTABLE
18392	0.234	1.638	1.653	ESTABLE
18602	0.217	1.521	1.563	ESTABLE
10778	0.258	1.986	1.942	ESTABLE
18959	0.219	1.532	1.602	ESTABLE
4640	0.258	1.748	1.865	ESTABLE
5471	0.215	1.501	1.53	ESTABLE
1245	0.252	1.876	1.868	ESTABLE
2442	0.221	1.612	1.578	ESTABLE
276	0.246	1.898	1.85	ESTABLE
18816	0.221	1.582	1.603	ESTABLE
2643	0.223	1.565	1.583	ESTABLE
17373	0.251	1.754	1.793	ESTABLE
4306	0.232	1.828	1.751	ESTABLE
3629	0.243	1.903	1.84	ESTABLE
414	0.261	1.925	1.85	ESTABLE
4009	0.264	1.945	1.953	ESTABLE
6162	0.221	1.65	1.692	ESTABLE
2625	0.221	1.622	1.594	ESTABLE
15632	0.23	1.627	1.626	ESTABLE
14712	0.253	1.883	1.8	ESTABLE
284	0.259	1.916	1.837	ESTABLE
10084	0.241	1.671	1.719	ESTABLE
18409	0.241	1.684	1.563	ESTABLE
5358	0.218	1.634	1.528	ESTABLE
11609	0.23	1.703	1.651	ESTABLE
10075	0.234	1.692	1.689	ESTABLE
127	0.259	1.873	1.823	ESTABLE
18466	0.23	1.681	1.688	ESTABLE
15248	0.227	1.629	1.624	ESTABLE
4801	0.255	1.863	1.76	ESTABLE
8055	0.249	1.828	1.774	ESTABLE
665	0.235	1.823	1.893	ESTABLE
16570	0.237	1.733	1.696	ESTABLE
3512	0.241	1.743	1.758	ESTABLE
11282	0.244	1.793	1.73	ESTABLE
10159	0.248	1.685	1.741	ESTABLE
2523	0.213	1.612	1.558	ESTABLE
15563	0.219	1.635	1.721	ESTABLE
13228	0.234	1.776	1.641	ESTABLE
3522	0.246	1.745	1.732	ESTABLE
12825	0.217	1.522	1.439	ESTABLE
24	0.244	1.714	1.685	ESTABLE
19007	0.209	1.568	1.544	ESTABLE
5026	0.236	1.826	1.776	ESTABLE
7136	0.255	1.949	1.911	ESTABLE
7027	0.238	1.742	1.807	ESTABLE
4698	0.25	1.836	1.876	ESTABLE
10902	0.269	1.957	1.996	ESTABLE
6084	0.222	1.671	1.624	ESTABLE
19699	0.216	1.553	1.559	ESTABLE
3345	0.232	1.675	1.649	ESTABLE
4182	0.258	1.907	1.903	ESTABLE
11728	0.217	1.644	1.632	ESTABLE
15312	0.213	1.559	1.592	ESTABLE
5272	0.223	1.599	1.654	ESTABLE
13709	0.241	1.751	1.869	ESTABLE
3999	0.247	1.971	1.948	ESTABLE
11786	0.225	1.624	1.652	ESTABLE
2075	0.212	1.568	1.489	ESTABLE
110	0.234	1.839	1.738	ESTABLE
3238	0.238	1.615	1.654	ESTABLE
12789	0.211	1.512	1.441	ESTABLE
19433	0.214	1.493	1.541	ESTABLE
1547	0.239	1.767	1.85	ESTABLE
14675	0.24	1.822	1.785	ESTABLE
9899	0.236	1.765	1.714	ESTABLE
11677	0.232	1.731	1.705	ESTABLE
7364	0.267	2.039	1.993	ESTABLE
4132	0.249	1.97	1.918	ESTABLE
4868	0.259	1.748	1.847	ESTABLE
1113	0.268	1.827	1.871	ESTABLE
567	0.242	1.832	1.82	ESTABLE
8161	0.24	1.758	1.85	ESTABLE
13199	0.239	1.732	1.726	ESTABLE
16427	0.229	1.634	1.574	ESTABLE
10252	0.239	1.601	1.701	ESTABLE
9571	0.223	1.635	1.589	ESTABLE
14641	0.255	1.825	1.891	ESTABLE
17102	0.251	1.776	1.911	ESTABLE
18058	0.252	1.901	1.925	ESTABLE
10388	0.241	1.79	1.756	ESTABLE
3905	0.266	2.007	1.966	ESTABLE
6956	0.234	1.688	1.775	ESTABLE
9084	0.217	1.534	1.442	ESTABLE
676	0.248	1.819	1.841	ESTABLE
12409	0.212	1.529	1.505	ESTABLE
16522	0.236	1.723	1.685	ESTABLE
2438	0.216	1.605	1.583	ESTABLE
9179	0.21	1.522	1.484	ESTABLE
7677	0.253	1.893	1.812	ESTABLE
12932	0.227	1.632	1.568	ESTABLE
5467	0.215	1.562	1.5	ESTABLE
7985	0.247	1.783	1.837	ESTABLE
3583	0.236	1.825	1.775	ESTABLE
17935	0.263	1.922	1.931	ESTABLE
6561	0.23	1.619	1.626	ESTABLE
11067	0.254	1.992	1.942	ESTABLE
15207	0.227	1.625	1.609	ESTABLE
16694	0.229	1.744	1.735	ESTABLE
5349	0.22	1.706	1.594	ESTABLE
17196	0.243	1.816	1.814	ESTABLE
507	0.241	1.88	1.799	ESTABLE
17465	0.248	1.793	1.839	ESTABLE
5430	0.222	1.573	1.527	ESTABLE
11480	0.23	1.657	1.734	ESTABLE
10674	0.251	1.942	1.975	ESTABLE
17400	0.244	1.798	1.898	ESTABLE
15331	0.224	1.637	1.64	ESTABLE
3393	0.242	1.761	1.782	ESTABLE
413	0.249	1.934	1.92	ESTABLE
13337	0.243	1.825	1.761	ESTABLE
1300	0.259	1.939	1.953	ESTABLE
9446	0.229	1.701	1.622	ESTABLE
698	0.261	1.896	1.906	ESTABLE
19377	0.221	1.484	1.644	INESTABLE
19872	0.228	1.633	1.597	ESTABLE
7824	0.252	1.882	1.909	ESTABLE
1934	0.215	1.643	1.582	ESTABLE
5533	0.201	1.437	1.381	ESTABLE
2440	0.214	1.435	1.52	ESTABLE
17989	0.249	1.898	1.876	ESTABLE
8849	0.211	1.507	1.528	ESTABLE
351	0.26	1.96	1.875	ESTABLE
8950	0.199	1.455	1.479	ESTABLE
17351	0.256	1.8	1.878	ESTABLE
12697	0.208	1.498	1.459	ESTABLE
10760	0.265	1.924	2.038	ESTABLE
1404	0.246	1.833	1.88	ESTABLE
13986	0.244	1.777	1.728	ESTABLE
19986	0.231	1.678	1.732	ESTABLE
19801	0.218	1.629	1.523	ESTABLE
3700	0.258	1.942	1.898	ESTABLE
11379	0.241	1.793	1.787	ESTABLE
2531	0.227	1.639	1.548	ESTABLE
18134	0.241	1.815	1.762	ESTABLE
13119	0.243	1.673	1.753	ESTABLE
19937	0.227	1.7	1.635	ESTABLE
7729	0.248	1.843	1.798	ESTABLE
2772	0.226	1.531	1.594	ESTABLE
4693	0.243	1.714	1.839	ESTABLE
4504	0.244	1.734	1.738	ESTABLE
1938	0.212	1.594	1.604	ESTABLE
13793	0.239	1.723	1.824	ESTABLE
17256	0.24	1.718	1.877	INESTABLE
11016	0.251	1.948	1.898	ESTABLE
4150	0.247	1.873	1.883	ESTABLE
2839	0.231	1.631	1.689	ESTABLE
16835	0.234	1.804	1.754	ESTABLE
9927	0.223	1.746	1.635	ESTABLE
1349	0.251	1.874	1.909	ESTABLE
10185	0.238	1.682	1.804	ESTABLE
1166	0.242	1.875	1.898	ESTABLE
10506	0.261	1.854	1.898	ESTABLE
12879	0.22	1.58	1.511	ESTABLE
2140	0.216	1.58	1.46	ESTABLE
19169	0.228	1.612	1.698	ESTABLE
7207	0.265	1.935	1.936	ESTABLE
1894	0.225	1.646	1.608	ESTABLE
2494	0.227	1.609	1.617	ESTABLE
1373	0.262	1.869	1.867	ESTABLE
10811	0.264	2.016	2.031	ESTABLE
3619	0.25	1.863	1.818	ESTABLE
11574	0.234	1.715	1.685	ESTABLE
8215	0.242	1.759	1.747	ESTABLE
6903	0.235	1.695	1.716	ESTABLE
14619	0.245	1.919	1.834	ESTABLE
2818	0.226	1.606	1.74	ESTABLE
13070	0.232	1.687	1.584	ESTABLE
14762	0.24	1.799	1.769	ESTABLE
5776	0.217	1.575	1.442	ESTABLE
6748	0.231	1.652	1.73	ESTABLE
17549	0.25	1.884	1.882	ESTABLE
10951	0.26	1.951	1.994	ESTABLE
12313	0.218	1.612	1.645	ESTABLE
19455	0.205	1.556	1.578	ESTABLE
16795	0.262	1.905	1.887	ESTABLE
6849	0.233	1.692	1.731	ESTABLE
1882	0.214	1.473	1.506	ESTABLE
18900	0.225	1.594	1.599	ESTABLE
12175	0.233	1.564	1.66	ESTABLE
10782	0.25	1.96	1.879	ESTABLE
16718	0.254	1.934	1.827	ESTABLE
17109	0.25	1.841	1.879	ESTABLE
9410	0.217	1.621	1.522	ESTABLE
8303	0.232	1.72	1.701	ESTABLE
4816	0.232	1.789	1.756	ESTABLE
14450	0.255	1.966	1.945	ESTABLE
6494	0.236	1.598	1.727	ESTABLE
19270	0.224	1.583	1.661	ESTABLE
2721	0.222	1.586	1.659	ESTABLE
17500	0.243	1.786	1.858	ESTABLE
4543	0.243	1.765	1.849	ESTABLE
19921	0.224	1.634	1.673	ESTABLE
9320	0.216	1.555	1.504	ESTABLE
14844	0.224	1.778	1.666	ESTABLE
8938	0.208	1.464	1.506	ESTABLE
3746	0.254	1.996	1.946	ESTABLE
17668	0.259	1.862	1.947	ESTABLE
4174	0.248	1.866	1.85	ESTABLE
18170	0.246	1.801	1.811	ESTABLE
19558	0.217	1.482	1.561	ESTABLE
12887	0.223	1.558	1.572	ESTABLE
7478	0.272	2.029	1.974	ESTABLE
11732	0.226	1.615	1.733	ESTABLE
17153	0.255	1.809	1.797	ESTABLE
16801	0.235	1.905	1.847	ESTABLE
14493	0.261	1.855	1.877	ESTABLE
17262	0.248	1.751	1.827	ESTABLE
8520	0.234	1.724	1.786	ESTABLE
560	0.259	1.941	1.842	ESTABLE
18844	0.218	1.553	1.54	ESTABLE
2564	0.223	1.579	1.673	ESTABLE
16323	0.225	1.548	1.538	ESTABLE
7043	0.252	1.847	1.875	ESTABLE
13372	0.238	1.812	1.769	ESTABLE
15665	0.223	1.559	1.638	ESTABLE
5791	0.231	1.596	1.513	ESTABLE
4796	0.241	1.788	1.857	ESTABLE
6651	0.221	1.628	1.699	ESTABLE
12196	0.232	1.551	1.671	ESTABLE
968	0.25	1.842	1.874	ESTABLE
16917	0.248	1.86	1.853	ESTABLE
17408	0.257	1.8	1.898	ESTABLE
4432	0.243	1.797	1.8	ESTABLE
5569	0.207	1.479	1.452	ESTABLE
9874	0.235	1.688	1.706	ESTABLE
6225	0.231	1.73	1.66	ESTABLE
15355	0.233	1.722	1.684	ESTABLE
14363	0.275	1.993	2.022	ESTABLE
12836	0.213	1.51	1.46	ESTABLE
15476	0.229	1.577	1.612	ESTABLE
12755	0.213	1.503	1.439	ESTABLE
3654	0.252	1.881	1.833	ESTABLE
11065	0.255	1.985	1.87	ESTABLE
9553	0.235	1.7	1.691	ESTABLE
15020	0.213	1.669	1.599	ESTABLE
18393	0.226	1.6	1.606	ESTABLE
12084	0.231	1.647	1.709	ESTABLE
14480	0.267	2	1.923	ESTABLE
14609	0.238	1.8	1.776	ESTABLE
11078	0.257	1.916	1.822	ESTABLE
7230	0.256	2.012	1.887	ESTABLE
800	0.242	1.774	1.759	ESTABLE
2747	0.229	1.571	1.701	ESTABLE
9695	0.236	1.647	1.669	ESTABLE
15934	0.209	1.541	1.505	ESTABLE
604	0.243	1.804	1.868	ESTABLE
418	0.245	1.913	1.881	ESTABLE
15662	0.228	1.636	1.624	ESTABLE
3599	0.247	1.784	1.806	ESTABLE
5240	0.227	1.727	1.633	ESTABLE
10332	0.249	1.752	1.82	ESTABLE
14390	0.274	2.05	1.977	ESTABLE
8294	0.229	1.747	1.821	ESTABLE
10085	0.235	1.709	1.764	ESTABLE
561	0.268	1.953	1.904	ESTABLE
17265	0.244	1.787	1.838	ESTABLE
12933	0.215	1.646	1.575	ESTABLE
11789	0.239	1.65	1.641	ESTABLE
17592	0.267	1.888	1.922	ESTABLE
7855	0.243	1.788	1.808	ESTABLE
16057	0.213	1.551	1.551	ESTABLE
14781	0.254	1.81	1.776	ESTABLE
4813	0.249	1.848	1.855	ESTABLE
16899	0.246	1.845	1.866	ESTABLE
10943	0.256	1.977	1.941	ESTABLE
542	0.254	1.926	1.834	ESTABLE
17777	0.27	1.956	1.955	ESTABLE
19633	0.221	1.489	1.427	ESTABLE
8207	0.246	1.662	1.738	ESTABLE
5507	0.22	1.488	1.452	ESTABLE
15827	0.217	1.592	1.577	ESTABLE
14790	0.235	1.772	1.678	ESTABLE
7452	0.262	2.024	1.937	ESTABLE
5551	0.207	1.444	1.425	ESTABLE
9283	0.207	1.573	1.415	INESTABLE
13450	0.239	1.792	1.783	ESTABLE
10213	0.236	1.741	1.651	ESTABLE
14239	0.281	1.967	1.967	ESTABLE
17527	0.247	1.757	1.875	ESTABLE
8524	0.232	1.694	1.707	ESTABLE
8185	0.228	1.724	1.737	ESTABLE
15998	0.208	1.462	1.477	ESTABLE
9554	0.221	1.626	1.615	ESTABLE
10236	0.224	1.596	1.733	ESTABLE
3693	0.276	1.983	1.95	ESTABLE
2723	0.228	1.478	1.678	INESTABLE
3883	0.268	1.971	1.866	ESTABLE
18204	0.234	1.762	1.824	ESTABLE
16031	0.22	1.602	1.529	ESTABLE
10	0.242	1.712	1.75	ESTABLE
10769	0.272	1.955	1.994	ESTABLE
19170	0.226	1.638	1.734	ESTABLE
11345	0.238	1.822	1.8	ESTABLE
1326	0.242	1.811	1.823	ESTABLE
3414	0.24	1.776	1.689	ESTABLE
3961	0.264	2.022	1.932	ESTABLE
7509	0.261	1.994	1.948	ESTABLE
7277	0.253	1.975	1.87	ESTABLE
6749	0.221	1.628	1.619	ESTABLE
4064	0.262	1.942	1.907	ESTABLE
4680	0.241	1.773	1.843	ESTABLE
4893	0.248	1.814	1.795	ESTABLE
9242	0.221	1.593	1.507	ESTABLE
2157	0.214	1.546	1.48	ESTABLE
16585	0.228	1.727	1.77	ESTABLE
11835	0.23	1.679	1.701	ESTABLE
14416	0.268	2.029	1.984	ESTABLE
6443	0.222	1.55	1.684	ESTABLE
6128	0.225	1.611	1.649	ESTABLE
8202	0.237	1.674	1.826	INESTABLE
6841	0.233	1.678	1.673	ESTABLE
10039	0.225	1.735	1.769	ESTABLE
1829	0.228	1.671	1.621	ESTABLE
13769	0.24	1.646	1.753	ESTABLE
17839	0.258	1.917	1.901	ESTABLE
1210	0.251	1.823	1.868	ESTABLE
14945	0.222	1.644	1.533	ESTABLE
9174	0.211	1.47	1.445	ESTABLE
433	0.265	1.936	1.853	ESTABLE
17442	0.257	1.816	1.801	ESTABLE
16958	0.25	1.885	1.813	ESTABLE
8569	0.233	1.648	1.68	ESTABLE
2180	0.211	1.525	1.439	ESTABLE
12758	0.194	1.516	1.467	ESTABLE
19683	0.22	1.527	1.56	ESTABLE
1102	0.242	1.808	1.841	ESTABLE
9391	0.214	1.553	1.555	ESTABLE
13393	0.242	1.746	1.793	ESTABLE
14588	0.257	1.896	1.843	ESTABLE
2975	0.225	1.571	1.626	ESTABLE
3274	0.211	1.529	1.626	ESTABLE
1433	0.253	1.857	1.905	ESTABLE
4710	0.249	1.867	1.863	ESTABLE
1105	0.259	1.805	1.844	ESTABLE
11214	0.253	1.894	1.798	ESTABLE
18824	0.214	1.54	1.496	ESTABLE
13296	0.239	1.812	1.749	ESTABLE
12597	0.211	1.541	1.543	ESTABLE
15453	0.23	1.646	1.766	ESTABLE
10547	0.243	1.806	1.849	ESTABLE
5837	0.222	1.558	1.465	ESTABLE
15396	0.224	1.607	1.679	ESTABLE
161	0.244	1.893	1.807	ESTABLE
19398	0.229	1.526	1.614	ESTABLE
7588	0.259	1.932	1.918	ESTABLE
16424	0.239	1.673	1.59	ESTABLE
912	0.242	1.787	1.835	ESTABLE
14018	0.255	1.833	1.901	ESTABLE
8555	0.239	1.641	1.683	ESTABLE
17546	0.251	1.852	1.91	ESTABLE
16268	0.207	1.496	1.516	ESTABLE
5556	0.216	1.496	1.46	ESTABLE
9228	0.213	1.502	1.4	ESTABLE
5157	0.234	1.708	1.727	ESTABLE
18327	0.235	1.734	1.659	ESTABLE
16579	0.229	1.736	1.652	ESTABLE
16623	0.232	1.825	1.778	ESTABLE
1184	0.251	1.788	1.871	ESTABLE
3035	0.216	1.544	1.62	ESTABLE
11092	0.25	1.884	1.834	ESTABLE
17937	0.247	1.882	1.842	ESTABLE
14281	0.262	1.917	2.007	ESTABLE
594	0.25	1.915	1.824	ESTABLE
8341	0.241	1.82	1.787	ESTABLE
3915	0.26	1.961	1.946	ESTABLE
2697	0.221	1.631	1.732	ESTABLE
6403	0.227	1.57	1.563	ESTABLE
9532	0.228	1.651	1.603	ESTABLE
17813	0.263	1.933	1.973	ESTABLE
15373	0.246	1.68	1.767	ESTABLE
9584	0.237	1.75	1.69	ESTABLE
9507	0.217	1.694	1.498	INESTABLE
14104	0.243	1.868	1.824	ESTABLE
11778	0.247	1.663	1.713	ESTABLE
152	0.241	1.808	1.821	ESTABLE
3318	0.225	1.579	1.674	ESTABLE
12036	0.232	1.622	1.632	ESTABLE
19916	0.231	1.694	1.676	ESTABLE
13756	0.237	1.735	1.773	ESTABLE
19101	0.23	1.579	1.602	ESTABLE
11234	0.248	1.852	1.756	ESTABLE
18910	0.226	1.67	1.574	ESTABLE
10556	0.252	1.761	1.881	ESTABLE
8448	0.253	1.708	1.741	ESTABLE
14192	0.261	1.955	1.91	ESTABLE
6276	0.217	1.556	1.645	ESTABLE
14759	0.248	1.794	1.788	ESTABLE
16329	0.218	1.544	1.534	ESTABLE
17517	0.229	1.722	1.87	ESTABLE
868	0.257	1.869	1.86	ESTABLE
12484	0.204	1.414	1.385	ESTABLE
8435	0.248	1.727	1.798	ESTABLE
18645	0.215	1.579	1.5	ESTABLE
12649	0.21	1.485	1.465	ESTABLE
5431	0.225	1.625	1.629	ESTABLE
17903	0.256	1.879	1.928	ESTABLE
12830	0.206	1.607	1.474	ESTABLE
2311	0.221	1.551	1.506	ESTABLE
11220	0.239	1.927	1.769	INESTABLE
16913	0.23	1.825	1.728	ESTABLE
5711	0.215	1.57	1.5	ESTABLE
11008	0.265	2.007	1.906	ESTABLE
19591	0.214	1.555	1.578	ESTABLE
1226	0.258	1.9	1.934	ESTABLE
17918	0.252	1.858	1.875	ESTABLE
5727	0.216	1.543	1.494	ESTABLE
18826	0.214	1.617	1.594	ESTABLE
7711	0.245	1.844	1.815	ESTABLE
13193	0.247	1.826	1.766	ESTABLE
18832	0.212	1.583	1.612	ESTABLE
1116	0.26	1.903	1.85	ESTABLE
10589	0.246	1.911	1.847	ESTABLE
9525	0.204	1.577	1.537	ESTABLE
2801	0.221	1.562	1.626	ESTABLE
15109	0.223	1.586	1.618	ESTABLE
12811	0.214	1.547	1.506	ESTABLE
18037	0.239	1.774	1.826	ESTABLE
3884	0.257	2.041	1.941	ESTABLE
18736	0.209	1.594	1.581	ESTABLE
18156	0.239	1.781	1.818	ESTABLE
10632	0.261	1.889	1.893	ESTABLE
6273	0.23	1.632	1.753	ESTABLE
8848	0.216	1.463	1.483	ESTABLE
14344	0.266	2.022	2.049	ESTABLE
6083	0.228	1.611	1.591	ESTABLE
6532	0.246	1.682	1.778	ESTABLE
15539	0.233	1.665	1.646	ESTABLE
67	0.236	1.788	1.684	ESTABLE
15772	0.221	1.576	1.595	ESTABLE
3056	0.218	1.562	1.686	ESTABLE
17748	0.254	1.921	1.991	ESTABLE
17139	0.246	1.805	1.868	ESTABLE
74	0.235	1.786	1.657	ESTABLE
13539	0.248	1.827	1.887	ESTABLE
6310	0.231	1.7	1.677	ESTABLE
11614	0.22	1.551	1.611	ESTABLE
6381	0.223	1.672	1.725	ESTABLE
9180	0.192	1.473	1.362	ESTABLE
17441	0.253	1.842	1.877	ESTABLE
15049	0.225	1.649	1.6	ESTABLE
2413	0.229	1.551	1.576	ESTABLE
9319	0.196	1.438	1.458	ESTABLE
1290	0.258	1.863	1.897	ESTABLE
19667	0.216	1.596	1.553	ESTABLE
2507	0.232	1.617	1.63	ESTABLE
16111	0.23	1.581	1.517	ESTABLE
16555	0.24	1.75	1.697	ESTABLE
19609	0.219	1.486	1.588	ESTABLE
7183	0.266	1.977	1.889	ESTABLE
18420	0.23	1.715	1.631	ESTABLE
19167	0.239	1.651	1.671	ESTABLE
16021	0.222	1.525	1.509	ESTABLE
11929	0.235	1.723	1.75	ESTABLE
3002	0.216	1.548	1.659	ESTABLE
7135	0.257	1.913	1.922	ESTABLE
15153	0.24	1.658	1.697	ESTABLE
339	0.249	1.94	1.889	ESTABLE
4365	0.249	1.771	1.785	ESTABLE
6030	0.236	1.728	1.631	ESTABLE
5503	0.2	1.47	1.387	ESTABLE
4984	0.254	1.782	1.807	ESTABLE
3230	0.226	1.52	1.628	ESTABLE
15386	0.234	1.662	1.745	ESTABLE
683	0.255	1.888	1.808	ESTABLE
6142	0.228	1.637	1.608	ESTABLE
5070	0.256	1.811	1.868	ESTABLE
19222	0.216	1.551	1.624	ESTABLE
2089	0.218	1.546	1.417	ESTABLE
16883	0.257	1.922	1.912	ESTABLE
17103	0.239	1.798	1.773	ESTABLE
15209	0.226	1.653	1.604	ESTABLE
8891	0.23	1.614	1.578	ESTABLE
19411	0.219	1.499	1.575	ESTABLE
4692	0.255	1.756	1.789	ESTABLE
2692	0.234	1.612	1.672	ESTABLE
19488	0.224	1.523	1.577	ESTABLE
4568	0.233	1.74	1.816	ESTABLE
4071	0.247	1.968	1.907	ESTABLE
15254	0.233	1.644	1.627	ESTABLE
19766	0.208	1.533	1.562	ESTABLE
19882	0.219	1.616	1.595	ESTABLE
7690	0.244	1.872	1.767	ESTABLE
14500	0.256	1.917	1.88	ESTABLE
15775	0.219	1.597	1.621	ESTABLE
5220	0.235	1.696	1.752	ESTABLE
2629	0.222	1.618	1.646	ESTABLE
5674	0.201	1.45	1.43	ESTABLE
13322	0.237	1.813	1.764	ESTABLE
9419	0.212	1.65	1.546	ESTABLE
6470	0.228	1.547	1.7	INESTABLE
14953	0.22	1.684	1.665	ESTABLE
10670	0.264	1.963	1.902	ESTABLE
10299	0.239	1.687	1.727	ESTABLE
8671	0.239	1.652	1.755	ESTABLE
1500	0.25	1.793	1.808	ESTABLE
8750	0.233	1.654	1.643	ESTABLE
15349	0.23	1.665	1.635	ESTABLE
15300	0.223	1.641	1.685	ESTABLE
9850	0.242	1.71	1.766	ESTABLE
18303	0.244	1.776	1.743	ESTABLE
4539	0.239	1.717	1.75	ESTABLE
14083	0.25	1.879	1.923	ESTABLE
9560	0.22	1.712	1.616	ESTABLE
12788	0.199	1.444	1.431	ESTABLE
1380	0.249	1.884	1.851	ESTABLE
13236	0.247	1.819	1.795	ESTABLE
13525	0.233	1.766	1.71	ESTABLE
19313	0.216	1.527	1.595	ESTABLE
19929	0.233	1.675	1.685	ESTABLE
6164	0.252	1.768	1.659	ESTABLE
17865	0.255	1.913	1.908	ESTABLE
8059	0.244	1.799	1.748	ESTABLE
4997	0.241	1.765	1.841	ESTABLE
2753	0.224	1.658	1.648	ESTABLE
14372	0.265	1.943	1.885	ESTABLE
9247	0.22	1.556	1.503	ESTABLE
11083	0.264	1.995	1.947	ESTABLE
6808	0.241	1.744	1.695	ESTABLE
10665	0.258	1.912	1.931	ESTABLE
16182	0.201	1.479	1.414	ESTABLE
2621	0.218	1.584	1.579	ESTABLE
18695	0.225	1.575	1.558	ESTABLE
759	0.244	1.847	1.847	ESTABLE
2679	0.224	1.613	1.649	ESTABLE
9937	0.232	1.669	1.737	ESTABLE
11122	0.265	1.981	1.877	ESTABLE
2414	0.23	1.677	1.577	ESTABLE
18108	0.246	1.914	1.822	ESTABLE
9335	0.219	1.519	1.512	ESTABLE
2786	0.221	1.555	1.674	ESTABLE
19227	0.233	1.595	1.66	ESTABLE
13887	0.246	1.767	1.798	ESTABLE
19052	0.224	1.606	1.652	ESTABLE
1091	0.257	1.933	1.92	ESTABLE
4172	0.245	1.912	1.871	ESTABLE
3741	0.247	1.948	1.86	ESTABLE
497	0.25	1.879	1.882	ESTABLE
167	0.246	1.91	1.859	ESTABLE
2703	0.225	1.628	1.656	ESTABLE
5900	0.223	1.55	1.59	ESTABLE
14649	0.249	1.92	1.794	ESTABLE
8866	0.221	1.633	1.594	ESTABLE
10422	0.24	1.754	1.819	ESTABLE
8823	0.223	1.598	1.597	ESTABLE
13418	0.244	1.879	1.818	ESTABLE
19697	0.211	1.496	1.501	ESTABLE
13045	0.229	1.728	1.615	ESTABLE
16324	0.225	1.616	1.56	ESTABLE
1569	0.228	1.823	1.79	ESTABLE
2389	0.212	1.612	1.536	ESTABLE
18290	0.24	1.754	1.745	ESTABLE
9215	0.199	1.446	1.42	ESTABLE
219	0.249	1.844	1.817	ESTABLE
3037	0.215	1.528	1.612	ESTABLE
2473	0.214	1.593	1.516	ESTABLE
17156	0.244	1.861	1.814	ESTABLE
17234	0.244	1.77	1.807	ESTABLE
10426	0.232	1.705	1.76	ESTABLE
1740	0.236	1.705	1.677	ESTABLE
5408	0.22	1.618	1.531	ESTABLE
13406	0.253	1.776	1.823	ESTABLE
13533	0.235	1.791	1.771	ESTABLE
9644	0.227	1.65	1.621	ESTABLE
8624	0.242	1.695	1.734	ESTABLE
12272	0.228	1.548	1.616	ESTABLE
19241	0.222	1.551	1.666	ESTABLE
12480	0.217	1.501	1.551	ESTABLE
10266	0.244	1.722	1.801	ESTABLE
1551	0.263	1.827	1.977	ESTABLE
8163	0.243	1.75	1.741	ESTABLE
16773	0.252	1.858	1.821	ESTABLE
678	0.248	1.905	1.835	ESTABLE
18877	0.225	1.594	1.62	ESTABLE
13860	0.247	1.751	1.806	ESTABLE
17177	0.249	1.759	1.821	ESTABLE
6939	0.243	1.74	1.736	ESTABLE
2781	0.227	1.609	1.662	ESTABLE
11638	0.224	1.675	1.662	ESTABLE
4104	0.249	1.907	1.888	ESTABLE
13035	0.228	1.703	1.624	ESTABLE
9565	0.229	1.647	1.7	ESTABLE
960	0.245	1.795	1.912	ESTABLE
7927	0.247	1.742	1.746	ESTABLE
1096	0.249	1.884	1.808	ESTABLE
19186	0.215	1.537	1.55	ESTABLE
544	0.257	1.957	1.848	ESTABLE
16004	0.209	1.421	1.46	ESTABLE
2056	0.21	1.492	1.461	ESTABLE
11327	0.233	1.873	1.762	ESTABLE
6154	0.226	1.682	1.615	ESTABLE
15070	0.236	1.681	1.652	ESTABLE
2559	0.235	1.672	1.67	ESTABLE
7536	0.258	1.936	1.859	ESTABLE
19152	0.228	1.544	1.624	ESTABLE
2241	0.214	1.578	1.534	ESTABLE
10115	0.221	1.607	1.703	ESTABLE
13005	0.215	1.565	1.606	ESTABLE
19782	0.243	1.598	1.584	ESTABLE
17849	0.249	1.897	1.919	ESTABLE
1730	0.243	1.751	1.716	ESTABLE
17736	0.252	1.83	1.917	ESTABLE
9773	0.235	1.723	1.756	ESTABLE
17707	0.264	1.922	2.009	ESTABLE
6432	0.23	1.628	1.702	ESTABLE
13787	0.241	1.761	1.775	ESTABLE
9459	0.213	1.532	1.517	ESTABLE
16248	0.211	1.533	1.521	ESTABLE
8916	0.225	1.534	1.525	ESTABLE
5373	0.222	1.574	1.482	ESTABLE
7194	0.256	2.004	1.883	ESTABLE
295	0.265	1.931	1.92	ESTABLE
548	0.246	1.897	1.838	ESTABLE
901	0.251	1.844	1.884	ESTABLE
2177	0.229	1.598	1.591	ESTABLE
18704	0.223	1.598	1.559	ESTABLE
12400	0.217	1.468	1.554	ESTABLE
4837	0.255	1.832	1.92	ESTABLE
11740	0.238	1.771	1.745	ESTABLE
4937	0.258	1.802	1.825	ESTABLE
15227	0.235	1.657	1.604	ESTABLE
6385	0.228	1.638	1.643	ESTABLE
1440	0.25	1.865	1.861	ESTABLE
15979	0.219	1.53	1.532	ESTABLE
1800	0.218	1.616	1.648	ESTABLE
2538	0.219	1.618	1.654	ESTABLE
7620	0.264	1.913	1.918	ESTABLE
11644	0.224	1.734	1.641	ESTABLE
15050	0.231	1.66	1.549	ESTABLE
4612	0.255	1.807	1.904	ESTABLE
8123	0.241	1.816	1.812	ESTABLE
10599	0.248	1.861	1.83	ESTABLE
16505	0.231	1.727	1.617	ESTABLE
16300	0.223	1.571	1.531	ESTABLE
5749	0.215	1.57	1.459	ESTABLE
11831	0.23	1.654	1.667	ESTABLE
4715	0.233	1.687	1.788	ESTABLE
7580	0.261	1.949	1.933	ESTABLE
6414	0.237	1.653	1.78	ESTABLE
9667	0.234	1.711	1.714	ESTABLE
13217	0.245	1.779	1.745	ESTABLE
2187	0.212	1.529	1.495	ESTABLE
1472	0.255	1.855	1.877	ESTABLE
10558	0.255	1.829	1.904	ESTABLE
4476	0.252	1.767	1.819	ESTABLE
5458	0.219	1.475	1.497	ESTABLE
16064	0.209	1.457	1.456	ESTABLE
14660	0.253	1.8	1.799	ESTABLE
10736	0.264	1.999	1.909	ESTABLE
3723	0.263	1.982	1.926	ESTABLE
3601	0.254	1.885	1.915	ESTABLE
16144	0.214	1.444	1.45	ESTABLE
10891	0.26	2.016	1.946	ESTABLE
17593	0.245	1.77	1.811	ESTABLE
14819	0.245	1.77	1.692	ESTABLE
8246	0.215	1.717	1.775	ESTABLE
14577	0.252	1.912	1.891	ESTABLE
14830	0.225	1.664	1.618	ESTABLE
3706	0.247	1.965	1.901	ESTABLE
11719	0.24	1.659	1.761	ESTABLE
18985	0.22	1.551	1.624	ESTABLE
7447	0.247	1.925	1.839	ESTABLE
11798	0.232	1.623	1.703	ESTABLE
5647	0.199	1.438	1.447	ESTABLE
12547	0.211	1.488	1.496	ESTABLE
3975	0.259	1.995	1.961	ESTABLE
19099	0.23	1.608	1.687	ESTABLE
11791	0.234	1.652	1.651	ESTABLE
17816	0.259	1.929	1.974	ESTABLE
10785	0.26	2.028	1.928	ESTABLE
4670	0.234	1.784	1.797	ESTABLE
7575	0.251	1.981	1.853	ESTABLE
8285	0.241	1.762	1.784	ESTABLE
16292	0.213	1.52	1.601	ESTABLE
11904	0.248	1.665	1.737	ESTABLE
16843	0.259	1.943	1.86	ESTABLE
18994	0.216	1.575	1.599	ESTABLE
4247	0.26	1.852	1.929	ESTABLE
8563	0.242	1.632	1.735	ESTABLE
2665	0.222	1.559	1.602	ESTABLE
3878	0.269	1.975	1.952	ESTABLE
5769	0.217	1.538	1.475	ESTABLE
17743	0.258	2.014	1.976	ESTABLE
7139	0.255	1.874	1.84	ESTABLE
16462	0.229	1.691	1.696	ESTABLE
7072	0.255	1.869	1.833	ESTABLE
14667	0.248	1.861	1.782	ESTABLE
13516	0.251	1.828	1.821	ESTABLE
5420	0.212	1.567	1.507	ESTABLE
9224	0.222	1.506	1.49	ESTABLE
5029	0.241	1.706	1.787	ESTABLE
6556	0.235	1.613	1.645	ESTABLE
5742	0.21	1.452	1.479	ESTABLE
19166	0.239	1.604	1.686	ESTABLE
11979	0.238	1.661	1.755	ESTABLE
13512	0.231	1.698	1.806	ESTABLE
10025	0.24	1.738	1.776	ESTABLE
18048	0.258	1.855	1.894	ESTABLE
6594	0.238	1.584	1.719	ESTABLE
12431	0.226	1.508	1.562	ESTABLE
7391	0.259	1.982	1.916	ESTABLE
8313	0.241	1.678	1.798	ESTABLE
10819	0.266	2.068	1.959	ESTABLE
10939	0.265	1.955	1.918	ESTABLE
16921	0.253	1.841	1.811	ESTABLE
15119	0.231	1.692	1.674	ESTABLE
7639	0.254	1.968	1.888	ESTABLE
2489	0.221	1.587	1.589	ESTABLE
3258	0.225	1.589	1.565	ESTABLE
18532	0.228	1.658	1.569	ESTABLE
16068	0.216	1.491	1.596	ESTABLE
4116	0.252	1.908	1.902	ESTABLE
15417	0.225	1.573	1.662	ESTABLE
15230	0.218	1.623	1.664	ESTABLE
2542	0.219	1.581	1.609	ESTABLE
5091	0.234	1.725	1.754	ESTABLE
8556	0.231	1.69	1.736	ESTABLE
10179	0.232	1.68	1.665	ESTABLE
8467	0.237	1.723	1.754	ESTABLE
14955	0.224	1.611	1.655	ESTABLE
4101	0.262	1.981	1.919	ESTABLE
11404	0.233	1.736	1.685	ESTABLE
17522	0.256	1.794	1.879	ESTABLE
17867	0.267	1.996	2.009	ESTABLE
5648	0.212	1.474	1.475	ESTABLE
10053	0.237	1.673	1.74	ESTABLE
4630	0.235	1.756	1.786	ESTABLE
16615	0.238	1.798	1.719	ESTABLE
15339	0.222	1.57	1.618	ESTABLE
1004	0.263	1.787	1.954	INESTABLE
11795	0.232	1.625	1.755	ESTABLE
8717	0.232	1.593	1.676	ESTABLE
5239	0.214	1.581	1.586	ESTABLE
2443	0.227	1.602	1.584	ESTABLE
8951	0.206	1.52	1.435	ESTABLE
12596	0.209	1.52	1.458	ESTABLE
1501	0.239	1.859	1.806	ESTABLE
18672	0.224	1.551	1.495	ESTABLE
8497	0.25	1.738	1.779	ESTABLE
16193	0.213	1.483	1.463	ESTABLE
509	0.264	1.977	1.93	ESTABLE
5683	0.215	1.513	1.454	ESTABLE
12626	0.205	1.5	1.487	ESTABLE
17484	0.241	1.844	1.841	ESTABLE
11624	0.223	1.662	1.687	ESTABLE
5101	0.248	1.772	1.754	ESTABLE
12024	0.222	1.599	1.694	ESTABLE
14735	0.239	1.757	1.77	ESTABLE
7159	0.252	1.889	1.874	ESTABLE
12040	0.237	1.651	1.701	ESTABLE
4333	0.241	1.793	1.747	ESTABLE
19331	0.217	1.519	1.536	ESTABLE
12687	0.206	1.51	1.45	ESTABLE
8529	0.244	1.748	1.797	ESTABLE
1860	0.226	1.642	1.583	ESTABLE
19924	0.218	1.69	1.584	ESTABLE
10853	0.257	1.991	1.963	ESTABLE
807	0.246	1.901	1.836	ESTABLE
9432	0.208	1.536	1.528	ESTABLE
2681	0.226	1.618	1.602	ESTABLE
16791	0.241	1.845	1.824	ESTABLE
4736	0.251	1.8	1.857	ESTABLE
3814	0.269	1.966	2.039	ESTABLE
10064	0.238	1.74	1.826	ESTABLE
16479	0.233	1.648	1.718	ESTABLE
12277	0.224	1.612	1.641	ESTABLE
18	0.231	1.756	1.694	ESTABLE
10049	0.221	1.678	1.689	ESTABLE
4879	0.249	1.781	1.81	ESTABLE
19145	0.237	1.604	1.68	ESTABLE
14290	0.266	1.967	1.978	ESTABLE
9360	0.23	1.624	1.505	ESTABLE
10219	0.23	1.671	1.758	ESTABLE
8406	0.229	1.666	1.73	ESTABLE
13614	0.235	1.773	1.841	ESTABLE
8611	0.229	1.616	1.708	ESTABLE
12244	0.227	1.617	1.698	ESTABLE
15553	0.22	1.606	1.612	ESTABLE
17446	0.248	1.813	1.862	ESTABLE
10335	0.229	1.67	1.714	ESTABLE
16784	0.231	1.766	1.804	ESTABLE
6196	0.224	1.654	1.647	ESTABLE
15938	0.205	1.521	1.551	ESTABLE
6334	0.233	1.638	1.589	ESTABLE
17647	0.246	1.833	1.931	ESTABLE
13575	0.238	1.722	1.787	ESTABLE
12870	0.207	1.547	1.535	ESTABLE
13798	0.243	1.791	1.769	ESTABLE
15198	0.217	1.576	1.642	ESTABLE
5278	0.224	1.691	1.658	ESTABLE
8026	0.232	1.712	1.79	ESTABLE
361	0.266	2.006	1.915	ESTABLE
5983	0.207	1.618	1.528	ESTABLE
5215	0.232	1.634	1.661	ESTABLE
19971	0.226	1.736	1.649	ESTABLE
11656	0.214	1.627	1.643	ESTABLE
19056	0.213	1.545	1.61	ESTABLE
18857	0.23	1.626	1.576	ESTABLE
8576	0.222	1.634	1.617	ESTABLE
3168	0.225	1.6	1.692	ESTABLE
17639	0.255	1.866	1.921	ESTABLE
18799	0.209	1.531	1.536	ESTABLE
470	0.253	1.865	1.849	ESTABLE
11235	0.259	1.822	1.784	ESTABLE
4379	0.241	1.852	1.795	ESTABLE
5462	0.217	1.523	1.515	ESTABLE
3333	0.228	1.637	1.709	ESTABLE
12140	0.219	1.603	1.668	ESTABLE
12005	0.218	1.525	1.619	ESTABLE
13502	0.248	1.846	1.819	ESTABLE
3702	0.256	1.973	1.92	ESTABLE
18059	0.248	1.843	1.832	ESTABLE
9843	0.239	1.737	1.752	ESTABLE
14053	0.26	1.787	1.94	INESTABLE
10677	0.249	1.966	1.96	ESTABLE
1556	0.245	1.83	1.779	ESTABLE
15953	0.211	1.534	1.479	ESTABLE
11095	0.265	1.96	1.89	ESTABLE
2571	0.228	1.559	1.585	ESTABLE
6355	0.23	1.593	1.651	ESTABLE
14364	0.256	1.956	2.01	ESTABLE
16134	0.219	1.445	1.458	ESTABLE
5670	0.204	1.549	1.492	ESTABLE
17046	0.254	1.938	1.82	ESTABLE
6524	0.225	1.597	1.638	ESTABLE
10528	0.25	1.85	1.841	ESTABLE
7930	0.246	1.752	1.694	ESTABLE
1650	0.24	1.823	1.808	ESTABLE
9048	0.217	1.561	1.424	ESTABLE
8047	0.24	1.743	1.725	ESTABLE
18348	0.233	1.62	1.6	ESTABLE
10359	0.236	1.739	1.762	ESTABLE
19050	0.225	1.595	1.622	ESTABLE
10649	0.243	1.863	1.812	ESTABLE
15247	0.231	1.597	1.601	ESTABLE
5644	0.207	1.495	1.367	ESTABLE
6300	0.23	1.687	1.669	ESTABLE
5671	0.214	1.493	1.439	ESTABLE
10793	0.253	1.999	1.993	ESTABLE
2495	0.22	1.533	1.559	ESTABLE
6539	0.231	1.621	1.635	ESTABLE
13475	0.239	1.779	1.761	ESTABLE
5268	0.232	1.668	1.683	ESTABLE
4794	0.25	1.767	1.847	ESTABLE
19954	0.235	1.613	1.641	ESTABLE
14498	0.261	2.016	1.982	ESTABLE
3912	0.265	1.982	1.942	ESTABLE
17166	0.243	1.847	1.8	ESTABLE
781	0.245	1.848	1.778	ESTABLE
737	0.248	1.884	1.856	ESTABLE
18477	0.218	1.652	1.508	ESTABLE
7920	0.244	1.777	1.793	ESTABLE
10216	0.234	1.688	1.823	ESTABLE
18275	0.235	1.732	1.701	ESTABLE
14842	0.236	1.787	1.693	ESTABLE
18143	0.236	1.835	1.833	ESTABLE
16837	0.249	1.869	1.828	ESTABLE
15535	0.232	1.642	1.683	ESTABLE
14103	0.26	1.883	2.012	ESTABLE
15843	0.213	1.507	1.556	ESTABLE
15244	0.225	1.654	1.664	ESTABLE
3332	0.222	1.627	1.698	ESTABLE
5611	0.205	1.45	1.436	ESTABLE
17202	0.246	1.767	1.807	ESTABLE
18557	0.22	1.571	1.543	ESTABLE
510	0.251	1.91	1.858	ESTABLE
17576	0.246	1.89	1.909	ESTABLE
8299	0.241	1.727	1.796	ESTABLE
10933	0.262	2.017	2.005	ESTABLE
4730	0.241	1.748	1.838	ESTABLE
4888	0.244	1.774	1.82	ESTABLE
15710	0.237	1.621	1.662	ESTABLE
4854	0.243	1.824	1.786	ESTABLE
11832	0.236	1.591	1.659	ESTABLE
774	0.24	1.824	1.859	ESTABLE
2821	0.221	1.595	1.592	ESTABLE
17595	0.25	1.89	1.852	ESTABLE
19813	0.229	1.59	1.58	ESTABLE
6266	0.226	1.683	1.698	ESTABLE
2061	0.212	1.548	1.475	ESTABLE
14808	0.232	1.837	1.688	ESTABLE
906	0.258	1.818	1.808	ESTABLE
14991	0.232	1.623	1.581	ESTABLE
11993	0.226	1.6	1.701	ESTABLE
17776	0.261	1.956	1.939	ESTABLE
12519	0.212	1.49	1.521	ESTABLE
3396	0.238	1.653	1.7	ESTABLE
2941	0.233	1.567	1.705	ESTABLE
10498	0.249	1.837	1.834	ESTABLE
13576	0.247	1.831	1.856	ESTABLE
17828	0.245	1.844	1.882	ESTABLE
4237	0.258	1.911	1.874	ESTABLE
17943	0.246	1.913	1.906	ESTABLE
16304	0.215	1.597	1.507	ESTABLE
15413	0.225	1.595	1.557	ESTABLE
18215	0.237	1.794	1.739	ESTABLE
18080	0.241	1.839	1.842	ESTABLE
14389	0.279	2.008	2.007	ESTABLE
14001	0.252	1.872	1.906	ESTABLE
3457	0.237	1.737	1.717	ESTABLE
12483	0.209	1.445	1.48	ESTABLE
3687	0.248	1.96	1.835	ESTABLE
14326	0.262	1.928	1.973	ESTABLE
9705	0.23	1.692	1.734	ESTABLE
4850	0.242	1.809	1.828	ESTABLE
206	0.24	1.858	1.804	ESTABLE
8910	0.221	1.475	1.478	ESTABLE
11066	0.25	1.91	1.895	ESTABLE
15519	0.231	1.618	1.643	ESTABLE
11593	0.223	1.67	1.657	ESTABLE
6322	0.227	1.598	1.678	ESTABLE
5895	0.215	1.54	1.517	ESTABLE
17479	0.255	1.781	1.857	ESTABLE
3041	0.226	1.551	1.67	ESTABLE
4140	0.249	1.851	1.874	ESTABLE
9094	0.213	1.492	1.413	ESTABLE
14791	0.249	1.834	1.711	ESTABLE
13606	0.239	1.647	1.791	ESTABLE
11679	0.236	1.643	1.718	ESTABLE
4754	0.247	1.772	1.842	ESTABLE
13363	0.233	1.848	1.72	ESTABLE
17980	0.275	1.98	1.893	ESTABLE
8403	0.243	1.744	1.806	ESTABLE
6397	0.233	1.694	1.677	ESTABLE
7695	0.239	1.895	1.8	ESTABLE
453	0.25	1.888	1.902	ESTABLE
2983	0.242	1.624	1.692	ESTABLE
15411	0.232	1.664	1.699	ESTABLE
10915	0.255	1.984	2.019	ESTABLE
5971	0.214	1.587	1.473	ESTABLE
19612	0.219	1.486	1.544	ESTABLE
6341	0.234	1.695	1.688	ESTABLE
12157	0.221	1.573	1.65	ESTABLE
5146	0.232	1.739	1.739	ESTABLE
11965	0.229	1.604	1.713	ESTABLE
4326	0.243	1.818	1.735	ESTABLE
13762	0.245	1.752	1.808	ESTABLE
4549	0.245	1.767	1.772	ESTABLE
1990	0.208	1.558	1.526	ESTABLE
417	0.255	1.924	1.841	ESTABLE
17505	0.244	1.816	1.896	ESTABLE
19834	0.23	1.622	1.548	ESTABLE
451	0.247	1.932	1.855	ESTABLE
18891	0.219	1.604	1.621	ESTABLE
10973	0.257	1.97	1.927	ESTABLE
15679	0.227	1.586	1.65	ESTABLE
19083	0.221	1.631	1.642	ESTABLE
18285	0.228	1.798	1.65	ESTABLE
485	0.259	1.908	1.925	ESTABLE
8657	0.242	1.731	1.74	ESTABLE
11452	0.234	1.757	1.679	ESTABLE
3404	0.235	1.657	1.662	ESTABLE
15758	0.228	1.557	1.633	ESTABLE
11435	0.246	1.714	1.724	ESTABLE
4382	0.252	1.737	1.878	ESTABLE
17041	0.26	1.864	1.878	ESTABLE
13603	0.24	1.799	1.809	ESTABLE
6737	0.228	1.632	1.742	ESTABLE
15266	0.226	1.616	1.55	ESTABLE
19787	0.238	1.6	1.599	ESTABLE
12862	0.22	1.512	1.505	ESTABLE
1279	0.246	1.773	1.859	ESTABLE
7923	0.226	1.795	1.778	ESTABLE
7361	0.25	1.918	1.897	ESTABLE
21	0.237	1.758	1.685	ESTABLE
18186	0.24	1.83	1.777	ESTABLE
7210	0.271	1.933	1.974	ESTABLE
9484	0.22	1.635	1.637	ESTABLE
14987	0.235	1.693	1.656	ESTABLE
420	0.247	1.941	1.841	ESTABLE
19048	0.228	1.628	1.57	ESTABLE
14850	0.239	1.765	1.683	ESTABLE
17540	0.246	1.824	1.885	ESTABLE
5498	0.22	1.525	1.485	ESTABLE
2223	0.222	1.557	1.479	ESTABLE
5872	0.215	1.504	1.457	ESTABLE
17844	0.258	1.929	1.932	ESTABLE
16972	0.251	1.831	1.826	ESTABLE
19794	0.227	1.619	1.613	ESTABLE
7042	0.249	1.761	1.829	ESTABLE
19789	0.212	1.582	1.64	ESTABLE
6134	0.218	1.621	1.558	ESTABLE
1559	0.258	1.869	1.826	ESTABLE
14799	0.231	1.672	1.697	ESTABLE
3853	0.257	1.988	1.989	ESTABLE
287	0.271	1.982	1.915	ESTABLE
2456	0.207	1.599	1.511	ESTABLE
17950	0.262	1.949	1.927	ESTABLE
13547	0.237	1.822	1.777	ESTABLE
11133	0.255	1.929	1.893	ESTABLE
11191	0.255	1.927	1.837	ESTABLE
17626	0.239	1.825	1.899	ESTABLE
9995	0.23	1.784	1.706	ESTABLE
9528	0.218	1.643	1.547	ESTABLE
17115	0.245	1.864	1.819	ESTABLE
19321	0.218	1.488	1.628	ESTABLE
7464	0.261	2.022	1.923	ESTABLE
3844	0.264	1.978	1.919	ESTABLE
16262	0.228	1.54	1.519	ESTABLE
8219	0.24	1.669	1.748	ESTABLE
17542	0.255	1.783	1.883	ESTABLE
13832	0.247	1.744	1.84	ESTABLE
4823	0.251	1.753	1.942	INESTABLE
13676	0.231	1.772	1.76	ESTABLE
11720	0.24	1.685	1.685	ESTABLE
11422	0.238	1.74	1.728	ESTABLE
9026	0.219	1.506	1.439	ESTABLE
12257	0.224	1.547	1.662	ESTABLE
16630	0.241	1.782	1.744	ESTABLE
5236	0.233	1.711	1.677	ESTABLE
4988	0.236	1.764	1.818	ESTABLE
6666	0.238	1.56	1.665	ESTABLE
15031	0.226	1.662	1.634	ESTABLE
3876	0.27	2.105	1.966	ESTABLE
10734	0.255	1.932	1.937	ESTABLE
4162	0.252	1.939	1.857	ESTABLE
9912	0.249	1.751	1.73	ESTABLE
5672	0.206	1.507	1.439	ESTABLE
10623	0.258	1.962	1.971	ESTABLE
1699	0.235	1.701	1.674	ESTABLE
1625	0.243	1.734	1.747	ESTABLE
18274	0.236	1.745	1.716	ESTABLE
2240	0.221	1.538	1.477	ESTABLE
1164	0.254	1.8	1.929	ESTABLE
12412	0.223	1.602	1.585	ESTABLE
18208	0.249	1.764	1.766	ESTABLE
18937	0.218	1.577	1.53	ESTABLE
803	0.25	1.787	1.84	ESTABLE
5163	0.231	1.698	1.719	ESTABLE
1957	0.224	1.616	1.567	ESTABLE
19912	0.234	1.647	1.623	ESTABLE
17216	0.245	1.833	1.773	ESTABLE
1822	0.232	1.699	1.605	ESTABLE
10550	0.253	1.891	1.939	ESTABLE
3959	0.264	2.005	1.928	ESTABLE
9944	0.225	1.667	1.699	ESTABLE
5933	0.224	1.628	1.563	ESTABLE
6313	0.227	1.674	1.691	ESTABLE
15204	0.227	1.629	1.677	ESTABLE
9639	0.24	1.755	1.679	ESTABLE
10812	0.26	1.932	1.937	ESTABLE
8168	0.233	1.742	1.751	ESTABLE
2973	0.224	1.575	1.587	ESTABLE
13919	0.25	1.782	1.835	ESTABLE
7063	0.258	1.848	1.94	ESTABLE
1192	0.257	1.883	1.9	ESTABLE
16414	0.23	1.663	1.592	ESTABLE
3528	0.248	1.833	1.706	ESTABLE
18008	0.264	1.927	1.959	ESTABLE
1705	0.231	1.743	1.727	ESTABLE
7612	0.259	1.936	1.965	ESTABLE
8297	0.235	1.725	1.802	ESTABLE
15929	0.213	1.465	1.539	ESTABLE
9157	0.215	1.474	1.487	ESTABLE
17187	0.229	1.771	1.82	ESTABLE
15471	0.22	1.583	1.642	ESTABLE
6880	0.228	1.708	1.682	ESTABLE
6150	0.229	1.625	1.643	ESTABLE
3236	0.222	1.652	1.644	ESTABLE
18720	0.221	1.606	1.657	ESTABLE
11492	0.249	1.752	1.681	ESTABLE
15505	0.211	1.535	1.605	ESTABLE
1372	0.255	1.836	1.979	ESTABLE
869	0.238	1.862	1.866	ESTABLE
1225	0.249	1.806	1.869	ESTABLE
8954	0.217	1.546	1.526	ESTABLE
15259	0.222	1.587	1.595	ESTABLE
13555	0.258	1.817	1.831	ESTABLE
9098	0.2	1.464	1.432	ESTABLE
15996	0.211	1.434	1.536	ESTABLE
6873	0.234	1.685	1.731	ESTABLE
19949	0.228	1.671	1.713	ESTABLE
3240	0.23	1.517	1.571	ESTABLE
17790	0.261	1.802	1.939	ESTABLE
18830	0.219	1.503	1.559	ESTABLE
9766	0.23	1.624	1.624	ESTABLE
2913	0.226	1.55	1.587	ESTABLE
3982	0.263	1.982	1.877	ESTABLE
16046	0.205	1.447	1.478	ESTABLE
17355	0.243	1.806	1.837	ESTABLE
19216	0.225	1.606	1.661	ESTABLE
1218	0.234	1.788	1.851	ESTABLE
7844	0.249	1.805	1.743	ESTABLE
17190	0.242	1.771	1.785	ESTABLE
14371	0.261	1.928	1.937	ESTABLE
10598	0.247	1.848	1.815	ESTABLE
11121	0.257	1.868	1.847	ESTABLE
7129	0.246	1.898	1.878	ESTABLE
18039	0.255	1.923	1.89	ESTABLE
7337	0.256	1.953	1.992	ESTABLE
16740	0.25	1.907	1.817	ESTABLE
6426	0.236	1.62	1.66	ESTABLE
8456	0.245	1.761	1.768	ESTABLE
14096	0.246	1.852	1.835	ESTABLE
17973	0.251	1.867	1.849	ESTABLE
5442	0.211	1.556	1.507	ESTABLE
13982	0.251	1.73	1.813	ESTABLE
1895	0.223	1.674	1.581	ESTABLE
16831	0.254	1.907	1.863	ESTABLE
12808	0.208	1.505	1.534	ESTABLE
3354	0.228	1.62	1.658	ESTABLE
16532	0.231	1.797	1.678	ESTABLE
12698	0.217	1.521	1.433	ESTABLE
16654	0.242	1.803	1.725	ESTABLE
18889	0.216	1.53	1.573	ESTABLE
5830	0.217	1.536	1.441	ESTABLE
4912	0.255	1.787	1.869	ESTABLE
5370	0.212	1.603	1.554	ESTABLE
13295	0.245	1.825	1.784	ESTABLE
10954	0.262	1.941	1.942	ESTABLE
9745	0.228	1.711	1.654	ESTABLE
8887	0.212	1.537	1.506	ESTABLE
12414	0.21	1.49	1.482	ESTABLE
632	0.248	1.842	1.864	ESTABLE
3389	0.238	1.672	1.689	ESTABLE
17007	0.249	1.934	1.857	ESTABLE
1097	0.251	1.838	1.874	ESTABLE
9478	0.224	1.68	1.59	ESTABLE
18822	0.229	1.672	1.658	ESTABLE
6096	0.238	1.617	1.663	ESTABLE
13077	0.232	1.665	1.607	ESTABLE
6103	0.219	1.626	1.603	ESTABLE
6206	0.241	1.688	1.706	ESTABLE
5768	0.225	1.578	1.55	ESTABLE
13477	0.231	1.801	1.809	ESTABLE
10348	0.23	1.637	1.719	ESTABLE
4773	0.251	1.776	1.859	ESTABLE
14949	0.233	1.725	1.644	ESTABLE
4517	0.237	1.74	1.807	ESTABLE
1890	0.217	1.627	1.544	ESTABLE
7823	0.242	1.822	1.803	ESTABLE
10926	0.267	1.979	1.942	ESTABLE
2112	0.215	1.561	1.492	ESTABLE
18607	0.222	1.611	1.543	ESTABLE
14757	0.251	1.825	1.841	ESTABLE
6453	0.229	1.634	1.824	INESTABLE
5336	0.223	1.588	1.585	ESTABLE
7034	0.239	1.875	1.783	ESTABLE
15404	0.227	1.62	1.658	ESTABLE
1584	0.255	1.745	1.808	ESTABLE
5958	0.226	1.563	1.605	ESTABLE
7793	0.247	1.825	1.8	ESTABLE
15873	0.234	1.53	1.632	ESTABLE
8495	0.234	1.64	1.729	ESTABLE
6456	0.229	1.59	1.678	ESTABLE
5851	0.217	1.565	1.481	ESTABLE
1302	0.254	1.85	1.844	ESTABLE
10018	0.224	1.623	1.623	ESTABLE
1324	0.246	1.859	1.942	ESTABLE
2031	0.234	1.71	1.488	INESTABLE
8757	0.222	1.582	1.615	ESTABLE
4865	0.238	1.791	1.889	ESTABLE
12379	0.214	1.494	1.551	ESTABLE
9739	0.239	1.7	1.729	ESTABLE
18689	0.231	1.55	1.621	ESTABLE
9054	0.203	1.507	1.38	ESTABLE
19247	0.234	1.583	1.62	ESTABLE
8046	0.231	1.725	1.701	ESTABLE
922	0.248	1.75	1.808	ESTABLE
19941	0.232	1.631	1.617	ESTABLE
7891	0.247	1.81	1.778	ESTABLE
10117	0.236	1.72	1.722	ESTABLE
5979	0.225	1.643	1.645	ESTABLE
19938	0.234	1.797	1.634	INESTABLE
14478	0.261	1.995	1.937	ESTABLE
13607	0.247	1.821	1.779	ESTABLE
5747	0.202	1.533	1.531	ESTABLE
16793	0.25	1.854	1.779	ESTABLE
2775	0.213	1.522	1.641	ESTABLE
8174	0.239	1.703	1.721	ESTABLE
8873	0.21	1.541	1.554	ESTABLE
8676	0.225	1.691	1.709	ESTABLE
833	0.244	1.832	1.844	ESTABLE
8346	0.228	1.694	1.742	ESTABLE
18462	0.225	1.656	1.582	ESTABLE
5227	0.24	1.721	1.764	ESTABLE
19239	0.218	1.581	1.581	ESTABLE
3589	0.254	1.897	1.898	ESTABLE
3151	0.22	1.613	1.639	ESTABLE
2399	0.218	1.582	1.506	ESTABLE
3795	0.256	2.005	1.862	ESTABLE
3711	0.257	1.947	1.886	ESTABLE
5495	0.216	1.606	1.512	ESTABLE
4759	0.246	1.808	1.868	ESTABLE
19917	0.238	1.647	1.66	ESTABLE
14193	0.261	1.959	1.923	ESTABLE
17195	0.252	1.832	1.873	ESTABLE
6384	0.235	1.645	1.637	ESTABLE
10574	0.251	1.81	1.883	ESTABLE
11069	0.278	2.009	1.851	INESTABLE
2957	0.216	1.612	1.608	ESTABLE
13411	0.233	1.731	1.826	ESTABLE
19179	0.231	1.668	1.675	ESTABLE
16557	0.249	1.732	1.708	ESTABLE
9418	0.22	1.584	1.561	ESTABLE
5362	0.223	1.586	1.488	ESTABLE
10854	0.273	1.965	1.999	ESTABLE
12494	0.206	1.53	1.473	ESTABLE
1133	0.257	1.829	1.908	ESTABLE
6689	0.212	1.608	1.695	ESTABLE
17135	0.252	1.874	1.892	ESTABLE
14597	0.274	1.942	1.926	ESTABLE
14532	0.262	1.906	1.857	ESTABLE
11708	0.224	1.607	1.64	ESTABLE
18173	0.245	1.843	1.818	ESTABLE
7189	0.263	1.972	1.906	ESTABLE
3313	0.234	1.676	1.647	ESTABLE
387	0.246	1.908	1.856	ESTABLE
9993	0.241	1.677	1.781	ESTABLE
12962	0.229	1.671	1.572	ESTABLE
18945	0.209	1.572	1.556	ESTABLE
15852	0.22	1.476	1.621	ESTABLE
12899	0.213	1.628	1.546	ESTABLE
9194	0.201	1.443	1.424	ESTABLE
14135	0.242	1.832	1.862	ESTABLE
19560	0.213	1.503	1.54	ESTABLE
19850	0.238	1.628	1.661	ESTABLE
5109	0.248	1.791	1.803	ESTABLE
15529	0.224	1.68	1.721	ESTABLE
16605	0.24	1.698	1.768	ESTABLE
8983	0.213	1.524	1.499	ESTABLE
13611	0.259	1.844	1.849	ESTABLE
14404	0.268	2.001	1.94	ESTABLE
19257	0.238	1.682	1.692	ESTABLE
15317	0.224	1.606	1.667	ESTABLE
16594	0.24	1.728	1.701	ESTABLE
13530	0.234	1.76	1.746	ESTABLE
15840	0.219	1.552	1.613	ESTABLE
8655	0.215	1.637	1.697	ESTABLE
19502	0.208	1.5	1.481	ESTABLE
3545	0.254	1.864	1.885	ESTABLE
8695	0.234	1.664	1.663	ESTABLE
4312	0.252	1.835	1.802	ESTABLE
18619	0.221	1.615	1.534	ESTABLE
18007	0.266	1.999	1.959	ESTABLE
9230	0.216	1.462	1.41	ESTABLE
15392	0.227	1.637	1.631	ESTABLE
2066	0.211	1.513	1.487	ESTABLE
13355	0.246	1.852	1.788	ESTABLE
14691	0.249	1.887	1.789	ESTABLE
16787	0.252	1.91	1.827	ESTABLE
3734	0.256	1.977	1.827	ESTABLE
380	0.262	1.956	1.895	ESTABLE
18536	0.208	1.575	1.535	ESTABLE
10399	0.237	1.652	1.851	INESTABLE
7537	0.251	1.945	1.875	ESTABLE
18838	0.222	1.592	1.633	ESTABLE
1775	0.234	1.723	1.688	ESTABLE
9512	0.228	1.661	1.609	ESTABLE
5531	0.209	1.402	1.428	ESTABLE
19255	0.229	1.621	1.629	ESTABLE
12692	0.201	1.441	1.392	ESTABLE
10876	0.254	1.958	1.914	ESTABLE
19599	0.219	1.573	1.593	ESTABLE
2594	0.231	1.568	1.69	ESTABLE
7335	0.263	1.992	1.915	ESTABLE
11034	0.25	1.961	1.861	ESTABLE
13782	0.247	1.746	1.805	ESTABLE
332	0.252	1.94	1.888	ESTABLE
14775	0.244	1.775	1.672	ESTABLE
10837	0.263	2.022	1.991	ESTABLE
17285	0.246	1.86	1.875	ESTABLE
4460	0.241	1.815	1.754	ESTABLE
3046	0.223	1.568	1.605	ESTABLE
6107	0.223	1.634	1.618	ESTABLE
9217	0.213	1.484	1.459	ESTABLE
14959	0.224	1.631	1.631	ESTABLE
7101	0.247	1.848	1.851	ESTABLE
11420	0.246	1.78	1.717	ESTABLE
5035	0.23	1.769	1.793	ESTABLE
7215	0.254	1.954	1.906	ESTABLE
12656	0.207	1.535	1.529	ESTABLE
11680	0.232	1.668	1.662	ESTABLE
1438	0.245	1.881	1.915	ESTABLE
6318	0.221	1.645	1.659	ESTABLE
11513	0.217	1.76	1.654	ESTABLE
19357	0.221	1.518	1.561	ESTABLE
5062	0.239	1.815	1.792	ESTABLE
8282	0.251	1.831	1.788	ESTABLE
7732	0.243	1.844	1.767	ESTABLE
15795	0.204	1.456	1.547	ESTABLE
18433	0.228	1.647	1.603	ESTABLE
12882	0.215	1.601	1.577	ESTABLE
10703	0.263	1.99	1.89	ESTABLE
6847	0.218	1.623	1.749	ESTABLE
18298	0.233	1.757	1.637	ESTABLE
17162	0.244	1.823	1.825	ESTABLE
17374	0.249	1.819	1.87	ESTABLE
881	0.255	1.778	1.886	ESTABLE
15856	0.219	1.519	1.551	ESTABLE
8069	0.243	1.727	1.735	ESTABLE
12590	0.211	1.388	1.491	ESTABLE
5060	0.238	1.741	1.821	ESTABLE
19214	0.22	1.524	1.593	ESTABLE
1984	0.203	1.533	1.464	ESTABLE
8171	0.243	1.733	1.787	ESTABLE
2905	0.229	1.577	1.689	ESTABLE
7811	0.238	1.809	1.768	ESTABLE
17221	0.254	1.799	1.876	ESTABLE
16418	0.227	1.623	1.521	ESTABLE
9853	0.243	1.78	1.721	ESTABLE
16525	0.238	1.757	1.724	ESTABLE
5695	0.205	1.556	1.471	ESTABLE
18608	0.226	1.624	1.597	ESTABLE
9254	0.212	1.476	1.416	ESTABLE
3102	0.217	1.543	1.644	ESTABLE
16227	0.208	1.551	1.511	ESTABLE
16229	0.218	1.506	1.486	ESTABLE
17297	0.252	1.834	1.911	ESTABLE
3065	0.216	1.515	1.65	ESTABLE
13704	0.244	1.826	1.775	ESTABLE
4683	0.232	1.714	1.681	ESTABLE
6891	0.252	1.84	1.86	ESTABLE
8101	0.241	1.694	1.765	ESTABLE
16441	0.232	1.702	1.629	ESTABLE
15803	0.223	1.496	1.655	INESTABLE
12477	0.22	1.512	1.518	ESTABLE
8105	0.25	1.749	1.738	ESTABLE
17122	0.252	1.861	1.861	ESTABLE
17951	0.254	1.902	1.937	ESTABLE
19325	0.218	1.535	1.566	ESTABLE
6504	0.226	1.609	1.751	ESTABLE
8527	0.23	1.711	1.809	ESTABLE
19272	0.222	1.528	1.62	ESTABLE
8278	0.237	1.679	1.752	ESTABLE
19606	0.224	1.463	1.592	ESTABLE
18974	0.218	1.614	1.602	ESTABLE
10940	0.26	2.053	1.984	ESTABLE
10076	0.239	1.748	1.754	ESTABLE
988	0.245	1.761	1.839	ESTABLE
408	0.258	1.922	1.902	ESTABLE
8088	0.232	1.675	1.781	ESTABLE
19221	0.222	1.626	1.609	ESTABLE
15985	0.217	1.549	1.577	ESTABLE
18031	0.248	1.886	1.945	ESTABLE
7663	0.249	1.939	1.861	ESTABLE
18005	0.255	1.959	1.891	ESTABLE
14252	0.262	1.925	2.013	ESTABLE
16459	0.225	1.631	1.614	ESTABLE
14891	0.228	1.736	1.645	ESTABLE
17565	0.247	1.826	1.933	ESTABLE
2393	0.225	1.532	1.592	ESTABLE
7835	0.239	1.861	1.777	ESTABLE
11010	0.248	1.866	1.902	ESTABLE
5237	0.231	1.677	1.666	ESTABLE
16659	0.252	1.795	1.801	ESTABLE
357	0.25	1.96	1.816	ESTABLE
6168	0.223	1.581	1.689	ESTABLE
9035	0.216	1.461	1.448	ESTABLE
17481	0.259	1.882	1.94	ESTABLE
14147	0.262	1.914	1.961	ESTABLE
17127	0.254	1.806	1.869	ESTABLE
13137	0.24	1.759	1.622	ESTABLE
2107	0.197	1.548	1.507	ESTABLE
6028	0.222	1.652	1.538	ESTABLE
5539	0.204	1.527	1.436	ESTABLE
12043	0.232	1.635	1.779	ESTABLE
16856	0.249	1.904	1.923	ESTABLE
16964	0.249	1.918	1.795	ESTABLE
3166	0.221	1.62	1.61	ESTABLE
9396	0.23	1.656	1.53	ESTABLE
11429	0.212	1.739	1.716	ESTABLE
4475	0.248	1.797	1.798	ESTABLE
4235	0.252	1.855	1.837	ESTABLE
1029	0.24	1.758	1.838	ESTABLE
8286	0.255	1.753	1.844	ESTABLE
4616	0.246	1.755	1.819	ESTABLE
7929	0.24	1.801	1.741	ESTABLE
6280	0.23	1.703	1.702	ESTABLE
12902	0.219	1.591	1.525	ESTABLE
18563	0.222	1.657	1.524	ESTABLE
7441	0.27	2.022	1.949	ESTABLE
8615	0.226	1.6	1.711	ESTABLE
14837	0.238	1.704	1.719	ESTABLE
2182	0.216	1.577	1.493	ESTABLE
2110	0.218	1.467	1.516	ESTABLE
12172	0.23	1.594	1.645	ESTABLE
13384	0.243	1.739	1.769	ESTABLE
15046	0.236	1.654	1.631	ESTABLE
12464	0.22	1.53	1.477	ESTABLE
16691	0.237	1.834	1.771	ESTABLE
11162	0.24	1.914	1.775	ESTABLE
1442	0.254	1.861	1.87	ESTABLE
7951	0.244	1.788	1.745	ESTABLE
19910	0.232	1.69	1.623	ESTABLE
6336	0.24	1.662	1.675	ESTABLE
15750	0.224	1.626	1.643	ESTABLE
10100	0.244	1.783	1.742	ESTABLE
18705	0.211	1.531	1.489	ESTABLE
18464	0.219	1.6	1.561	ESTABLE
8218	0.249	1.702	1.782	ESTABLE
4489	0.251	1.83	1.896	ESTABLE
14644	0.248	1.872	1.885	ESTABLE
14085	0.247	1.801	1.871	ESTABLE
4246	0.263	1.943	1.82	ESTABLE
17569	0.251	1.832	1.906	ESTABLE
17033	0.232	1.816	1.806	ESTABLE
17072	0.237	1.829	1.768	ESTABLE
4875	0.235	1.67	1.806	ESTABLE
18615	0.209	1.63	1.498	ESTABLE
12885	0.216	1.634	1.529	ESTABLE
17658	0.254	1.854	1.924	ESTABLE
7528	0.256	1.923	1.872	ESTABLE
9108	0.204	1.434	1.424	ESTABLE
8833	0.221	1.548	1.59	ESTABLE
517	0.242	1.856	1.834	ESTABLE
973	0.244	1.79	1.82	ESTABLE
6577	0.226	1.553	1.685	ESTABLE
9635	0.243	1.679	1.693	ESTABLE
1555	0.24	1.777	1.818	ESTABLE
3467	0.227	1.731	1.661	ESTABLE
10206	0.249	1.739	1.751	ESTABLE
15595	0.233	1.627	1.682	ESTABLE
15677	0.223	1.622	1.719	ESTABLE
4806	0.249	1.876	1.846	ESTABLE
3937	0.266	1.971	1.968	ESTABLE
4462	0.255	1.799	1.792	ESTABLE
10601	0.257	1.89	1.897	ESTABLE
12203	0.224	1.606	1.67	ESTABLE
4809	0.246	1.79	1.842	ESTABLE
11285	0.247	1.786	1.782	ESTABLE
17094	0.254	1.904	1.86	ESTABLE
10681	0.275	2.006	2.012	ESTABLE
3120	0.22	1.548	1.538	ESTABLE
11303	0.235	1.797	1.73	ESTABLE
1542	0.251	1.871	1.809	ESTABLE
8773	0.224	1.583	1.617	ESTABLE
9846	0.242	1.678	1.685	ESTABLE
10750	0.265	1.938	1.937	ESTABLE
9653	0.246	1.809	1.678	ESTABLE
5560	0.21	1.571	1.422	ESTABLE
10567	0.249	1.851	1.818	ESTABLE
4516	0.236	1.737	1.753	ESTABLE
4752	0.255	1.846	1.847	ESTABLE
16681	0.231	1.791	1.686	ESTABLE
18669	0.222	1.595	1.526	ESTABLE
7563	0.256	1.911	1.928	ESTABLE
8199	0.245	1.721	1.788	ESTABLE
6339	0.225	1.686	1.671	ESTABLE
18726	0.223	1.598	1.545	ESTABLE
6387	0.246	1.765	1.716	ESTABLE
4849	0.248	1.783	1.788	ESTABLE
15724	0.221	1.562	1.659	ESTABLE
4500	0.248	1.673	1.74	ESTABLE
13125	0.233	1.712	1.708	ESTABLE
1208	0.265	1.935	1.933	ESTABLE
7740	0.241	1.835	1.777	ESTABLE
13892	0.252	1.703	1.842	ESTABLE
6889	0.233	1.733	1.82	ESTABLE
427	0.25	1.969	1.903	ESTABLE
768	0.257	1.928	1.818	ESTABLE
8321	0.227	1.677	1.712	ESTABLE
703	0.249	1.85	1.867	ESTABLE
10901	0.268	2.036	1.916	ESTABLE
4078	0.257	1.883	1.88	ESTABLE
3811	0.265	2.032	1.945	ESTABLE
5291	0.222	1.586	1.598	ESTABLE
5265	0.227	1.677	1.671	ESTABLE
14666	0.246	1.892	1.785	ESTABLE
8844	0.214	1.593	1.573	ESTABLE
11123	0.254	1.883	1.797	ESTABLE
17271	0.253	1.786	1.841	ESTABLE
244	0.252	1.882	1.87	ESTABLE
1948	0.213	1.535	1.517	ESTABLE
12034	0.221	1.635	1.688	ESTABLE
18002	0.257	1.929	1.917	ESTABLE
14626	0.258	1.931	1.899	ESTABLE
15128	0.228	1.683	1.688	ESTABLE
3548	0.252	1.789	1.806	ESTABLE
18047	0.266	1.922	1.899	ESTABLE
12958	0.229	1.558	1.556	ESTABLE
10461	0.246	1.787	1.852	ESTABLE
4272	0.239	1.833	1.832	ESTABLE
3020	0.223	1.552	1.63	ESTABLE
3381	0.236	1.71	1.663	ESTABLE
11053	0.258	1.949	1.889	ESTABLE
16865	0.25	1.862	1.843	ESTABLE
6662	0.22	1.576	1.59	ESTABLE
15885	0.212	1.478	1.473	ESTABLE
9920	0.228	1.729	1.693	ESTABLE
10607	0.255	1.848	1.804	ESTABLE
198	0.25	1.835	1.804	ESTABLE
15760	0.224	1.518	1.634	ESTABLE
3650	0.24	1.783	1.849	ESTABLE
17259	0.245	1.84	1.83	ESTABLE
12731	0.213	1.494	1.388	ESTABLE
17815	0.246	1.919	1.937	ESTABLE
8484	0.24	1.732	1.8	ESTABLE
4218	0.254	1.9	1.882	ESTABLE
12966	0.222	1.605	1.552	ESTABLE
9805	0.242	1.687	1.741	ESTABLE
6697	0.228	1.603	1.66	ESTABLE
17365	0.244	1.754	1.8	ESTABLE
16095	0.22	1.501	1.602	ESTABLE
10160	0.245	1.703	1.796	ESTABLE
5544	0.222	1.511	1.552	ESTABLE
1015	0.242	1.762	1.805	ESTABLE
14016	0.252	1.868	1.863	ESTABLE
4300	0.239	1.79	1.784	ESTABLE
13710	0.252	1.767	1.849	ESTABLE
2369	0.22	1.562	1.575	ESTABLE
6693	0.233	1.591	1.627	ESTABLE
8752	0.219	1.655	1.63	ESTABLE
2434	0.198	1.541	1.517	ESTABLE
7642	0.264	1.997	1.928	ESTABLE
3996	0.244	1.947	1.836	ESTABLE
16224	0.212	1.461	1.498	ESTABLE
19539	0.219	1.504	1.588	ESTABLE
1422	0.254	1.861	1.939	ESTABLE
15353	0.218	1.635	1.606	ESTABLE
12686	0.209	1.464	1.414	ESTABLE
6454	0.23	1.698	1.745	ESTABLE
2408	0.218	1.669	1.547	ESTABLE
16117	0.207	1.361	1.488	ESTABLE
3747	0.261	1.92	1.882	ESTABLE
11649	0.235	1.691	1.554	ESTABLE
3673	0.248	1.885	1.947	ESTABLE
2713	0.229	1.595	1.67	ESTABLE
836	0.25	1.816	1.864	ESTABLE
2832	0.225	1.502	1.661	INESTABLE
9398	0.226	1.618	1.557	ESTABLE
15475	0.23	1.598	1.608	ESTABLE
6654	0.227	1.647	1.678	ESTABLE
14091	0.248	1.841	1.851	ESTABLE
6652	0.233	1.634	1.743	ESTABLE
5361	0.216	1.607	1.613	ESTABLE
12977	0.22	1.636	1.599	ESTABLE
6876	0.239	1.766	1.75	ESTABLE
1919	0.231	1.651	1.601	ESTABLE
8359	0.24	1.728	1.818	ESTABLE
16157	0.189	1.475	1.353	ESTABLE
7339	0.268	1.974	1.935	ESTABLE
9870	0.228	1.656	1.678	ESTABLE
17630	0.252	1.851	1.88	ESTABLE
12315	0.223	1.556	1.65	ESTABLE
8073	0.232	1.67	1.739	ESTABLE
8918	0.202	1.443	1.438	ESTABLE
13404	0.239	1.796	1.836	ESTABLE
11159	0.246	1.87	1.851	ESTABLE
5194	0.216	1.656	1.664	ESTABLE
1401	0.263	1.901	1.926	ESTABLE
6447	0.218	1.539	1.659	ESTABLE
9725	0.234	1.799	1.708	ESTABLE
12682	0.216	1.494	1.446	ESTABLE
12558	0.229	1.52	1.496	ESTABLE
7648	0.252	1.865	1.846	ESTABLE
14094	0.26	1.858	1.898	ESTABLE
8344	0.243	1.776	1.763	ESTABLE
18223	0.239	1.794	1.823	ESTABLE
4895	0.246	1.772	1.895	ESTABLE
3363	0.232	1.65	1.649	ESTABLE
8194	0.243	1.698	1.757	ESTABLE
2492	0.226	1.591	1.597	ESTABLE
18168	0.24	1.754	1.79	ESTABLE
18782	0.232	1.65	1.654	ESTABLE
17129	0.25	1.861	1.888	ESTABLE
17884	0.266	1.92	1.938	ESTABLE
7513	0.246	1.952	1.912	ESTABLE
17944	0.257	1.912	1.904	ESTABLE
5405	0.22	1.554	1.48	ESTABLE
10708	0.252	1.868	1.886	ESTABLE
14430	0.266	2.024	1.927	ESTABLE
7442	0.27	2.085	1.927	INESTABLE
6976	0.255	1.844	1.867	ESTABLE
5305	0.22	1.631	1.561	ESTABLE
18677	0.238	1.557	1.52	ESTABLE
16417	0.223	1.563	1.609	ESTABLE
2291	0.215	1.582	1.456	ESTABLE
8948	0.218	1.488	1.583	ESTABLE
5628	0.209	1.533	1.45	ESTABLE
2342	0.216	1.504	1.506	ESTABLE
12802	0.219	1.535	1.478	ESTABLE
9742	0.239	1.766	1.751	ESTABLE
11326	0.233	1.859	1.758	ESTABLE
1525	0.249	1.892	1.886	ESTABLE
9839	0.24	1.72	1.672	ESTABLE
10012	0.243	1.722	1.719	ESTABLE
8322	0.239	1.662	1.735	ESTABLE
18777	0.22	1.63	1.524	ESTABLE
2699	0.222	1.657	1.719	ESTABLE
597	0.254	1.863	1.925	ESTABLE
17514	0.256	1.825	1.883	ESTABLE
3267	0.229	1.537	1.661	ESTABLE
672	0.256	1.872	1.79	ESTABLE
1936	0.208	1.446	1.468	ESTABLE
15887	0.218	1.572	1.573	ESTABLE
8156	0.244	1.756	1.763	ESTABLE
5345	0.232	1.592	1.64	ESTABLE
10226	0.227	1.63	1.732	ESTABLE
13531	0.244	1.791	1.768	ESTABLE
13409	0.252	1.815	1.724	ESTABLE
5627	0.205	1.482	1.44	ESTABLE
8041	0.241	1.677	1.812	ESTABLE
13545	0.26	1.837	1.808	ESTABLE
8395	0.233	1.708	1.777	ESTABLE
11035	0.258	2.052	1.879	INESTABLE
3234	0.222	1.544	1.604	ESTABLE
7482	0.259	1.995	1.988	ESTABLE
16456	0.235	1.685	1.677	ESTABLE
15896	0.201	1.466	1.521	ESTABLE
2266	0.211	1.523	1.514	ESTABLE
16660	0.249	1.789	1.862	ESTABLE
6191	0.217	1.61	1.635	ESTABLE
12921	0.229	1.586	1.587	ESTABLE
11543	0.234	1.714	1.697	ESTABLE
4292	0.248	1.808	1.897	ESTABLE
10890	0.263	2.03	1.926	ESTABLE
9585	0.226	1.675	1.701	ESTABLE
12793	0.22	1.576	1.538	ESTABLE
16975	0.251	1.881	1.856	ESTABLE
6991	0.241	1.822	1.821	ESTABLE
1908	0.218	1.544	1.543	ESTABLE
17105	0.265	1.825	1.9	ESTABLE
15936	0.22	1.457	1.524	ESTABLE
6199	0.226	1.664	1.659	ESTABLE
18146	0.257	1.935	1.864	ESTABLE
10867	0.263	2.04	2.002	ESTABLE
8508	0.23	1.737	1.717	ESTABLE
16713	0.24	1.833	1.774	ESTABLE
11952	0.238	1.626	1.716	ESTABLE
7807	0.239	1.85	1.737	ESTABLE
260	0.249	1.865	1.808	ESTABLE
14678	0.248	1.795	1.794	ESTABLE
15608	0.242	1.647	1.693	ESTABLE
10408	0.257	1.845	1.874	ESTABLE
1119	0.248	1.83	1.868	ESTABLE
18769	0.222	1.608	1.606	ESTABLE
13736	0.234	1.789	1.731	ESTABLE
7155	0.268	1.904	1.942	ESTABLE
5937	0.209	1.547	1.564	ESTABLE
18810	0.225	1.574	1.543	ESTABLE
9527	0.232	1.628	1.626	ESTABLE
16798	0.242	1.916	1.866	ESTABLE
18806	0.227	1.605	1.629	ESTABLE
5476	0.202	1.481	1.429	ESTABLE
19476	0.211	1.49	1.503	ESTABLE
1872	0.227	1.631	1.62	ESTABLE
10958	0.268	1.961	1.919	ESTABLE
2318	0.209	1.577	1.42	INESTABLE
1238	0.241	1.778	1.907	ESTABLE
15797	0.217	1.561	1.609	ESTABLE
16152	0.218	1.507	1.48	ESTABLE
17933	0.249	1.929	1.942	ESTABLE
92	0.242	1.844	1.791	ESTABLE
15527	0.238	1.683	1.71	ESTABLE
14409	0.251	1.884	1.939	ESTABLE
14581	0.253	1.868	1.856	ESTABLE
6890	0.25	1.765	1.77	ESTABLE
6017	0.222	1.598	1.66	ESTABLE
12076	0.245	1.699	1.775	ESTABLE
6068	0.236	1.613	1.651	ESTABLE
16626	0.239	1.756	1.794	ESTABLE
220	0.266	1.879	1.863	ESTABLE
399	0.26	2.021	1.874	ESTABLE
19477	0.216	1.509	1.552	ESTABLE
13563	0.241	1.748	1.787	ESTABLE
7947	0.245	1.787	1.811	ESTABLE
2229	0.211	1.489	1.474	ESTABLE
11337	0.234	1.709	1.743	ESTABLE
11563	0.234	1.672	1.681	ESTABLE
5223	0.24	1.706	1.643	ESTABLE
19852	0.227	1.624	1.659	ESTABLE
14468	0.258	1.944	1.925	ESTABLE
12331	0.213	1.546	1.54	ESTABLE
9600	0.224	1.719	1.593	ESTABLE
319	0.255	1.941	1.903	ESTABLE
1018	0.243	1.784	1.794	ESTABLE
17042	0.256	1.837	1.846	ESTABLE
8915	0.219	1.546	1.597	ESTABLE
9264	0.215	1.473	1.439	ESTABLE
8643	0.244	1.769	1.829	ESTABLE
12571	0.214	1.549	1.546	ESTABLE
11353	0.24	1.832	1.755	ESTABLE
14879	0.231	1.672	1.637	ESTABLE
17879	0.264	1.959	2.01	ESTABLE
2516	0.22	1.65	1.62	ESTABLE
13222	0.249	1.753	1.749	ESTABLE
10289	0.23	1.677	1.77	ESTABLE
9960	0.245	1.744	1.772	ESTABLE
14835	0.248	1.845	1.694	INESTABLE
12389	0.205	1.534	1.508	ESTABLE
8378	0.23	1.685	1.752	ESTABLE
9754	0.241	1.709	1.684	ESTABLE
10762	0.26	1.929	1.956	ESTABLE
13235	0.257	1.869	1.817	ESTABLE
9916	0.227	1.695	1.688	ESTABLE
11931	0.206	1.577	1.634	ESTABLE
8361	0.237	1.707	1.736	ESTABLE
6129	0.227	1.698	1.702	ESTABLE
10791	0.256	1.912	1.972	ESTABLE
3786	0.255	1.888	1.929	ESTABLE
7041	0.255	1.882	1.825	ESTABLE
14730	0.247	1.856	1.847	ESTABLE
5145	0.236	1.698	1.781	ESTABLE
7359	0.26	1.961	1.927	ESTABLE
10860	0.258	1.963	1.946	ESTABLE
15064	0.236	1.631	1.605	ESTABLE
7267	0.257	1.964	1.94	ESTABLE
11382	0.248	1.789	1.742	ESTABLE
15510	0.227	1.532	1.7	INESTABLE
5306	0.214	1.619	1.577	ESTABLE
9328	0.203	1.563	1.478	ESTABLE
10722	0.263	1.893	1.958	ESTABLE
9037	0.22	1.534	1.487	ESTABLE
8821	0.232	1.613	1.607	ESTABLE
16722	0.252	1.856	1.82	ESTABLE
13954	0.24	1.836	1.793	ESTABLE
489	0.262	1.885	1.929	ESTABLE
15333	0.228	1.656	1.632	ESTABLE
1067	0.245	1.794	1.815	ESTABLE
16188	0.225	1.563	1.551	ESTABLE
7010	0.247	1.845	1.809	ESTABLE
9915	0.252	1.694	1.818	ESTABLE
19463	0.217	1.513	1.584	ESTABLE
826	0.248	1.818	1.849	ESTABLE
4439	0.259	1.826	1.839	ESTABLE
7984	0.229	1.749	1.73	ESTABLE
6194	0.223	1.631	1.669	ESTABLE
3871	0.262	1.976	1.976	ESTABLE
18960	0.225	1.598	1.61	ESTABLE
10776	0.265	1.999	1.965	ESTABLE
7738	0.247	1.866	1.775	ESTABLE
11803	0.238	1.702	1.733	ESTABLE
624	0.25	1.938	1.843	ESTABLE
4906	0.233	1.729	1.817	ESTABLE
8240	0.239	1.74	1.87	ESTABLE
8500	0.234	1.723	1.784	ESTABLE
2086	0.214	1.561	1.405	INESTABLE
5735	0.216	1.453	1.368	ESTABLE
331	0.248	1.896	1.858	ESTABLE
13445	0.244	1.819	1.752	ESTABLE
30	0.245	1.754	1.725	ESTABLE
9113	0.208	1.416	1.421	ESTABLE
7397	0.265	2.017	1.909	ESTABLE
4945	0.239	1.768	1.839	ESTABLE
9690	0.227	1.68	1.7	ESTABLE
2366	0.215	1.6	1.475	ESTABLE
13494	0.246	1.828	1.811	ESTABLE
3956	0.261	2.045	1.91	ESTABLE
18471	0.223	1.634	1.587	ESTABLE
8959	0.212	1.474	1.506	ESTABLE
8337	0.25	1.816	1.831	ESTABLE
6123	0.231	1.699	1.643	ESTABLE
11584	0.234	1.652	1.714	ESTABLE
6481	0.226	1.577	1.738	INESTABLE
10198	0.252	1.648	1.804	INESTABLE
3515	0.252	1.778	1.726	ESTABLE
11307	0.244	1.841	1.797	ESTABLE
1309	0.26	1.905	1.878	ESTABLE
17301	0.239	1.786	1.813	ESTABLE
564	0.252	1.952	1.904	ESTABLE
7783	0.249	1.835	1.779	ESTABLE
14890	0.231	1.763	1.642	ESTABLE
7910	0.247	1.842	1.782	ESTABLE
9049	0.211	1.522	1.408	ESTABLE
9940	0.254	1.737	1.816	ESTABLE
10180	0.236	1.709	1.8	ESTABLE
4040	0.257	1.952	1.973	ESTABLE
15745	0.218	1.513	1.688	INESTABLE
10032	0.236	1.625	1.744	ESTABLE
12665	0.202	1.503	1.4	ESTABLE
15832	0.219	1.506	1.58	ESTABLE
5400	0.217	1.627	1.495	ESTABLE
1069	0.238	1.748	1.85	ESTABLE
6837	0.222	1.65	1.617	ESTABLE
13116	0.222	1.776	1.705	ESTABLE
4503	0.255	1.831	1.865	ESTABLE
4585	0.241	1.742	1.753	ESTABLE
11567	0.239	1.692	1.754	ESTABLE
16392	0.225	1.656	1.567	ESTABLE
7946	0.239	1.74	1.731	ESTABLE
7366	0.252	1.973	1.943	ESTABLE
6364	0.236	1.696	1.661	ESTABLE
17897	0.273	2.026	2.075	ESTABLE
255	0.257	1.959	1.84	ESTABLE
2233	0.221	1.572	1.496	ESTABLE
1641	0.236	1.75	1.866	ESTABLE
16226	0.215	1.554	1.563	ESTABLE
2947	0.208	1.516	1.534	ESTABLE
6274	0.233	1.624	1.636	ESTABLE
7103	0.256	1.876	1.845	ESTABLE
15794	0.225	1.6	1.635	ESTABLE
10288	0.234	1.703	1.763	ESTABLE
18859	0.219	1.599	1.591	ESTABLE
6509	0.235	1.633	1.662	ESTABLE
9953	0.238	1.729	1.699	ESTABLE
10970	0.266	2.045	1.942	ESTABLE
14353	0.247	1.949	1.905	ESTABLE
16530	0.225	1.732	1.64	ESTABLE
5640	0.221	1.62	1.455	INESTABLE
13562	0.238	1.777	1.745	ESTABLE
8869	0.215	1.521	1.559	ESTABLE
279	0.255	1.982	1.908	ESTABLE
3380	0.242	1.692	1.701	ESTABLE
17958	0.268	1.977	1.904	ESTABLE
541	0.256	1.915	1.867	ESTABLE
229	0.248	1.872	1.795	ESTABLE
10932	0.259	2.031	1.944	ESTABLE
8646	0.237	1.732	1.807	ESTABLE
5406	0.221	1.526	1.609	ESTABLE
13845	0.238	1.742	1.79	ESTABLE
13540	0.239	1.799	1.808	ESTABLE
13216	0.239	1.794	1.688	ESTABLE
8723	0.235	1.597	1.648	ESTABLE
1621	0.245	1.837	1.822	ESTABLE
5326	0.223	1.575	1.521	ESTABLE
15026	0.222	1.707	1.657	ESTABLE
9526	0.231	1.664	1.636	ESTABLE
8958	0.21	1.494	1.472	ESTABLE
2650	0.221	1.656	1.597	ESTABLE
15945	0.214	1.508	1.547	ESTABLE
19915	0.226	1.575	1.693	ESTABLE
6135	0.235	1.575	1.636	ESTABLE
13773	0.225	1.74	1.761	ESTABLE
8210	0.233	1.705	1.789	ESTABLE
4201	0.253	1.856	1.894	ESTABLE
13546	0.258	1.87	1.823	ESTABLE
2563	0.221	1.577	1.637	ESTABLE
9238	0.202	1.453	1.425	ESTABLE
8225	0.247	1.853	1.888	ESTABLE
16007	0.226	1.505	1.566	ESTABLE
12971	0.219	1.696	1.566	ESTABLE
14605	0.253	1.937	1.886	ESTABLE
14116	0.254	1.844	1.854	ESTABLE
18686	0.227	1.58	1.572	ESTABLE
3375	0.235	1.73	1.704	ESTABLE
18432	0.228	1.643	1.565	ESTABLE
5726	0.203	1.536	1.506	ESTABLE
5267	0.23	1.642	1.657	ESTABLE
2368	0.212	1.531	1.548	ESTABLE
1820	0.229	1.667	1.596	ESTABLE
8074	0.232	1.724	1.764	ESTABLE
19581	0.22	1.431	1.578	ESTABLE
4528	0.236	1.87	1.851	ESTABLE
17455	0.243	1.773	1.872	ESTABLE
5832	0.209	1.574	1.464	ESTABLE
9278	0.208	1.524	1.399	ESTABLE
7099	0.248	1.845	1.783	ESTABLE
17940	0.259	1.898	1.906	ESTABLE
18706	0.217	1.538	1.565	ESTABLE
14714	0.231	1.809	1.747	ESTABLE
8880	0.218	1.549	1.495	ESTABLE
4556	0.241	1.772	1.799	ESTABLE
10369	0.243	1.679	1.737	ESTABLE
7044	0.252	1.813	1.786	ESTABLE
11948	0.23	1.727	1.652	ESTABLE
1222	0.244	1.825	1.831	ESTABLE
13314	0.248	1.813	1.826	ESTABLE
5961	0.227	1.578	1.589	ESTABLE
1541	0.243	1.848	1.767	ESTABLE
11061	0.263	1.961	1.947	ESTABLE
6727	0.238	1.724	1.72	ESTABLE
13725	0.244	1.723	1.786	ESTABLE
8964	0.214	1.55	1.482	ESTABLE
19021	0.216	1.601	1.593	ESTABLE
249	0.252	1.943	1.841	ESTABLE
1211	0.245	1.794	1.905	ESTABLE
17902	0.247	1.942	1.953	ESTABLE
17762	0.253	1.901	1.819	ESTABLE
5792	0.217	1.567	1.51	ESTABLE
3499	0.226	1.758	1.709	ESTABLE
11040	0.247	1.976	1.886	ESTABLE
7399	0.267	2.007	1.936	ESTABLE
9296	0.217	1.543	1.485	ESTABLE
16449	0.228	1.694	1.609	ESTABLE
5795	0.214	1.511	1.523	ESTABLE
7685	0.256	1.901	1.852	ESTABLE
11978	0.232	1.609	1.651	ESTABLE
11532	0.224	1.656	1.651	ESTABLE
18497	0.228	1.602	1.567	ESTABLE
13	0.242	1.765	1.72	ESTABLE
6917	0.25	1.753	1.747	ESTABLE
1011	0.247	1.834	1.774	ESTABLE
1941	0.22	1.608	1.565	ESTABLE
6765	0.235	1.71	1.74	ESTABLE
3444	0.227	1.678	1.679	ESTABLE
587	0.258	1.949	1.934	ESTABLE
19104	0.234	1.61	1.658	ESTABLE
3421	0.238	1.659	1.688	ESTABLE
4434	0.239	1.767	1.868	ESTABLE
17971	0.265	1.951	2.004	ESTABLE
5975	0.238	1.578	1.564	ESTABLE
1090	0.242	1.795	1.861	ESTABLE
9040	0.213	1.503	1.514	ESTABLE
12585	0.206	1.492	1.508	ESTABLE
17132	0.245	1.87	1.882	ESTABLE
334	0.27	2.022	1.975	ESTABLE
4834	0.236	1.76	1.898	ESTABLE
10476	0.247	1.73	1.806	ESTABLE
18116	0.24	1.801	1.818	ESTABLE
9316	0.23	1.656	1.486	INESTABLE
16430	0.229	1.649	1.602	ESTABLE
18939	0.233	1.61	1.691	ESTABLE
14324	0.258	1.855	1.896	ESTABLE
12910	0.214	1.624	1.57	ESTABLE
15332	0.221	1.636	1.613	ESTABLE
17929	0.259	1.918	1.953	ESTABLE
18258	0.244	1.779	1.782	ESTABLE
4744	0.241	1.808	1.815	ESTABLE
6027	0.224	1.681	1.585	ESTABLE
18866	0.227	1.679	1.631	ESTABLE
6049	0.204	1.502	1.51	ESTABLE
4580	0.245	1.817	1.804	ESTABLE
10741	0.252	1.906	1.968	ESTABLE
16091	0.194	1.444	1.464	ESTABLE
3969	0.262	1.987	1.888	ESTABLE
5755	0.218	1.566	1.421	ESTABLE
12601	0.217	1.573	1.487	ESTABLE
4555	0.239	1.746	1.834	ESTABLE
19534	0.217	1.443	1.583	ESTABLE
9312	0.226	1.554	1.436	ESTABLE
17310	0.252	1.847	1.89	ESTABLE
4704	0.243	1.758	1.76	ESTABLE
6497	0.237	1.723	1.759	ESTABLE
5205	0.247	1.763	1.722	ESTABLE
10218	0.236	1.686	1.693	ESTABLE
15963	0.226	1.564	1.532	ESTABLE
17812	0.246	1.886	1.891	ESTABLE
15502	0.231	1.601	1.614	ESTABLE
13401	0.234	1.744	1.704	ESTABLE
8308	0.236	1.716	1.764	ESTABLE
6605	0.216	1.559	1.705	ESTABLE
19413	0.224	1.552	1.605	ESTABLE
9891	0.238	1.757	1.768	ESTABLE
3704	0.258	1.865	1.903	ESTABLE
8326	0.25	1.721	1.79	ESTABLE
16965	0.256	1.808	1.805	ESTABLE
7742	0.258	1.884	1.851	ESTABLE
18472	0.219	1.605	1.531	ESTABLE
11453	0.242	1.748	1.772	ESTABLE
1758	0.241	1.719	1.629	ESTABLE
1273	0.25	1.904	1.918	ESTABLE
17694	0.253	1.812	1.951	ESTABLE
4797	0.246	1.786	1.785	ESTABLE
11190	0.243	1.895	1.774	ESTABLE
14702	0.244	1.801	1.813	ESTABLE
2893	0.217	1.546	1.652	ESTABLE
13973	0.25	1.797	1.917	ESTABLE
8608	0.235	1.663	1.701	ESTABLE
13415	0.244	1.827	1.766	ESTABLE
12268	0.222	1.6	1.629	ESTABLE
6573	0.235	1.654	1.66	ESTABLE
16311	0.223	1.554	1.534	ESTABLE
14771	0.233	1.708	1.735	ESTABLE
6687	0.231	1.723	1.714	ESTABLE
16332	0.206	1.512	1.538	ESTABLE
16488	0.232	1.687	1.655	ESTABLE
16796	0.244	1.849	1.708	ESTABLE
5806	0.215	1.573	1.515	ESTABLE
245	0.238	1.799	1.823	ESTABLE
6645	0.235	1.673	1.713	ESTABLE
9430	0.224	1.646	1.612	ESTABLE
3156	0.217	1.476	1.56	ESTABLE
1773	0.238	1.714	1.798	ESTABLE
10079	0.243	1.67	1.703	ESTABLE
1993	0.217	1.525	1.466	ESTABLE
13452	0.234	1.773	1.756	ESTABLE
5845	0.214	1.508	1.535	ESTABLE
8376	0.237	1.812	1.737	ESTABLE
19352	0.226	1.62	1.623	ESTABLE
4514	0.249	1.791	1.801	ESTABLE
10146	0.238	1.754	1.782	ESTABLE
16945	0.26	1.875	1.809	ESTABLE
8935	0.224	1.519	1.541	ESTABLE
89	0.25	1.833	1.776	ESTABLE
19643	0.211	1.498	1.61	ESTABLE
19756	0.222	1.583	1.552	ESTABLE
17364	0.259	1.738	1.842	ESTABLE
614	0.252	1.865	1.851	ESTABLE
7268	0.251	2.027	1.895	ESTABLE
8281	0.236	1.668	1.783	ESTABLE
12739	0.201	1.47	1.341	ESTABLE
3658	0.247	1.895	1.88	ESTABLE
4025	0.266	1.931	1.915	ESTABLE
16334	0.214	1.564	1.609	ESTABLE
2429	0.213	1.525	1.552	ESTABLE
10417	0.234	1.768	1.868	ESTABLE
5131	0.242	1.731	1.71	ESTABLE
10936	0.259	2.016	1.891	ESTABLE
17468	0.257	1.835	1.907	ESTABLE
19305	0.225	1.504	1.548	ESTABLE
3452	0.248	1.744	1.73	ESTABLE
612	0.251	1.852	1.885	ESTABLE
3087	0.228	1.509	1.672	INESTABLE
16591	0.235	1.723	1.701	ESTABLE
17701	0.254	1.847	1.89	ESTABLE
18383	0.211	1.626	1.596	ESTABLE
8320	0.237	1.723	1.841	ESTABLE
7409	0.269	2.046	1.947	ESTABLE
582	0.251	1.878	1.93	ESTABLE
2971	0.224	1.546	1.632	ESTABLE
11643	0.235	1.623	1.681	ESTABLE
4083	0.257	1.943	1.868	ESTABLE
13300	0.245	1.767	1.756	ESTABLE
19580	0.211	1.542	1.585	ESTABLE
12823	0.218	1.535	1.485	ESTABLE
15738	0.232	1.547	1.587	ESTABLE
9755	0.243	1.682	1.701	ESTABLE
14176	0.253	1.907	2.004	ESTABLE
12677	0.22	1.502	1.512	ESTABLE
7017	0.251	1.805	1.784	ESTABLE
2725	0.242	1.628	1.679	ESTABLE
2406	0.221	1.587	1.574	ESTABLE
935	0.246	1.814	1.827	ESTABLE
12650	0.218	1.527	1.45	ESTABLE
5335	0.23	1.673	1.57	ESTABLE
17358	0.244	1.847	1.723	ESTABLE
17443	0.246	1.878	1.896	ESTABLE
13434	0.236	1.772	1.703	ESTABLE
7870	0.236	1.733	1.782	ESTABLE
18448	0.225	1.63	1.609	ESTABLE
14706	0.233	1.843	1.75	ESTABLE
7474	0.255	1.96	1.911	ESTABLE
12251	0.234	1.574	1.588	ESTABLE
19144	0.23	1.586	1.681	ESTABLE
15288	0.222	1.6	1.597	ESTABLE
2332	0.215	1.519	1.547	ESTABLE
14516	0.254	1.91	1.907	ESTABLE
16878	0.242	1.866	1.79	ESTABLE
16678	0.245	1.782	1.769	ESTABLE
11876	0.232	1.695	1.73	ESTABLE
6819	0.24	1.705	1.749	ESTABLE
11966	0.237	1.673	1.733	ESTABLE
50	0.24	1.743	1.645	ESTABLE
12529	0.209	1.519	1.45	ESTABLE
8007	0.238	1.782	1.708	ESTABLE
17751	0.267	1.939	1.993	ESTABLE
248	0.249	1.88	1.826	ESTABLE
19684	0.216	1.495	1.509	ESTABLE
17341	0.257	1.781	1.86	ESTABLE
5066	0.24	1.79	1.798	ESTABLE
253	0.245	1.898	1.831	ESTABLE
11455	0.233	1.673	1.616	ESTABLE
3327	0.237	1.598	1.655	ESTABLE
15789	0.216	1.548	1.594	ESTABLE
16288	0.21	1.541	1.515	ESTABLE
29	0.242	1.82	1.75	ESTABLE
10761	0.245	1.878	1.932	ESTABLE
987	0.245	1.761	1.845	ESTABLE
4415	0.239	1.717	1.785	ESTABLE
13550	0.251	1.771	1.826	ESTABLE
17050	0.254	1.928	1.811	ESTABLE
7882	0.25	1.855	1.857	ESTABLE
14249	0.269	1.959	1.939	ESTABLE
17163	0.254	1.816	1.767	ESTABLE
15905	0.21	1.504	1.542	ESTABLE
14687	0.25	1.88	1.751	ESTABLE
12320	0.222	1.539	1.539	ESTABLE
4848	0.239	1.745	1.818	ESTABLE
9576	0.234	1.738	1.679	ESTABLE
5121	0.24	1.746	1.79	ESTABLE
16001	0.212	1.412	1.484	ESTABLE
8253	0.235	1.702	1.767	ESTABLE
767	0.241	1.83	1.864	ESTABLE
3136	0.219	1.517	1.577	ESTABLE
10250	0.241	1.698	1.707	ESTABLE
6502	0.226	1.645	1.636	ESTABLE
9929	0.235	1.734	1.791	ESTABLE
2357	0.211	1.553	1.521	ESTABLE
7932	0.24	1.773	1.742	ESTABLE
6283	0.229	1.616	1.694	ESTABLE
19154	0.225	1.606	1.692	ESTABLE
12326	0.215	1.559	1.612	ESTABLE
7810	0.249	1.849	1.804	ESTABLE
18389	0.222	1.657	1.653	ESTABLE
6950	0.244	1.771	1.738	ESTABLE
12293	0.214	1.539	1.548	ESTABLE
10959	0.251	2.003	1.951	ESTABLE
17548	0.248	1.81	1.835	ESTABLE
251	0.254	1.864	1.863	ESTABLE
13831	0.244	1.835	1.786	ESTABLE
1180	0.257	1.798	1.864	ESTABLE
19744	0.224	1.588	1.551	ESTABLE
8839	0.227	1.581	1.568	ESTABLE
11646	0.237	1.695	1.799	ESTABLE
6058	0.214	1.589	1.593	ESTABLE
809	0.248	1.825	1.86	ESTABLE
1950	0.224	1.601	1.553	ESTABLE
790	0.245	1.804	1.788	ESTABLE
19913	0.237	1.661	1.666	ESTABLE
13223	0.245	1.801	1.744	ESTABLE
6741	0.239	1.61	1.665	ESTABLE
10952	0.263	1.973	1.931	ESTABLE
6818	0.232	1.67	1.673	ESTABLE
18118	0.253	1.859	1.88	ESTABLE
16183	0.217	1.51	1.525	ESTABLE
5723	0.219	1.612	1.531	ESTABLE
12363	0.208	1.474	1.492	ESTABLE
16	0.24	1.794	1.693	ESTABLE
5260	0.241	1.708	1.681	ESTABLE
15320	0.226	1.617	1.585	ESTABLE
3322	0.232	1.633	1.647	ESTABLE
11400	0.24	1.714	1.699	ESTABLE
15189	0.224	1.572	1.576	ESTABLE
15642	0.228	1.636	1.648	ESTABLE
16291	0.217	1.48	1.537	ESTABLE
500	0.253	1.972	1.874	ESTABLE
9633	0.234	1.709	1.669	ESTABLE
434	0.259	1.909	1.975	ESTABLE
1356	0.254	1.901	1.985	ESTABLE
12374	0.221	1.549	1.631	ESTABLE
14237	0.26	1.965	2.017	ESTABLE
19508	0.204	1.431	1.547	ESTABLE
19498	0.227	1.597	1.584	ESTABLE
15448	0.229	1.723	1.763	ESTABLE
10718	0.262	1.976	1.991	ESTABLE
14144	0.253	1.822	1.852	ESTABLE
13408	0.251	1.789	1.782	ESTABLE
19553	0.221	1.601	1.605	ESTABLE
40	0.243	1.704	1.814	ESTABLE
11623	0.227	1.711	1.663	ESTABLE
10669	0.262	1.898	1.919	ESTABLE
17504	0.252	1.842	1.903	ESTABLE
2719	0.226	1.566	1.618	ESTABLE
16069	0.208	1.525	1.48	ESTABLE
12009	0.231	1.61	1.619	ESTABLE
1530	0.246	1.806	1.887	ESTABLE
19205	0.239	1.595	1.674	ESTABLE
11267	0.234	1.733	1.823	ESTABLE
15511	0.233	1.617	1.677	ESTABLE
6668	0.239	1.683	1.706	ESTABLE
10262	0.234	1.641	1.73	ESTABLE
7772	0.239	1.749	1.791	ESTABLE
8474	0.236	1.727	1.815	ESTABLE
18697	0.216	1.583	1.473	ESTABLE
10406	0.248	1.789	1.86	ESTABLE
10882	0.255	1.98	1.974	ESTABLE
1843	0.232	1.634	1.586	ESTABLE
17567	0.251	1.849	1.949	ESTABLE
13036	0.23	1.651	1.614	ESTABLE
8031	0.232	1.751	1.769	ESTABLE
2003	0.213	1.582	1.567	ESTABLE
5637	0.208	1.536	1.458	ESTABLE
3626	0.251	1.879	1.83	ESTABLE
3012	0.222	1.496	1.636	ESTABLE
1419	0.252	1.771	1.819	ESTABLE
10245	0.241	1.67	1.846	INESTABLE
19422	0.214	1.543	1.561	ESTABLE
4351	0.247	1.826	1.794	ESTABLE
8201	0.25	1.733	1.794	ESTABLE
2100	0.212	1.504	1.468	ESTABLE
10554	0.251	1.802	1.85	ESTABLE
18648	0.223	1.631	1.535	ESTABLE
17703	0.249	1.879	1.905	ESTABLE
1108	0.252	1.801	1.894	ESTABLE
148	0.245	1.771	1.795	ESTABLE
10683	0.249	1.851	1.903	ESTABLE
15674	0.234	1.578	1.618	ESTABLE
18209	0.248	1.837	1.698	ESTABLE
818	0.255	1.849	1.85	ESTABLE
6848	0.237	1.713	1.797	ESTABLE
1240	0.261	1.777	1.963	INESTABLE
5514	0.214	1.58	1.52	ESTABLE
2350	0.219	1.557	1.519	ESTABLE
44	0.247	1.819	1.743	ESTABLE
15932	0.219	1.543	1.608	ESTABLE
10775	0.254	1.959	1.982	ESTABLE
19772	0.218	1.574	1.498	ESTABLE
9682	0.238	1.735	1.678	ESTABLE
4646	0.241	1.799	1.805	ESTABLE
5019	0.241	1.714	1.747	ESTABLE
19974	0.228	1.715	1.67	ESTABLE
6626	0.229	1.609	1.725	ESTABLE
7590	0.256	1.945	1.869	ESTABLE
13978	0.262	1.776	1.806	ESTABLE
5289	0.227	1.668	1.642	ESTABLE
18356	0.213	1.656	1.518	ESTABLE
9858	0.232	1.69	1.713	ESTABLE
18394	0.227	1.744	1.669	ESTABLE
18514	0.213	1.549	1.48	ESTABLE
3317	0.215	1.557	1.598	ESTABLE
214	0.262	1.952	1.811	ESTABLE
10499	0.261	1.867	1.907	ESTABLE
5463	0.218	1.581	1.501	ESTABLE
15419	0.235	1.708	1.673	ESTABLE
19190	0.223	1.627	1.681	ESTABLE
17537	0.247	1.739	1.833	ESTABLE
7242	0.265	1.97	1.92	ESTABLE
9643	0.227	1.653	1.683	ESTABLE
13248	0.234	1.784	1.686	ESTABLE
5860	0.222	1.599	1.487	ESTABLE
15298	0.228	1.583	1.69	ESTABLE
6149	0.242	1.668	1.724	ESTABLE
11369	0.241	1.82	1.77	ESTABLE
14946	0.234	1.603	1.654	ESTABLE
14942	0.225	1.574	1.539	ESTABLE
12027	0.24	1.659	1.74	ESTABLE
13802	0.236	1.721	1.802	ESTABLE
11750	0.229	1.754	1.715	ESTABLE
18760	0.232	1.567	1.586	ESTABLE
17580	0.256	1.849	1.916	ESTABLE
14037	0.254	1.78	1.922	ESTABLE
19500	0.217	1.507	1.523	ESTABLE
2598	0.227	1.624	1.582	ESTABLE
15864	0.215	1.53	1.585	ESTABLE
455	0.251	1.945	1.827	ESTABLE
18589	0.218	1.572	1.46	ESTABLE
13517	0.24	1.77	1.803	ESTABLE
6257	0.229	1.663	1.667	ESTABLE
11888	0.236	1.646	1.718	ESTABLE
553	0.253	1.881	1.812	ESTABLE
6772	0.233	1.674	1.668	ESTABLE
283	0.259	1.913	1.895	ESTABLE
18482	0.214	1.599	1.586	ESTABLE
349	0.252	1.936	1.881	ESTABLE
7054	0.244	1.813	1.82	ESTABLE
5646	0.202	1.46	1.465	ESTABLE
14807	0.233	1.69	1.74	ESTABLE
11555	0.228	1.689	1.638	ESTABLE
3721	0.259	1.995	1.911	ESTABLE
5767	0.208	1.564	1.489	ESTABLE
19531	0.207	1.479	1.534	ESTABLE
2343	0.209	1.562	1.466	ESTABLE
14622	0.249	1.92	1.863	ESTABLE
9172	0.206	1.614	1.443	INESTABLE
6331	0.234	1.645	1.726	ESTABLE
15611	0.229	1.668	1.67	ESTABLE
14915	0.232	1.707	1.656	ESTABLE
699	0.244	1.862	1.858	ESTABLE
19579	0.227	1.644	1.664	ESTABLE
1554	0.243	1.914	1.782	ESTABLE
7236	0.26	2.043	1.914	ESTABLE
15991	0.202	1.527	1.473	ESTABLE
11105	0.255	1.934	1.871	ESTABLE
19242	0.227	1.659	1.743	ESTABLE
16967	0.254	1.906	1.848	ESTABLE
5720	0.209	1.564	1.519	ESTABLE
16593	0.239	1.803	1.692	ESTABLE
13150	0.248	1.813	1.689	ESTABLE
6228	0.232	1.699	1.728	ESTABLE
15609	0.23	1.63	1.665	ESTABLE
8283	0.242	1.769	1.781	ESTABLE
14719	0.253	1.838	1.754	ESTABLE
3972	0.271	2.098	2.076	ESTABLE
12761	0.213	1.533	1.489	ESTABLE
2301	0.214	1.465	1.509	ESTABLE
18225	0.243	1.845	1.696	ESTABLE
11673	0.241	1.686	1.696	ESTABLE
17279	0.247	1.776	1.923	ESTABLE
10678	0.254	1.959	1.955	ESTABLE
6833	0.234	1.749	1.725	ESTABLE
4081	0.246	1.954	1.866	ESTABLE
10898	0.258	1.986	1.939	ESTABLE
9302	0.205	1.513	1.392	ESTABLE
15602	0.231	1.676	1.711	ESTABLE
15865	0.217	1.525	1.568	ESTABLE
9998	0.247	1.791	1.783	ESTABLE
1243	0.243	1.905	1.883	ESTABLE
1187	0.246	1.847	1.886	ESTABLE
17111	0.246	1.886	1.88	ESTABLE
5659	0.216	1.54	1.545	ESTABLE
10338	0.246	1.737	1.84	ESTABLE
1830	0.223	1.618	1.648	ESTABLE
17579	0.244	1.81	1.916	ESTABLE
1293	0.247	1.871	1.94	ESTABLE
12615	0.213	1.458	1.55	ESTABLE
12103	0.222	1.527	1.689	INESTABLE
271	0.247	1.855	1.875	ESTABLE
12689	0.213	1.472	1.459	ESTABLE
8117	0.23	1.709	1.692	ESTABLE
12281	0.231	1.609	1.699	ESTABLE
13028	0.223	1.636	1.616	ESTABLE
7592	0.251	1.954	1.857	ESTABLE
19710	0.227	1.549	1.612	ESTABLE
11059	0.258	1.952	1.905	ESTABLE
10410	0.239	1.733	1.783	ESTABLE
3648	0.241	1.841	1.737	ESTABLE
8288	0.251	1.711	1.795	ESTABLE
13061	0.22	1.64	1.594	ESTABLE
11970	0.228	1.677	1.74	ESTABLE
3377	0.224	1.657	1.651	ESTABLE
9488	0.225	1.631	1.593	ESTABLE
6325	0.217	1.644	1.66	ESTABLE
8642	0.24	1.678	1.778	ESTABLE
18774	0.222	1.606	1.481	ESTABLE
18332	0.227	1.701	1.684	ESTABLE
4678	0.244	1.84	1.82	ESTABLE
2501	0.217	1.566	1.6	ESTABLE
4929	0.252	1.814	1.813	ESTABLE
18772	0.223	1.537	1.476	ESTABLE
4149	0.253	1.893	1.913	ESTABLE
12475	0.213	1.475	1.462	ESTABLE
8019	0.24	1.782	1.732	ESTABLE
3565	0.243	1.784	1.783	ESTABLE
19475	0.22	1.555	1.58	ESTABLE
618	0.256	1.935	1.953	ESTABLE
18068	0.254	1.881	1.816	ESTABLE
13454	0.24	1.767	1.741	ESTABLE
3074	0.219	1.492	1.548	ESTABLE
10874	0.265	1.992	1.972	ESTABLE
3072	0.219	1.579	1.636	ESTABLE
11973	0.235	1.607	1.699	ESTABLE
11432	0.233	1.73	1.605	ESTABLE
11582	0.226	1.616	1.698	ESTABLE
5138	0.232	1.694	1.723	ESTABLE
16056	0.225	1.574	1.561	ESTABLE
7667	0.254	1.986	1.838	ESTABLE
14218	0.263	1.933	1.927	ESTABLE
12700	0.215	1.528	1.514	ESTABLE
17472	0.25	1.823	1.834	ESTABLE
9579	0.237	1.687	1.66	ESTABLE
11349	0.236	1.773	1.815	ESTABLE
16208	0.218	1.503	1.47	ESTABLE
10472	0.251	1.682	1.842	INESTABLE
12256	0.228	1.561	1.685	ESTABLE
7370	0.265	1.999	1.944	ESTABLE
8875	0.227	1.593	1.579	ESTABLE
19336	0.221	1.541	1.595	ESTABLE
10372	0.248	1.793	1.81	ESTABLE
15464	0.235	1.642	1.68	ESTABLE
12329	0.221	1.582	1.552	ESTABLE
14504	0.259	1.962	1.921	ESTABLE
3456	0.23	1.685	1.75	ESTABLE
7574	0.264	1.982	1.904	ESTABLE
15961	0.212	1.445	1.557	ESTABLE
2855	0.218	1.573	1.631	ESTABLE
13661	0.221	1.748	1.793	ESTABLE
3951	0.26	2.02	1.951	ESTABLE
11738	0.232	1.735	1.759	ESTABLE
8493	0.253	1.777	1.819	ESTABLE
12714	0.209	1.54	1.479	ESTABLE
12479	0.198	1.466	1.458	ESTABLE
875	0.241	1.819	1.805	ESTABLE
13269	0.244	1.804	1.771	ESTABLE
18714	0.223	1.537	1.572	ESTABLE
12289	0.211	1.531	1.609	ESTABLE
1673	0.234	1.779	1.755	ESTABLE
7264	0.26	2.023	1.909	ESTABLE
19991	0.228	1.734	1.658	ESTABLE
4240	0.243	1.818	1.796	ESTABLE
12905	0.215	1.654	1.585	ESTABLE
16423	0.217	1.605	1.592	ESTABLE
15893	0.224	1.574	1.597	ESTABLE
17334	0.244	1.752	1.778	ESTABLE
5511	0.204	1.484	1.482	ESTABLE
8130	0.236	1.669	1.745	ESTABLE
19859	0.229	1.616	1.666	ESTABLE
10904	0.273	2.044	1.962	ESTABLE
2171	0.223	1.576	1.486	ESTABLE
18011	0.266	1.933	1.978	ESTABLE
4032	0.254	1.911	1.929	ESTABLE
8911	0.217	1.535	1.551	ESTABLE
1336	0.256	1.86	1.965	ESTABLE
15773	0.221	1.583	1.606	ESTABLE
15753	0.226	1.555	1.689	ESTABLE
12927	0.224	1.642	1.654	ESTABLE
12252	0.23	1.587	1.691	ESTABLE
9810	0.24	1.701	1.766	ESTABLE
16055	0.204	1.398	1.489	ESTABLE
1887	0.223	1.681	1.55	ESTABLE
1712	0.226	1.706	1.695	ESTABLE
12815	0.208	1.558	1.489	ESTABLE
1663	0.252	1.768	1.742	ESTABLE
16912	0.248	1.878	1.822	ESTABLE
1446	0.256	1.93	1.915	ESTABLE
12155	0.231	1.592	1.685	ESTABLE
14057	0.253	1.811	1.909	ESTABLE
19394	0.219	1.574	1.623	ESTABLE
18140	0.25	1.843	1.823	ESTABLE
6357	0.246	1.654	1.714	ESTABLE
9537	0.228	1.712	1.575	ESTABLE
1884	0.237	1.694	1.679	ESTABLE
18407	0.224	1.682	1.643	ESTABLE
6393	0.229	1.619	1.721	ESTABLE
5474	0.21	1.51	1.484	ESTABLE
4435	0.256	1.845	1.875	ESTABLE
18075	0.249	1.911	1.862	ESTABLE
16043	0.208	1.492	1.452	ESTABLE
16050	0.205	1.512	1.544	ESTABLE
6719	0.232	1.695	1.733	ESTABLE
8550	0.234	1.623	1.767	ESTABLE
14674	0.235	1.835	1.724	ESTABLE
5787	0.216	1.621	1.455	INESTABLE
17133	0.236	1.742	1.805	ESTABLE
592	0.253	1.94	1.843	ESTABLE
11154	0.256	1.935	1.858	ESTABLE
5651	0.204	1.465	1.372	ESTABLE
8713	0.231	1.642	1.656	ESTABLE
13822	0.255	1.767	1.86	ESTABLE
10322	0.23	1.732	1.745	ESTABLE
8121	0.233	1.702	1.769	ESTABLE
6035	0.223	1.612	1.677	ESTABLE
18750	0.211	1.597	1.55	ESTABLE
5156	0.235	1.71	1.719	ESTABLE
1025	0.251	1.844	1.829	ESTABLE
6680	0.227	1.6	1.749	ESTABLE
15545	0.237	1.677	1.77	ESTABLE
3220	0.211	1.528	1.631	ESTABLE
974	0.242	1.718	1.873	INESTABLE
17598	0.255	1.873	1.827	ESTABLE
9988	0.224	1.646	1.677	ESTABLE
17763	0.261	1.902	1.972	ESTABLE
7660	0.265	1.996	1.865	ESTABLE
4033	0.26	1.954	1.894	ESTABLE
8969	0.22	1.573	1.564	ESTABLE
3406	0.232	1.693	1.684	ESTABLE
10319	0.239	1.729	1.836	ESTABLE
3842	0.275	2.084	1.961	ESTABLE
2658	0.232	1.575	1.701	ESTABLE
18404	0.249	1.78	1.698	ESTABLE
303	0.259	1.889	1.874	ESTABLE
12764	0.207	1.541	1.426	ESTABLE
19132	0.222	1.547	1.628	ESTABLE
15549	0.227	1.604	1.653	ESTABLE
16036	0.205	1.487	1.448	ESTABLE
9277	0.215	1.451	1.495	ESTABLE
17300	0.244	1.843	1.838	ESTABLE
15294	0.224	1.604	1.699	ESTABLE
10303	0.239	1.735	1.773	ESTABLE
7954	0.233	1.831	1.752	ESTABLE
2305	0.226	1.573	1.552	ESTABLE
19060	0.215	1.528	1.547	ESTABLE
10552	0.257	1.856	1.911	ESTABLE
25	0.234	1.813	1.706	ESTABLE
958	0.249	1.816	1.906	ESTABLE
3115	0.218	1.593	1.569	ESTABLE
13913	0.239	1.707	1.806	ESTABLE
16814	0.244	1.835	1.801	ESTABLE
158	0.247	1.892	1.821	ESTABLE
13118	0.238	1.759	1.725	ESTABLE
5866	0.208	1.588	1.493	ESTABLE
14697	0.254	1.837	1.791	ESTABLE
15922	0.21	1.469	1.505	ESTABLE
15822	0.223	1.581	1.568	ESTABLE
6095	0.235	1.684	1.64	ESTABLE
14777	0.241	1.752	1.747	ESTABLE
14487	0.276	1.945	1.974	ESTABLE
10737	0.26	1.966	1.982	ESTABLE
13263	0.244	1.73	1.671	ESTABLE
19284	0.226	1.579	1.701	ESTABLE
13274	0.243	1.755	1.778	ESTABLE
16281	0.227	1.516	1.568	ESTABLE
9008	0.208	1.458	1.393	ESTABLE
6607	0.225	1.589	1.7	ESTABLE
15434	0.221	1.62	1.702	ESTABLE
9495	0.225	1.612	1.551	ESTABLE
13392	0.245	1.778	1.74	ESTABLE
4420	0.248	1.865	1.751	ESTABLE
8017	0.235	1.705	1.724	ESTABLE
11383	0.245	1.833	1.748	ESTABLE
3253	0.217	1.605	1.571	ESTABLE
14328	0.255	2.025	1.887	ESTABLE
104	0.24	1.766	1.746	ESTABLE
4227	0.253	1.859	1.809	ESTABLE
2696	0.23	1.659	1.649	ESTABLE
10770	0.256	1.923	1.927	ESTABLE
16213	0.216	1.52	1.429	ESTABLE
14980	0.227	1.605	1.657	ESTABLE
6243	0.238	1.73	1.744	ESTABLE
8943	0.215	1.516	1.538	ESTABLE
3632	0.248	1.892	1.887	ESTABLE
8759	0.219	1.571	1.673	ESTABLE
14205	0.252	1.949	1.933	ESTABLE
6919	0.23	1.681	1.718	ESTABLE
4465	0.253	1.834	1.816	ESTABLE
14011	0.248	1.811	1.861	ESTABLE
11019	0.254	1.9	1.873	ESTABLE
2639	0.219	1.662	1.587	ESTABLE
17938	0.268	1.986	1.938	ESTABLE
8372	0.233	1.748	1.776	ESTABLE
19621	0.208	1.494	1.557	ESTABLE
19653	0.219	1.483	1.592	ESTABLE
1028	0.248	1.792	1.871	ESTABLE
19504	0.222	1.467	1.55	ESTABLE
6208	0.225	1.62	1.622	ESTABLE
15841	0.218	1.529	1.588	ESTABLE
19119	0.23	1.608	1.666	ESTABLE
9941	0.234	1.725	1.736	ESTABLE
17747	0.258	1.912	1.915	ESTABLE
16038	0.22	1.572	1.519	ESTABLE
9393	0.202	1.518	1.449	ESTABLE
4453	0.239	1.727	1.692	ESTABLE
8432	0.242	1.759	1.853	ESTABLE
3036	0.218	1.533	1.654	ESTABLE
11605	0.23	1.723	1.69	ESTABLE
9669	0.237	1.651	1.694	ESTABLE
11206	0.241	1.87	1.803	ESTABLE
11399	0.233	1.702	1.697	ESTABLE
1795	0.238	1.694	1.621	ESTABLE
1520	0.261	1.876	1.828	ESTABLE
17437	0.257	1.792	1.951	INESTABLE
1786	0.226	1.681	1.655	ESTABLE
991	0.243	1.782	1.823	ESTABLE
8977	0.211	1.493	1.458	ESTABLE
14486	0.256	2.023	1.851	INESTABLE
343	0.255	1.884	1.853	ESTABLE
11249	0.244	1.806	1.794	ESTABLE
17601	0.241	1.825	1.867	ESTABLE
16215	0.23	1.615	1.544	ESTABLE
13062	0.234	1.746	1.64	ESTABLE
16085	0.219	1.478	1.519	ESTABLE
8003	0.243	1.765	1.739	ESTABLE
1962	0.216	1.554	1.513	ESTABLE
14383	0.271	1.993	2.014	ESTABLE
9290	0.206	1.445	1.419	ESTABLE
8324	0.243	1.743	1.833	ESTABLE
10644	0.256	1.891	1.903	ESTABLE
16662	0.25	1.816	1.81	ESTABLE
18254	0.248	1.755	1.751	ESTABLE
2273	0.206	1.6	1.426	INESTABLE
355	0.258	1.927	1.844	ESTABLE
17825	0.253	1.878	1.875	ESTABLE
17193	0.25	1.864	1.932	ESTABLE
6762	0.227	1.566	1.658	ESTABLE
445	0.252	1.923	1.903	ESTABLE
13764	0.237	1.788	1.8	ESTABLE
11621	0.232	1.742	1.674	ESTABLE
14596	0.251	1.893	1.834	ESTABLE
5785	0.221	1.543	1.536	ESTABLE
10661	0.258	1.945	1.965	ESTABLE
16365	0.222	1.562	1.565	ESTABLE
15920	0.217	1.548	1.508	ESTABLE
2847	0.22	1.622	1.585	ESTABLE
14906	0.23	1.726	1.638	ESTABLE
14220	0.261	1.988	1.988	ESTABLE
1051	0.243	1.693	1.771	ESTABLE
3216	0.213	1.552	1.622	ESTABLE
12507	0.2	1.482	1.412	ESTABLE
9349	0.215	1.569	1.5	ESTABLE
16093	0.205	1.403	1.483	ESTABLE
10317	0.229	1.748	1.744	ESTABLE
6851	0.229	1.689	1.715	ESTABLE
17987	0.264	1.89	2.006	ESTABLE
16032	0.215	1.548	1.531	ESTABLE
13578	0.229	1.775	1.809	ESTABLE
7340	0.251	1.974	1.924	ESTABLE
19359	0.23	1.611	1.646	ESTABLE
8541	0.244	1.717	1.763	ESTABLE
2825	0.219	1.579	1.613	ESTABLE
11873	0.233	1.688	1.725	ESTABLE
3423	0.244	1.7	1.722	ESTABLE
5943	0.22	1.577	1.552	ESTABLE
17214	0.241	1.804	1.912	ESTABLE
172	0.235	1.899	1.73	INESTABLE
1620	0.253	1.752	1.847	ESTABLE
17869	0.271	1.88	1.873	ESTABLE
6700	0.239	1.629	1.703	ESTABLE
6399	0.226	1.669	1.643	ESTABLE
8266	0.234	1.727	1.784	ESTABLE
8936	0.217	1.498	1.472	ESTABLE
5804	0.21	1.437	1.384	ESTABLE
777	0.254	1.865	1.849	ESTABLE
1140	0.241	1.772	1.891	ESTABLE
7085	0.244	1.89	1.839	ESTABLE
13326	0.245	1.788	1.79	ESTABLE
7454	0.256	1.959	1.909	ESTABLE
4772	0.25	1.758	1.817	ESTABLE
2828	0.218	1.501	1.675	INESTABLE
18056	0.237	1.871	1.836	ESTABLE
1117	0.246	1.796	1.861	ESTABLE
13618	0.242	1.728	1.814	ESTABLE
14547	0.252	1.861	1.871	ESTABLE
5541	0.203	1.487	1.454	ESTABLE
19595	0.211	1.54	1.55	ESTABLE
15762	0.211	1.496	1.587	ESTABLE
5263	0.224	1.732	1.586	ESTABLE
5790	0.219	1.536	1.449	ESTABLE
15641	0.219	1.6	1.61	ESTABLE
4785	0.239	1.746	1.841	ESTABLE
1058	0.253	1.783	1.865	ESTABLE
18304	0.229	1.767	1.678	ESTABLE
18195	0.249	1.748	1.831	ESTABLE
11852	0.246	1.669	1.755	ESTABLE
8209	0.237	1.76	1.762	ESTABLE
15256	0.227	1.614	1.626	ESTABLE
19846	0.211	1.603	1.622	ESTABLE
14541	0.267	1.983	1.907	ESTABLE
11298	0.245	1.76	1.737	ESTABLE
10783	0.266	1.99	1.957	ESTABLE
8083	0.232	1.713	1.69	ESTABLE
6527	0.217	1.598	1.601	ESTABLE
726	0.238	1.804	1.865	ESTABLE
9509	0.231	1.652	1.553	ESTABLE
3187	0.224	1.589	1.633	ESTABLE
12733	0.202	1.472	1.456	ESTABLE
8618	0.23	1.62	1.722	ESTABLE
15430	0.218	1.621	1.706	ESTABLE
18630	0.203	1.47	1.474	ESTABLE
6435	0.233	1.609	1.723	ESTABLE
5956	0.217	1.613	1.541	ESTABLE
11364	0.237	1.826	1.774	ESTABLE
13220	0.243	1.797	1.788	ESTABLE
16732	0.242	1.843	1.799	ESTABLE
2511	0.222	1.57	1.549	ESTABLE
18278	0.227	1.766	1.682	ESTABLE
3365	0.225	1.619	1.64	ESTABLE
9610	0.232	1.699	1.65	ESTABLE
16569	0.246	1.736	1.637	ESTABLE
15597	0.237	1.593	1.729	ESTABLE
9123	0.208	1.437	1.427	ESTABLE
7727	0.252	1.861	1.866	ESTABLE
15757	0.226	1.644	1.707	ESTABLE
2919	0.219	1.643	1.688	ESTABLE
7154	0.26	1.943	1.865	ESTABLE
8830	0.215	1.585	1.548	ESTABLE
1873	0.214	1.622	1.514	ESTABLE
17213	0.247	1.813	1.863	ESTABLE
17069	0.244	1.779	1.813	ESTABLE
14347	0.256	1.934	1.963	ESTABLE
5034	0.24	1.783	1.83	ESTABLE
2790	0.23	1.514	1.65	ESTABLE
13856	0.249	1.703	1.863	INESTABLE
2084	0.213	1.488	1.435	ESTABLE
7964	0.229	1.735	1.717	ESTABLE
9223	0.221	1.504	1.507	ESTABLE
10352	0.234	1.737	1.727	ESTABLE
11175	0.259	1.898	1.912	ESTABLE
11749	0.236	1.781	1.779	ESTABLE
2803	0.222	1.604	1.641	ESTABLE
6639	0.23	1.566	1.663	ESTABLE
2203	0.22	1.579	1.575	ESTABLE
16803	0.247	1.907	1.821	ESTABLE
19561	0.212	1.493	1.597	ESTABLE
1577	0.253	1.756	1.795	ESTABLE
4120	0.248	1.819	1.946	ESTABLE
4340	0.239	1.757	1.745	ESTABLE
115	0.246	1.806	1.794	ESTABLE
14770	0.229	1.761	1.714	ESTABLE
12935	0.224	1.584	1.535	ESTABLE
7437	0.269	2.071	1.983	ESTABLE
13072	0.234	1.827	1.641	INESTABLE
10414	0.243	1.77	1.767	ESTABLE
8305	0.25	1.78	1.753	ESTABLE
8791	0.216	1.533	1.586	ESTABLE
6635	0.223	1.603	1.708	ESTABLE
3998	0.268	1.931	1.869	ESTABLE
18539	0.217	1.623	1.556	ESTABLE
18628	0.224	1.545	1.544	ESTABLE
5968	0.217	1.548	1.577	ESTABLE
6742	0.22	1.635	1.758	ESTABLE
13809	0.244	1.781	1.82	ESTABLE
7150	0.251	1.949	1.876	ESTABLE
18848	0.217	1.556	1.623	ESTABLE
10569	0.237	1.796	1.824	ESTABLE
13468	0.253	1.784	1.829	ESTABLE
19107	0.226	1.637	1.658	ESTABLE
8720	0.246	1.651	1.638	ESTABLE
11838	0.24	1.705	1.723	ESTABLE
5509	0.221	1.541	1.555	ESTABLE
8125	0.23	1.736	1.813	ESTABLE
1983	0.216	1.564	1.549	ESTABLE
14925	0.227	1.628	1.635	ESTABLE
17883	0.249	1.859	1.904	ESTABLE
9102	0.215	1.539	1.437	ESTABLE
2013	0.205	1.556	1.491	ESTABLE
98	0.241	1.788	1.705	ESTABLE
5929	0.227	1.633	1.558	ESTABLE
338	0.249	1.927	1.849	ESTABLE
13907	0.238	1.72	1.85	ESTABLE
1783	0.226	1.589	1.606	ESTABLE
3192	0.216	1.553	1.604	ESTABLE
6585	0.231	1.624	1.684	ESTABLE
13509	0.241	1.777	1.873	ESTABLE
9501	0.223	1.561	1.547	ESTABLE
812	0.249	1.753	1.873	ESTABLE
15455	0.229	1.668	1.684	ESTABLE
6827	0.222	1.652	1.669	ESTABLE
555	0.246	1.904	1.863	ESTABLE
3178	0.231	1.622	1.612	ESTABLE
5447	0.222	1.534	1.49	ESTABLE
824	0.253	1.808	1.827	ESTABLE
7282	0.245	1.864	1.923	ESTABLE
18682	0.219	1.549	1.487	ESTABLE
19279	0.214	1.569	1.646	ESTABLE
14657	0.254	1.867	1.87	ESTABLE
9405	0.209	1.558	1.534	ESTABLE
18854	0.219	1.552	1.517	ESTABLE
18214	0.237	1.805	1.759	ESTABLE
2356	0.225	1.615	1.496	ESTABLE
2307	0.215	1.561	1.462	ESTABLE
12994	0.227	1.665	1.623	ESTABLE
11103	0.264	1.978	1.877	ESTABLE
7576	0.266	1.98	1.879	ESTABLE
15428	0.226	1.599	1.716	ESTABLE
13726	0.245	1.767	1.781	ESTABLE
19432	0.225	1.533	1.623	ESTABLE
15507	0.234	1.673	1.656	ESTABLE
11697	0.228	1.658	1.745	ESTABLE
19602	0.224	1.483	1.544	ESTABLE
2899	0.232	1.618	1.664	ESTABLE
16244	0.211	1.494	1.45	ESTABLE
1968	0.219	1.671	1.557	ESTABLE
16432	0.223	1.654	1.663	ESTABLE
3498	0.235	1.742	1.74	ESTABLE
6925	0.228	1.758	1.784	ESTABLE
1656	0.233	1.76	1.689	ESTABLE
772	0.241	1.806	1.764	ESTABLE
10908	0.267	1.96	2.016	ESTABLE
981	0.245	1.73	1.784	ESTABLE
17964	0.25	1.949	1.956	ESTABLE
14661	0.244	1.812	1.752	ESTABLE
18610	0.218	1.571	1.57	ESTABLE
16147	0.208	1.514	1.569	ESTABLE
14146	0.26	1.885	1.976	ESTABLE
5296	0.218	1.61	1.647	ESTABLE
17026	0.247	1.803	1.848	ESTABLE
12630	0.206	1.506	1.39	ESTABLE
12635	0.208	1.454	1.344	ESTABLE
1593	0.258	1.839	1.83	ESTABLE
12722	0.216	1.527	1.477	ESTABLE
9240	0.199	1.439	1.448	ESTABLE
8175	0.237	1.717	1.767	ESTABLE
17110	0.241	1.905	1.797	ESTABLE
13751	0.24	1.702	1.735	ESTABLE
19380	0.223	1.515	1.525	ESTABLE
5032	0.245	1.785	1.82	ESTABLE
792	0.247	1.788	1.892	ESTABLE
2039	0.222	1.584	1.569	ESTABLE
13760	0.237	1.695	1.793	ESTABLE
5888	0.218	1.516	1.52	ESTABLE
17898	0.269	2.006	1.994	ESTABLE
2418	0.216	1.526	1.522	ESTABLE
13521	0.245	1.782	1.832	ESTABLE
6161	0.234	1.711	1.652	ESTABLE
15069	0.226	1.643	1.604	ESTABLE
3665	0.267	1.973	1.886	ESTABLE
1194	0.253	1.903	1.887	ESTABLE
9663	0.232	1.688	1.588	ESTABLE
4059	0.256	1.941	1.874	ESTABLE
6569	0.225	1.579	1.644	ESTABLE
15637	0.217	1.54	1.616	ESTABLE
7417	0.24	1.932	1.922	ESTABLE
13955	0.239	1.758	1.884	ESTABLE
13730	0.234	1.746	1.816	ESTABLE
4329	0.249	1.808	1.791	ESTABLE
14032	0.256	1.875	1.86	ESTABLE
728	0.249	1.854	1.849	ESTABLE
13946	0.249	1.807	1.837	ESTABLE
17101	0.249	1.746	1.79	ESTABLE
1806	0.228	1.649	1.68	ESTABLE
6683	0.236	1.654	1.691	ESTABLE
11442	0.223	1.738	1.695	ESTABLE
6203	0.227	1.639	1.658	ESTABLE
15187	0.24	1.633	1.696	ESTABLE
5944	0.212	1.569	1.501	ESTABLE
12734	0.211	1.475	1.454	ESTABLE
11243	0.253	1.889	1.782	ESTABLE
1415	0.243	1.873	1.92	ESTABLE
6001	0.211	1.557	1.595	ESTABLE
4603	0.24	1.788	1.813	ESTABLE
12748	0.21	1.511	1.45	ESTABLE
18025	0.254	1.804	1.859	ESTABLE
13364	0.23	1.703	1.721	ESTABLE
17611	0.257	1.866	1.955	ESTABLE
11557	0.234	1.69	1.729	ESTABLE
17827	0.254	1.891	1.844	ESTABLE
11654	0.229	1.722	1.658	ESTABLE
18717	0.196	1.457	1.487	ESTABLE
18570	0.22	1.613	1.476	ESTABLE
3458	0.24	1.684	1.751	ESTABLE
16082	0.229	1.568	1.583	ESTABLE
16606	0.245	1.813	1.773	ESTABLE
12593	0.21	1.492	1.411	ESTABLE
1339	0.254	1.862	1.935	ESTABLE
14880	0.218	1.709	1.614	ESTABLE
9103	0.216	1.492	1.501	ESTABLE
5098	0.23	1.739	1.811	ESTABLE
8	0.248	1.79	1.796	ESTABLE
14004	0.243	1.812	1.866	ESTABLE
7180	0.259	1.961	1.935	ESTABLE
7498	0.255	2	1.906	ESTABLE
11469	0.236	1.654	1.613	ESTABLE
3823	0.249	1.958	1.919	ESTABLE
5485	0.218	1.61	1.567	ESTABLE
13585	0.245	1.843	1.914	ESTABLE
2483	0.231	1.596	1.529	ESTABLE
7431	0.258	1.988	1.885	ESTABLE
13302	0.249	1.806	1.784	ESTABLE
2146	0.221	1.549	1.502	ESTABLE
15621	0.235	1.643	1.672	ESTABLE
6708	0.23	1.638	1.67	ESTABLE
15283	0.233	1.664	1.612	ESTABLE
12112	0.224	1.585	1.764	INESTABLE
18158	0.24	1.735	1.775	ESTABLE
19960	0.23	1.643	1.624	ESTABLE
11650	0.235	1.639	1.647	ESTABLE
11977	0.229	1.681	1.778	ESTABLE
19453	0.232	1.512	1.614	ESTABLE
822	0.255	1.861	1.841	ESTABLE
15543	0.234	1.628	1.716	ESTABLE
1068	0.251	1.789	1.816	ESTABLE
13080	0.219	1.705	1.733	ESTABLE
4139	0.258	1.912	1.877	ESTABLE
11530	0.222	1.725	1.677	ESTABLE
17070	0.252	1.843	1.876	ESTABLE
9522	0.23	1.596	1.626	ESTABLE
16302	0.23	1.6	1.524	ESTABLE
16448	0.226	1.63	1.61	ESTABLE
6924	0.237	1.742	1.809	ESTABLE
8589	0.24	1.677	1.777	ESTABLE
13247	0.228	1.773	1.744	ESTABLE
14580	0.249	1.849	1.881	ESTABLE
15828	0.21	1.479	1.569	ESTABLE
19832	0.221	1.602	1.565	ESTABLE
15739	0.228	1.638	1.672	ESTABLE
18259	0.245	1.823	1.638	INESTABLE
17236	0.241	1.797	1.757	ESTABLE
15470	0.243	1.621	1.637	ESTABLE
13218	0.244	1.861	1.715	ESTABLE
19719	0.217	1.468	1.581	ESTABLE
5542	0.209	1.521	1.413	ESTABLE
12047	0.22	1.623	1.718	ESTABLE
5113	0.231	1.774	1.727	ESTABLE
10673	0.261	1.859	1.926	ESTABLE
10517	0.231	1.788	1.826	ESTABLE
18653	0.216	1.646	1.551	ESTABLE
11539	0.238	1.719	1.734	ESTABLE
10968	0.241	2.028	1.869	INESTABLE
6879	0.24	1.751	1.718	ESTABLE
17478	0.249	1.854	1.869	ESTABLE
19210	0.226	1.566	1.605	ESTABLE
19582	0.218	1.475	1.49	ESTABLE
743	0.259	1.846	1.902	ESTABLE
9786	0.219	1.683	1.635	ESTABLE
3109	0.229	1.568	1.701	ESTABLE
19962	0.228	1.693	1.67	ESTABLE
13368	0.251	1.866	1.768	ESTABLE
7619	0.267	1.97	1.906	ESTABLE
9674	0.235	1.706	1.664	ESTABLE
8659	0.242	1.714	1.758	ESTABLE
6296	0.233	1.662	1.656	ESTABLE
2992	0.216	1.605	1.594	ESTABLE
11366	0.234	1.719	1.709	ESTABLE
2170	0.201	1.449	1.445	ESTABLE
10698	0.247	1.907	1.877	ESTABLE
14230	0.263	1.966	2.015	ESTABLE
291	0.244	1.954	1.815	ESTABLE
15015	0.222	1.623	1.603	ESTABLE
491	0.259	1.973	1.897	ESTABLE
13847	0.232	1.712	1.821	ESTABLE
16256	0.229	1.574	1.527	ESTABLE
13082	0.244	1.756	1.685	ESTABLE
17920	0.268	1.958	1.921	ESTABLE
7163	0.262	1.953	1.881	ESTABLE
4546	0.24	1.685	1.855	INESTABLE
16907	0.25	1.862	1.809	ESTABLE
1289	0.255	1.931	1.9	ESTABLE
5841	0.219	1.559	1.592	ESTABLE
10331	0.246	1.662	1.809	ESTABLE
10765	0.273	1.99	1.976	ESTABLE
11576	0.241	1.668	1.643	ESTABLE
14816	0.244	1.809	1.678	ESTABLE
6176	0.229	1.664	1.638	ESTABLE
3703	0.247	1.888	1.822	ESTABLE
6258	0.229	1.665	1.686	ESTABLE
14467	0.252	1.949	1.899	ESTABLE
11689	0.223	1.643	1.699	ESTABLE
14078	0.254	1.897	1.922	ESTABLE
7542	0.264	1.942	1.935	ESTABLE
13754	0.243	1.763	1.81	ESTABLE
4209	0.249	1.865	1.877	ESTABLE
15123	0.222	1.633	1.658	ESTABLE
1270	0.26	1.88	1.923	ESTABLE
8767	0.221	1.594	1.646	ESTABLE
6356	0.228	1.651	1.668	ESTABLE
14250	0.257	1.945	1.937	ESTABLE
7253	0.264	1.972	1.994	ESTABLE
11309	0.237	1.781	1.756	ESTABLE
16799	0.247	1.873	1.789	ESTABLE
18055	0.255	1.853	1.805	ESTABLE
12067	0.231	1.69	1.699	ESTABLE
14142	0.233	1.807	1.941	ESTABLE
14431	0.251	1.892	1.925	ESTABLE
2923	0.221	1.551	1.631	ESTABLE
113	0.239	1.877	1.729	ESTABLE
7707	0.239	1.856	1.805	ESTABLE
4825	0.253	1.848	1.901	ESTABLE
5774	0.225	1.614	1.504	ESTABLE
1131	0.245	1.826	1.918	ESTABLE
9186	0.212	1.511	1.492	ESTABLE
10182	0.231	1.674	1.715	ESTABLE
17371	0.241	1.781	1.93	ESTABLE
6118	0.239	1.672	1.607	ESTABLE
16935	0.254	1.896	1.922	ESTABLE
11295	0.228	1.746	1.745	ESTABLE
12433	0.217	1.483	1.528	ESTABLE
1953	0.224	1.615	1.481	ESTABLE
15211	0.23	1.725	1.657	ESTABLE
12364	0.218	1.527	1.513	ESTABLE
14792	0.247	1.895	1.736	INESTABLE
2290	0.207	1.616	1.5	ESTABLE
6235	0.226	1.596	1.68	ESTABLE
3525	0.247	1.786	1.739	ESTABLE
19592	0.215	1.504	1.547	ESTABLE
19095	0.207	1.525	1.602	ESTABLE
16695	0.243	1.775	1.724	ESTABLE
5214	0.221	1.596	1.661	ESTABLE
5638	0.214	1.509	1.452	ESTABLE
6974	0.248	1.746	1.776	ESTABLE
14131	0.254	1.879	1.953	ESTABLE
15968	0.206	1.392	1.467	ESTABLE
8160	0.251	1.747	1.8	ESTABLE
13490	0.233	1.722	1.792	ESTABLE
2353	0.219	1.53	1.556	ESTABLE
11200	0.243	1.831	1.798	ESTABLE
7281	0.25	1.973	1.963	ESTABLE
16994	0.262	1.935	1.906	ESTABLE
9848	0.235	1.702	1.679	ESTABLE
10292	0.246	1.695	1.747	ESTABLE
6729	0.226	1.65	1.694	ESTABLE
15975	0.222	1.531	1.591	ESTABLE
11139	0.26	1.875	1.888	ESTABLE
9079	0.209	1.453	1.377	ESTABLE
19461	0.215	1.49	1.602	ESTABLE
934	0.245	1.835	1.904	ESTABLE
17577	0.267	1.87	1.936	ESTABLE
13837	0.236	1.732	1.822	ESTABLE
11258	0.245	1.718	1.732	ESTABLE
13557	0.241	1.812	1.843	ESTABLE
9359	0.222	1.644	1.543	ESTABLE
7386	0.259	1.997	1.953	ESTABLE
19883	0.224	1.694	1.636	ESTABLE
17276	0.248	1.82	1.878	ESTABLE
19598	0.205	1.515	1.579	ESTABLE
15159	0.224	1.648	1.681	ESTABLE
3940	0.254	1.984	1.945	ESTABLE
13653	0.257	1.777	1.871	ESTABLE
6562	0.23	1.693	1.726	ESTABLE
8996	0.217	1.544	1.532	ESTABLE
6214	0.226	1.68	1.707	ESTABLE
17789	0.261	1.867	1.987	ESTABLE
13196	0.237	1.763	1.7	ESTABLE
15725	0.213	1.546	1.561	ESTABLE
4899	0.256	1.793	1.846	ESTABLE
12664	0.212	1.489	1.539	ESTABLE
11517	0.23	1.665	1.68	ESTABLE
13365	0.244	1.786	1.793	ESTABLE
12856	0.216	1.523	1.429	ESTABLE
12828	0.221	1.547	1.464	ESTABLE
12756	0.221	1.516	1.451	ESTABLE
16991	0.238	1.811	1.841	ESTABLE
1494	0.252	1.924	1.901	ESTABLE
9232	0.195	1.503	1.408	ESTABLE
5548	0.216	1.505	1.493	ESTABLE
5679	0.208	1.534	1.463	ESTABLE
16542	0.232	1.742	1.699	ESTABLE
5577	0.209	1.464	1.439	ESTABLE
1491	0.242	1.811	1.838	ESTABLE
19391	0.224	1.552	1.599	ESTABLE
6008	0.229	1.583	1.605	ESTABLE
9799	0.241	1.791	1.75	ESTABLE
9599	0.221	1.707	1.599	ESTABLE
4395	0.251	1.807	1.846	ESTABLE
12940	0.217	1.61	1.528	ESTABLE
16474	0.228	1.675	1.608	ESTABLE
4631	0.246	1.776	1.902	ESTABLE
2380	0.199	1.492	1.47	ESTABLE
5100	0.237	1.686	1.775	ESTABLE
17104	0.255	1.785	1.919	ESTABLE
7013	0.233	1.752	1.793	ESTABLE
788	0.253	1.866	1.917	ESTABLE
17054	0.25	1.815	1.832	ESTABLE
13139	0.245	1.707	1.744	ESTABLE
12820	0.207	1.543	1.407	ESTABLE
1698	0.229	1.711	1.686	ESTABLE
8605	0.236	1.669	1.722	ESTABLE
13637	0.243	1.786	1.839	ESTABLE
12954	0.221	1.621	1.6	ESTABLE
14731	0.244	1.831	1.754	ESTABLE
5125	0.228	1.658	1.704	ESTABLE
999	0.255	1.786	1.849	ESTABLE
4532	0.243	1.77	1.843	ESTABLE
10123	0.231	1.726	1.769	ESTABLE
11816	0.244	1.73	1.72	ESTABLE
13255	0.226	1.762	1.773	ESTABLE
4526	0.25	1.745	1.817	ESTABLE
14655	0.249	1.873	1.786	ESTABLE
17774	0.247	1.902	1.994	ESTABLE
926	0.24	1.793	1.829	ESTABLE
18678	0.199	1.508	1.46	ESTABLE
16781	0.257	1.908	1.845	ESTABLE
19762	0.217	1.534	1.526	ESTABLE
13165	0.246	1.785	1.694	ESTABLE
920	0.244	1.8	1.831	ESTABLE
7627	0.242	1.858	1.852	ESTABLE
7090	0.254	1.846	1.877	ESTABLE
5692	0.212	1.562	1.472	ESTABLE
8440	0.251	1.711	1.743	ESTABLE
15232	0.221	1.607	1.642	ESTABLE
18904	0.23	1.597	1.62	ESTABLE
14020	0.254	1.85	1.931	ESTABLE
3752	0.253	1.913	1.86	ESTABLE
6239	0.221	1.607	1.703	ESTABLE
15906	0.21	1.566	1.552	ESTABLE
3733	0.247	1.917	1.873	ESTABLE
12064	0.222	1.604	1.675	ESTABLE
4038	0.249	1.956	1.847	ESTABLE
7347	0.262	2.013	1.993	ESTABLE
19981	0.237	1.752	1.685	ESTABLE
19922	0.234	1.716	1.719	ESTABLE
9239	0.212	1.49	1.415	ESTABLE
8066	0.239	1.72	1.774	ESTABLE
8455	0.239	1.698	1.765	ESTABLE
4802	0.252	1.806	1.888	ESTABLE
8895	0.226	1.577	1.549	ESTABLE
12936	0.225	1.615	1.591	ESTABLE
545	0.247	1.83	1.828	ESTABLE
3981	0.265	2.013	1.986	ESTABLE
3889	0.253	1.928	1.84	ESTABLE
10981	0.265	1.975	1.945	ESTABLE
13807	0.249	1.851	1.839	ESTABLE
5041	0.235	1.727	1.736	ESTABLE
6308	0.235	1.602	1.634	ESTABLE
11842	0.221	1.54	1.663	ESTABLE
7638	0.24	1.857	1.896	ESTABLE
9814	0.235	1.784	1.749	ESTABLE
9044	0.212	1.505	1.462	ESTABLE
2450	0.224	1.604	1.621	ESTABLE
2915	0.23	1.624	1.636	ESTABLE
13602	0.247	1.874	1.822	ESTABLE
383	0.256	1.921	1.871	ESTABLE
3892	0.264	1.998	1.999	ESTABLE
16059	0.2	1.417	1.496	ESTABLE
9759	0.243	1.706	1.737	ESTABLE
5763	0.198	1.446	1.449	ESTABLE
14119	0.239	1.842	1.943	ESTABLE
729	0.251	1.887	1.958	ESTABLE
17881	0.262	1.891	1.95	ESTABLE
13423	0.245	1.815	1.878	ESTABLE
3100	0.221	1.566	1.646	ESTABLE
6547	0.226	1.685	1.649	ESTABLE
8206	0.229	1.716	1.753	ESTABLE
19708	0.214	1.472	1.514	ESTABLE
18210	0.248	1.807	1.744	ESTABLE
12248	0.228	1.562	1.702	ESTABLE
9467	0.217	1.599	1.617	ESTABLE
5612	0.205	1.51	1.426	ESTABLE
778	0.236	1.721	1.809	ESTABLE
9987	0.244	1.748	1.7	ESTABLE
7096	0.251	1.897	1.865	ESTABLE
4063	0.259	1.923	1.876	ESTABLE
691	0.247	1.858	1.813	ESTABLE
13836	0.251	1.748	1.787	ESTABLE
8570	0.243	1.72	1.794	ESTABLE
1481	0.252	1.863	1.884	ESTABLE
8509	0.235	1.742	1.785	ESTABLE
4733	0.24	1.758	1.797	ESTABLE
12648	0.215	1.564	1.341	INESTABLE
18241	0.23	1.747	1.747	ESTABLE
10578	0.256	1.836	1.883	ESTABLE
5722	0.211	1.471	1.49	ESTABLE
8430	0.257	1.765	1.873	ESTABLE
5853	0.227	1.608	1.512	ESTABLE
4606	0.247	1.79	1.796	ESTABLE
6271	0.224	1.564	1.657	ESTABLE
19417	0.225	1.516	1.639	ESTABLE
12600	0.217	1.523	1.552	ESTABLE
14270	0.257	1.995	1.9	ESTABLE
16470	0.223	1.609	1.698	ESTABLE
17411	0.251	1.879	1.829	ESTABLE
4380	0.249	1.824	1.894	ESTABLE
10564	0.25	1.814	1.822	ESTABLE
13400	0.238	1.79	1.808	ESTABLE
17570	0.25	1.816	1.901	ESTABLE
5226	0.215	1.62	1.69	ESTABLE
7436	0.267	1.97	1.972	ESTABLE
15257	0.224	1.608	1.562	ESTABLE
15275	0.217	1.551	1.523	ESTABLE
5781	0.214	1.555	1.432	ESTABLE
933	0.246	1.815	1.812	ESTABLE
4066	0.248	1.986	1.864	ESTABLE
18636	0.21	1.541	1.451	ESTABLE
5813	0.214	1.562	1.486	ESTABLE
13290	0.244	1.792	1.755	ESTABLE
13111	0.228	1.795	1.721	ESTABLE
12726	0.209	1.486	1.512	ESTABLE
8311	0.242	1.71	1.803	ESTABLE
10726	0.269	2.013	1.96	ESTABLE
3509	0.253	1.816	1.777	ESTABLE
12307	0.233	1.473	1.595	ESTABLE
17760	0.276	1.921	2.022	ESTABLE
7604	0.25	2.007	1.846	INESTABLE
3341	0.231	1.621	1.587	ESTABLE
6834	0.247	1.719	1.708	ESTABLE
1428	0.255	1.864	1.893	ESTABLE
18977	0.214	1.549	1.538	ESTABLE
19723	0.237	1.57	1.599	ESTABLE
8449	0.24	1.744	1.74	ESTABLE
18060	0.242	1.891	1.854	ESTABLE
2656	0.226	1.587	1.667	ESTABLE
14593	0.269	1.935	1.898	ESTABLE
5998	0.234	1.605	1.618	ESTABLE
3158	0.213	1.552	1.59	ESTABLE
19053	0.224	1.57	1.662	ESTABLE
858	0.23	1.777	1.855	ESTABLE
16452	0.231	1.746	1.626	ESTABLE
3662	0.251	1.917	1.84	ESTABLE
14941	0.219	1.649	1.659	ESTABLE
9952	0.253	1.765	1.744	ESTABLE
4308	0.228	1.772	1.734	ESTABLE
14634	0.248	1.884	1.836	ESTABLE
1877	0.24	1.687	1.654	ESTABLE
10092	0.235	1.694	1.756	ESTABLE
12573	0.209	1.453	1.477	ESTABLE
6970	0.245	1.839	1.804	ESTABLE
1827	0.23	1.709	1.799	ESTABLE
1134	0.253	1.829	1.855	ESTABLE
9298	0.22	1.576	1.521	ESTABLE
5626	0.202	1.487	1.454	ESTABLE
19020	0.228	1.637	1.618	ESTABLE
16517	0.232	1.724	1.643	ESTABLE
16116	0.22	1.551	1.493	ESTABLE
6193	0.226	1.613	1.608	ESTABLE
17656	0.26	1.847	1.888	ESTABLE
18302	0.222	1.728	1.67	ESTABLE
7701	0.242	1.866	1.814	ESTABLE
11926	0.22	1.599	1.712	ESTABLE
7025	0.255	1.819	1.882	ESTABLE
13670	0.241	1.724	1.785	ESTABLE
13316	0.233	1.701	1.709	ESTABLE
1198	0.258	1.851	1.95	ESTABLE
13568	0.246	1.847	1.789	ESTABLE
9873	0.233	1.697	1.718	ESTABLE
19952	0.228	1.73	1.651	ESTABLE
14785	0.23	1.755	1.66	ESTABLE
13942	0.24	1.704	1.815	ESTABLE
2323	0.22	1.55	1.511	ESTABLE
6839	0.229	1.679	1.711	ESTABLE
11815	0.228	1.722	1.774	ESTABLE
6321	0.228	1.609	1.668	ESTABLE
1769	0.238	1.74	1.639	ESTABLE
13990	0.245	1.861	1.857	ESTABLE
18342	0.233	1.658	1.666	ESTABLE
6044	0.225	1.647	1.652	ESTABLE
7001	0.25	1.709	1.848	ESTABLE
16381	0.22	1.634	1.604	ESTABLE
4335	0.244	1.76	1.771	ESTABLE
18197	0.245	1.761	1.799	ESTABLE
9697	0.239	1.709	1.75	ESTABLE
3537	0.241	1.734	1.753	ESTABLE
7942	0.24	1.786	1.728	ESTABLE
13937	0.251	1.752	1.857	ESTABLE
8683	0.223	1.65	1.666	ESTABLE
16279	0.225	1.516	1.597	ESTABLE
4965	0.248	1.851	1.897	ESTABLE
12098	0.218	1.624	1.692	ESTABLE
16103	0.215	1.503	1.506	ESTABLE
12439	0.211	1.467	1.414	ESTABLE
16905	0.253	1.811	1.812	ESTABLE
11487	0.246	1.797	1.734	ESTABLE
12135	0.231	1.585	1.732	ESTABLE
5271	0.23	1.679	1.722	ESTABLE
5810	0.205	1.533	1.468	ESTABLE
7535	0.258	1.896	1.907	ESTABLE
9716	0.252	1.764	1.773	ESTABLE
17025	0.253	1.779	1.783	ESTABLE
8048	0.251	1.768	1.742	ESTABLE
19198	0.228	1.58	1.65	ESTABLE
18598	0.223	1.56	1.558	ESTABLE
13071	0.229	1.719	1.604	ESTABLE
482	0.256	1.944	1.922	ESTABLE
16225	0.228	1.569	1.593	ESTABLE
6676	0.235	1.626	1.694	ESTABLE
13701	0.248	1.718	1.774	ESTABLE
2633	0.233	1.662	1.688	ESTABLE
12746	0.206	1.496	1.512	ESTABLE
7791	0.244	1.817	1.733	ESTABLE
9691	0.232	1.696	1.612	ESTABLE
442	0.264	1.983	1.885	ESTABLE
6621	0.214	1.609	1.677	ESTABLE
6904	0.24	1.77	1.755	ESTABLE
9968	0.24	1.729	1.674	ESTABLE
8595	0.24	1.682	1.699	ESTABLE
7257	0.252	1.938	1.884	ESTABLE
17609	0.247	1.856	1.904	ESTABLE
15378	0.23	1.619	1.656	ESTABLE
15452	0.227	1.642	1.706	ESTABLE
15383	0.224	1.617	1.683	ESTABLE
19235	0.222	1.546	1.632	ESTABLE
14050	0.247	1.799	1.93	ESTABLE
2297	0.215	1.594	1.544	ESTABLE
4457	0.242	1.858	1.82	ESTABLE
5848	0.226	1.583	1.556	ESTABLE
14753	0.246	1.817	1.777	ESTABLE
7223	0.261	1.922	1.928	ESTABLE
9933	0.233	1.733	1.752	ESTABLE
1089	0.246	1.774	1.879	ESTABLE
2727	0.229	1.616	1.729	ESTABLE
12502	0.207	1.526	1.444	ESTABLE
9175	0.219	1.524	1.481	ESTABLE
13064	0.226	1.709	1.581	ESTABLE
10316	0.238	1.73	1.744	ESTABLE
12890	0.22	1.57	1.551	ESTABLE
14127	0.249	1.869	1.892	ESTABLE
5257	0.227	1.626	1.687	ESTABLE
3302	0.217	1.636	1.605	ESTABLE
4498	0.252	1.8	1.806	ESTABLE
15714	0.212	1.583	1.632	ESTABLE
4233	0.257	1.906	1.866	ESTABLE
12435	0.208	1.505	1.493	ESTABLE
5309	0.223	1.617	1.562	ESTABLE
14550	0.258	1.954	1.89	ESTABLE
7058	0.243	1.843	1.812	ESTABLE
9201	0.225	1.487	1.464	ESTABLE
14931	0.234	1.706	1.633	ESTABLE
10502	0.245	1.781	1.846	ESTABLE
2081	0.217	1.543	1.445	ESTABLE
17575	0.255	1.831	1.891	ESTABLE
1031	0.243	1.858	1.782	ESTABLE
11410	0.237	1.708	1.703	ESTABLE
10070	0.229	1.644	1.738	ESTABLE
17636	0.255	1.842	1.895	ESTABLE
8405	0.227	1.724	1.748	ESTABLE
19737	0.209	1.513	1.555	ESTABLE
9323	0.217	1.568	1.517	ESTABLE
10701	0.257	1.852	1.968	ESTABLE
7815	0.258	1.867	1.805	ESTABLE
14898	0.228	1.767	1.638	ESTABLE
18229	0.24	1.812	1.696	ESTABLE
10535	0.255	1.801	1.828	ESTABLE
13480	0.238	1.682	1.797	ESTABLE
6885	0.237	1.724	1.736	ESTABLE
19118	0.23	1.581	1.584	ESTABLE
5603	0.215	1.531	1.408	ESTABLE
8990	0.204	1.453	1.429	ESTABLE
7344	0.24	1.911	1.909	ESTABLE
15759	0.222	1.601	1.627	ESTABLE
989	0.252	1.867	1.841	ESTABLE
7762	0.243	1.824	1.783	ESTABLE
3544	0.241	1.776	1.746	ESTABLE
2454	0.225	1.546	1.563	ESTABLE
2472	0.221	1.593	1.592	ESTABLE
2998	0.224	1.559	1.688	ESTABLE
9700	0.239	1.693	1.721	ESTABLE
18163	0.235	1.771	1.787	ESTABLE
19218	0.216	1.536	1.689	INESTABLE
12069	0.221	1.661	1.651	ESTABLE
7851	0.253	1.871	1.776	ESTABLE
16842	0.239	1.799	1.797	ESTABLE
19822	0.214	1.57	1.518	ESTABLE
11052	0.266	1.951	1.874	ESTABLE
3546	0.244	1.79	1.804	ESTABLE
7203	0.26	1.956	1.991	ESTABLE
5831	0.21	1.509	1.438	ESTABLE
14856	0.24	1.792	1.689	ESTABLE
19811	0.227	1.668	1.63	ESTABLE
2397	0.218	1.575	1.53	ESTABLE
14773	0.243	1.799	1.742	ESTABLE
8914	0.212	1.468	1.443	ESTABLE
7073	0.253	1.912	1.876	ESTABLE
16129	0.208	1.464	1.429	ESTABLE
1047	0.244	1.851	1.897	ESTABLE
3651	0.254	1.846	1.772	ESTABLE
13790	0.244	1.765	1.832	ESTABLE
18484	0.221	1.555	1.59	ESTABLE
168	0.25	1.89	1.78	ESTABLE
1115	0.249	1.764	1.912	ESTABLE
12262	0.227	1.504	1.612	ESTABLE
14262	0.265	1.942	1.951	ESTABLE
12711	0.233	1.59	1.489	ESTABLE
16777	0.233	1.825	1.72	ESTABLE
14340	0.273	1.969	1.977	ESTABLE
12640	0.221	1.566	1.499	ESTABLE
14918	0.231	1.641	1.646	ESTABLE
8808	0.226	1.6	1.603	ESTABLE
1862	0.224	1.658	1.606	ESTABLE
13715	0.247	1.721	1.792	ESTABLE
16977	0.246	1.826	1.786	ESTABLE
19199	0.204	1.539	1.587	ESTABLE
19081	0.212	1.587	1.574	ESTABLE
3368	0.233	1.669	1.72	ESTABLE
1224	0.247	1.848	1.838	ESTABLE
18639	0.216	1.622	1.466	INESTABLE
8730	0.22	1.591	1.639	ESTABLE
19412	0.208	1.536	1.575	ESTABLE
10327	0.229	1.694	1.78	ESTABLE
19521	0.222	1.477	1.602	ESTABLE
8108	0.242	1.72	1.803	ESTABLE
6553	0.238	1.653	1.706	ESTABLE
9114	0.204	1.479	1.474	ESTABLE
2148	0.217	1.511	1.485	ESTABLE
1275	0.247	1.762	1.905	ESTABLE
6755	0.232	1.558	1.636	ESTABLE
481	0.257	1.861	1.823	ESTABLE
8518	0.242	1.805	1.758	ESTABLE
16140	0.221	1.538	1.528	ESTABLE
1342	0.266	1.927	1.992	ESTABLE
5660	0.209	1.476	1.523	ESTABLE
8828	0.21	1.569	1.582	ESTABLE
6062	0.223	1.664	1.594	ESTABLE
584	0.253	1.842	1.809	ESTABLE
8391	0.234	1.719	1.805	ESTABLE
4385	0.244	1.823	1.839	ESTABLE
15371	0.227	1.627	1.654	ESTABLE
11776	0.233	1.651	1.655	ESTABLE
12680	0.208	1.449	1.409	ESTABLE
19317	0.216	1.589	1.617	ESTABLE
8390	0.236	1.69	1.817	ESTABLE
506	0.256	1.963	1.894	ESTABLE
18881	0.216	1.614	1.556	ESTABLE
3657	0.247	1.886	1.817	ESTABLE
14412	0.26	1.978	2.006	ESTABLE
18414	0.225	1.717	1.613	ESTABLE
5905	0.214	1.627	1.511	ESTABLE
289	0.254	1.914	1.861	ESTABLE
6646	0.224	1.595	1.651	ESTABLE
17270	0.239	1.726	1.795	ESTABLE
16914	0.255	1.866	1.849	ESTABLE
793	0.252	1.8	1.839	ESTABLE
16633	0.242	1.82	1.7	ESTABLE
11329	0.237	1.767	1.765	ESTABLE
1717	0.235	1.737	1.689	ESTABLE
2647	0.215	1.586	1.532	ESTABLE
11158	0.249	1.965	1.796	INESTABLE
3221	0.234	1.614	1.639	ESTABLE
11055	0.249	1.932	1.868	ESTABLE
11886	0.238	1.741	1.71	ESTABLE
8928	0.21	1.481	1.577	ESTABLE
16898	0.245	1.934	1.888	ESTABLE
13200	0.241	1.779	1.763	ESTABLE
18412	0.235	1.656	1.653	ESTABLE
12368	0.225	1.589	1.701	ESTABLE
589	0.258	1.889	1.894	ESTABLE
575	0.249	1.879	1.806	ESTABLE
13674	0.246	1.799	1.753	ESTABLE
6427	0.23	1.594	1.662	ESTABLE
13059	0.225	1.634	1.615	ESTABLE
274	0.245	1.93	1.812	ESTABLE
7493	0.258	2.014	1.852	INESTABLE
16190	0.209	1.467	1.492	ESTABLE
3891	0.264	1.941	1.901	ESTABLE
3781	0.257	1.914	1.923	ESTABLE
6897	0.241	1.737	1.79	ESTABLE
8507	0.241	1.712	1.677	ESTABLE
10101	0.24	1.736	1.76	ESTABLE
7051	0.251	1.812	1.863	ESTABLE
10997	0.269	2.036	1.963	ESTABLE
7733	0.248	1.904	1.815	ESTABLE
13436	0.238	1.806	1.694	ESTABLE
10440	0.242	1.838	1.881	ESTABLE
8464	0.229	1.692	1.77	ESTABLE
10436	0.25	1.808	1.808	ESTABLE
4291	0.239	1.814	1.854	ESTABLE
12438	0.214	1.511	1.524	ESTABLE
19729	0.226	1.561	1.533	ESTABLE
6093	0.217	1.615	1.615	ESTABLE
19303	0.219	1.512	1.645	ESTABLE
4738	0.249	1.805	1.789	ESTABLE
4792	0.247	1.787	1.863	ESTABLE
16364	0.214	1.637	1.577	ESTABLE
5224	0.245	1.639	1.699	ESTABLE
8407	0.231	1.692	1.72	ESTABLE
15158	0.233	1.626	1.625	ESTABLE
13367	0.236	1.839	1.746	ESTABLE
6726	0.234	1.567	1.663	ESTABLE
13853	0.245	1.757	1.812	ESTABLE
7556	0.267	2.006	1.921	ESTABLE
13805	0.249	1.748	1.82	ESTABLE
10666	0.239	1.873	1.857	ESTABLE
13592	0.229	1.737	1.736	ESTABLE
18386	0.228	1.689	1.576	ESTABLE
7499	0.264	2.031	1.854	INESTABLE
15196	0.225	1.578	1.59	ESTABLE
9370	0.209	1.532	1.494	ESTABLE
15496	0.221	1.624	1.645	ESTABLE
8753	0.232	1.612	1.601	ESTABLE
8110	0.237	1.77	1.739	ESTABLE
12110	0.241	1.755	1.781	ESTABLE
7205	0.268	1.986	1.955	ESTABLE
6262	0.221	1.674	1.643	ESTABLE
5185	0.236	1.735	1.745	ESTABLE
2787	0.231	1.566	1.571	ESTABLE
15957	0.216	1.413	1.533	ESTABLE
15924	0.213	1.56	1.525	ESTABLE
17425	0.249	1.753	1.799	ESTABLE
18767	0.209	1.543	1.477	ESTABLE
14840	0.231	1.749	1.679	ESTABLE
11284	0.236	1.805	1.711	ESTABLE
19572	0.202	1.5	1.501	ESTABLE
17584	0.235	1.824	1.842	ESTABLE
17948	0.268	1.99	1.96	ESTABLE
2184	0.22	1.55	1.492	ESTABLE
8782	0.231	1.649	1.621	ESTABLE
12106	0.236	1.711	1.71	ESTABLE
14321	0.267	1.992	2.061	ESTABLE
18571	0.235	1.632	1.537	ESTABLE
9500	0.226	1.683	1.544	ESTABLE
2306	0.225	1.601	1.555	ESTABLE
17908	0.261	1.959	1.967	ESTABLE
15074	0.212	1.666	1.561	ESTABLE
8298	0.228	1.618	1.726	ESTABLE
17306	0.24	1.772	1.747	ESTABLE
5187	0.221	1.668	1.708	ESTABLE
5057	0.247	1.78	1.829	ESTABLE
8902	0.211	1.537	1.509	ESTABLE
14287	0.263	1.989	1.994	ESTABLE
8331	0.233	1.71	1.687	ESTABLE
13195	0.245	1.827	1.822	ESTABLE
14743	0.234	1.741	1.666	ESTABLE
11022	0.257	1.955	1.975	ESTABLE
4155	0.255	1.879	1.926	ESTABLE
6369	0.23	1.732	1.666	ESTABLE
5178	0.234	1.695	1.711	ESTABLE
16987	0.248	1.9	1.88	ESTABLE
3628	0.26	1.912	1.841	ESTABLE
16293	0.216	1.586	1.508	ESTABLE
5910	0.208	1.477	1.455	ESTABLE
1629	0.246	1.793	1.775	ESTABLE
8439	0.247	1.703	1.777	ESTABLE
16115	0.216	1.541	1.539	ESTABLE
6993	0.247	1.807	1.864	ESTABLE
12852	0.217	1.517	1.505	ESTABLE
4262	0.247	1.894	1.813	ESTABLE
17394	0.238	1.795	1.825	ESTABLE
18349	0.236	1.687	1.658	ESTABLE
1854	0.214	1.634	1.554	ESTABLE
1258	0.25	1.865	1.893	ESTABLE
5196	0.24	1.693	1.759	ESTABLE
3578	0.248	1.93	1.829	ESTABLE
13267	0.241	1.781	1.744	ESTABLE
18121	0.248	1.873	1.815	ESTABLE
2920	0.223	1.594	1.608	ESTABLE
14897	0.226	1.693	1.667	ESTABLE
493	0.262	1.978	1.834	ESTABLE
15040	0.224	1.672	1.609	ESTABLE
8883	0.217	1.529	1.439	ESTABLE
14380	0.258	1.965	1.921	ESTABLE
7048	0.25	1.832	1.905	ESTABLE
388	0.264	1.875	1.887	ESTABLE
8620	0.238	1.688	1.758	ESTABLE
15940	0.212	1.457	1.483	ESTABLE
9210	0.218	1.517	1.427	ESTABLE
4936	0.244	1.758	1.828	ESTABLE
14679	0.244	1.888	1.799	ESTABLE
16080	0.198	1.412	1.415	ESTABLE
3203	0.223	1.665	1.626	ESTABLE
259	0.244	1.958	1.836	ESTABLE
6864	0.245	1.77	1.786	ESTABLE
6038	0.221	1.583	1.575	ESTABLE
10690	0.258	1.938	1.921	ESTABLE
1403	0.249	1.885	1.871	ESTABLE
11160	0.252	1.882	1.838	ESTABLE
12219	0.222	1.558	1.672	ESTABLE
7512	0.26	1.981	1.925	ESTABLE
16866	0.239	1.867	1.768	ESTABLE
1870	0.22	1.684	1.503	INESTABLE
15526	0.229	1.611	1.67	ESTABLE
3163	0.225	1.583	1.615	ESTABLE
17492	0.243	1.758	1.842	ESTABLE
11164	0.253	1.886	1.822	ESTABLE
19113	0.223	1.519	1.599	ESTABLE
5089	0.228	1.73	1.712	ESTABLE
14443	0.254	1.914	1.924	ESTABLE
7523	0.256	1.913	1.967	ESTABLE
19869	0.233	1.667	1.712	ESTABLE
3953	0.249	1.988	1.88	ESTABLE
19013	0.211	1.586	1.627	ESTABLE
10147	0.225	1.652	1.661	ESTABLE
4537	0.244	1.771	1.857	ESTABLE
4538	0.237	1.766	1.792	ESTABLE
16612	0.237	1.834	1.715	ESTABLE
13662	0.245	1.735	1.82	ESTABLE
3052	0.224	1.556	1.597	ESTABLE
15898	0.217	1.518	1.528	ESTABLE
6967	0.235	1.652	1.735	ESTABLE
19898	0.227	1.576	1.636	ESTABLE
1077	0.241	1.747	1.867	ESTABLE
9243	0.206	1.513	1.456	ESTABLE
17612	0.26	1.825	1.907	ESTABLE
13891	0.235	1.705	1.805	ESTABLE
5106	0.238	1.691	1.718	ESTABLE
1662	0.246	1.785	1.692	ESTABLE
13087	0.234	1.676	1.718	ESTABLE
4689	0.248	1.823	1.885	ESTABLE
3562	0.26	1.911	1.793	ESTABLE
5777	0.222	1.542	1.492	ESTABLE
6894	0.238	1.748	1.777	ESTABLE
1409	0.258	1.898	1.951	ESTABLE
14881	0.232	1.737	1.676	ESTABLE
6307	0.238	1.68	1.75	ESTABLE
1970	0.218	1.61	1.503	ESTABLE
6416	0.239	1.627	1.737	ESTABLE
16916	0.244	1.853	1.848	ESTABLE
16858	0.251	1.925	1.853	ESTABLE
18732	0.217	1.562	1.567	ESTABLE
664	0.246	1.91	1.792	ESTABLE
975	0.25	1.785	1.845	ESTABLE
18775	0.222	1.585	1.585	ESTABLE
3422	0.234	1.651	1.734	ESTABLE
16044	0.216	1.498	1.529	ESTABLE
18659	0.197	1.509	1.461	ESTABLE
586	0.257	1.942	1.91	ESTABLE
8454	0.251	1.756	1.8	ESTABLE
15557	0.23	1.591	1.634	ESTABLE
811	0.236	1.752	1.787	ESTABLE
3254	0.232	1.623	1.624	ESTABLE
5857	0.217	1.603	1.462	ESTABLE
2589	0.213	1.525	1.594	ESTABLE
14065	0.242	1.869	1.948	ESTABLE
13126	0.236	1.775	1.685	ESTABLE
3712	0.255	1.853	1.853	ESTABLE
18222	0.25	1.848	1.782	ESTABLE
141	0.245	1.828	1.809	ESTABLE
4357	0.254	1.83	1.813	ESTABLE
9543	0.23	1.669	1.621	ESTABLE
15484	0.234	1.613	1.674	ESTABLE
6797	0.237	1.742	1.751	ESTABLE
595	0.254	1.89	1.905	ESTABLE
4562	0.243	1.752	1.837	ESTABLE
8392	0.244	1.808	1.876	ESTABLE
13421	0.236	1.773	1.791	ESTABLE
5668	0.197	1.467	1.421	ESTABLE
6979	0.234	1.747	1.819	ESTABLE
7646	0.258	1.991	1.902	ESTABLE
3113	0.222	1.645	1.581	ESTABLE
18696	0.216	1.564	1.483	ESTABLE
3620	0.248	1.924	1.804	ESTABLE
7981	0.237	1.764	1.718	ESTABLE
2118	0.21	1.491	1.437	ESTABLE
4566	0.258	1.815	1.855	ESTABLE
11488	0.226	1.635	1.617	ESTABLE
13181	0.252	1.853	1.802	ESTABLE
8237	0.235	1.649	1.765	ESTABLE
10362	0.247	1.755	1.805	ESTABLE
19280	0.224	1.566	1.648	ESTABLE
1347	0.245	1.812	1.796	ESTABLE
5434	0.21	1.541	1.449	ESTABLE
14722	0.246	1.836	1.776	ESTABLE
17107	0.258	1.846	1.88	ESTABLE
16600	0.253	1.803	1.786	ESTABLE
14815	0.241	1.753	1.692	ESTABLE
927	0.243	1.794	1.825	ESTABLE
1024	0.233	1.692	1.813	ESTABLE
8226	0.238	1.687	1.736	ESTABLE
13251	0.236	1.727	1.753	ESTABLE
16976	0.255	1.89	1.878	ESTABLE
16454	0.223	1.627	1.609	ESTABLE
17885	0.265	1.919	1.964	ESTABLE
11519	0.236	1.679	1.769	ESTABLE
15154	0.225	1.626	1.574	ESTABLE
8063	0.247	1.819	1.856	ESTABLE
6821	0.229	1.675	1.728	ESTABLE
7936	0.238	1.717	1.772	ESTABLE
12214	0.235	1.688	1.669	ESTABLE
5987	0.209	1.58	1.538	ESTABLE
3860	0.271	1.942	1.959	ESTABLE
7222	0.262	1.964	1.965	ESTABLE
13331	0.24	1.743	1.794	ESTABLE
6011	0.237	1.648	1.625	ESTABLE
18299	0.239	1.757	1.666	ESTABLE
17811	0.255	1.915	1.964	ESTABLE
18756	0.226	1.498	1.552	ESTABLE
19161	0.232	1.575	1.605	ESTABLE
11261	0.249	1.784	1.842	ESTABLE
14014	0.256	1.831	1.848	ESTABLE
17314	0.241	1.789	1.865	ESTABLE
17588	0.243	1.84	1.842	ESTABLE
1958	0.218	1.577	1.493	ESTABLE
10231	0.251	1.773	1.707	ESTABLE
11457	0.238	1.778	1.665	ESTABLE
2738	0.236	1.62	1.657	ESTABLE
2514	0.221	1.562	1.579	ESTABLE
12285	0.23	1.59	1.623	ESTABLE
9546	0.231	1.681	1.698	ESTABLE
13583	0.236	1.737	1.775	ESTABLE
17490	0.26	1.894	1.972	ESTABLE
11001	0.276	2.01	1.983	ESTABLE
10192	0.243	1.715	1.835	ESTABLE
8151	0.23	1.728	1.712	ESTABLE
5031	0.234	1.7	1.728	ESTABLE
10507	0.242	1.814	1.842	ESTABLE
10116	0.238	1.643	1.748	ESTABLE
1951	0.22	1.566	1.56	ESTABLE
17200	0.247	1.798	1.853	ESTABLE
16619	0.23	1.729	1.662	ESTABLE
13810	0.237	1.681	1.683	ESTABLE
15024	0.225	1.659	1.657	ESTABLE
16350	0.221	1.548	1.536	ESTABLE
11155	0.248	1.886	1.819	ESTABLE
8906	0.208	1.486	1.448	ESTABLE
14381	0.269	1.94	2	ESTABLE
5594	0.204	1.465	1.466	ESTABLE
9313	0.211	1.517	1.467	ESTABLE
11570	0.239	1.771	1.788	ESTABLE
9183	0.204	1.479	1.423	ESTABLE
4028	0.261	2.001	1.896	ESTABLE
12287	0.213	1.498	1.555	ESTABLE
11611	0.228	1.646	1.723	ESTABLE
14601	0.252	1.914	1.88	ESTABLE
461	0.266	1.945	1.941	ESTABLE
15025	0.228	1.649	1.569	ESTABLE
4048	0.25	1.95	1.898	ESTABLE
1720	0.244	1.757	1.773	ESTABLE
8908	0.224	1.613	1.596	ESTABLE
913	0.239	1.799	1.761	ESTABLE
3675	0.251	1.937	1.883	ESTABLE
1429	0.248	1.824	1.85	ESTABLE
62	0.245	1.792	1.729	ESTABLE
19623	0.211	1.471	1.558	ESTABLE
17666	0.256	1.841	1.935	ESTABLE
12909	0.218	1.545	1.509	ESTABLE
3089	0.223	1.556	1.613	ESTABLE
10814	0.27	2.051	2.065	ESTABLE
5891	0.203	1.553	1.597	ESTABLE
1183	0.238	1.879	1.789	ESTABLE
281	0.255	1.949	1.827	ESTABLE
5391	0.219	1.608	1.628	ESTABLE
18180	0.238	1.784	1.771	ESTABLE
9422	0.213	1.574	1.518	ESTABLE
5744	0.215	1.587	1.439	ESTABLE
15310	0.228	1.606	1.656	ESTABLE
8927	0.221	1.604	1.531	ESTABLE
2173	0.206	1.549	1.451	ESTABLE
5578	0.208	1.476	1.421	ESTABLE
19100	0.238	1.544	1.658	ESTABLE
16682	0.247	1.861	1.868	ESTABLE
14373	0.26	1.975	1.933	ESTABLE
7992	0.23	1.701	1.76	ESTABLE
15861	0.216	1.52	1.525	ESTABLE
1331	0.257	1.827	1.905	ESTABLE
19533	0.217	1.515	1.518	ESTABLE
2991	0.223	1.579	1.604	ESTABLE
15756	0.218	1.57	1.633	ESTABLE
5684	0.2	1.575	1.433	ESTABLE
11998	0.231	1.702	1.732	ESTABLE
10590	0.238	1.831	1.862	ESTABLE
3435	0.232	1.768	1.731	ESTABLE
1291	0.248	1.758	1.921	INESTABLE
3399	0.222	1.691	1.654	ESTABLE
6210	0.221	1.696	1.675	ESTABLE
10014	0.231	1.715	1.73	ESTABLE
17719	0.264	1.881	1.939	ESTABLE
502	0.261	1.971	1.919	ESTABLE
6488	0.231	1.578	1.659	ESTABLE
3849	0.259	1.897	1.898	ESTABLE
12460	0.21	1.422	1.444	ESTABLE
19828	0.234	1.624	1.615	ESTABLE
16932	0.255	1.881	1.817	ESTABLE
9611	0.242	1.685	1.677	ESTABLE
18331	0.237	1.741	1.683	ESTABLE
4418	0.252	1.789	1.778	ESTABLE
1153	0.258	1.882	1.894	ESTABLE
18040	0.246	1.855	1.889	ESTABLE
5281	0.233	1.683	1.649	ESTABLE
4766	0.248	1.864	1.865	ESTABLE
10463	0.242	1.75	1.803	ESTABLE
7089	0.25	1.817	1.789	ESTABLE
3193	0.222	1.602	1.633	ESTABLE
12461	0.217	1.547	1.521	ESTABLE
17613	0.264	1.811	1.917	ESTABLE
2464	0.23	1.632	1.64	ESTABLE
3557	0.248	1.809	1.848	ESTABLE
18314	0.233	1.695	1.67	ESTABLE
14108	0.259	1.876	1.922	ESTABLE
2953	0.235	1.58	1.622	ESTABLE
4220	0.255	1.953	1.864	ESTABLE
18221	0.254	1.792	1.743	ESTABLE
18203	0.237	1.784	1.754	ESTABLE
8429	0.245	1.731	1.768	ESTABLE
3114	0.224	1.51	1.584	ESTABLE
60	0.232	1.753	1.706	ESTABLE
10948	0.267	2.072	1.845	INESTABLE
17288	0.24	1.785	1.811	ESTABLE
14582	0.25	1.874	1.849	ESTABLE
5261	0.233	1.677	1.638	ESTABLE
17723	0.254	1.82	1.9	ESTABLE
12580	0.205	1.545	1.473	ESTABLE
16391	0.225	1.613	1.609	ESTABLE
19733	0.228	1.614	1.6	ESTABLE
15330	0.226	1.654	1.615	ESTABLE
15728	0.211	1.605	1.595	ESTABLE
10913	0.259	1.904	1.929	ESTABLE
16314	0.217	1.605	1.507	ESTABLE
15200	0.219	1.621	1.542	ESTABLE
9788	0.237	1.802	1.752	ESTABLE
18238	0.241	1.816	1.72	ESTABLE
10702	0.261	1.972	1.921	ESTABLE
1335	0.246	1.866	1.843	ESTABLE
7410	0.264	1.963	1.924	ESTABLE
18941	0.228	1.622	1.552	ESTABLE
1435	0.256	2.001	1.954	ESTABLE
5024	0.25	1.727	1.795	ESTABLE
7699	0.266	1.918	1.838	ESTABLE
3118	0.224	1.596	1.609	ESTABLE
9768	0.229	1.741	1.676	ESTABLE
5151	0.233	1.681	1.782	ESTABLE
14786	0.229	1.71	1.72	ESTABLE
10158	0.232	1.634	1.747	ESTABLE
14387	0.264	1.978	1.992	ESTABLE
9184	0.212	1.533	1.382	INESTABLE
11322	0.247	1.797	1.75	ESTABLE
4344	0.244	1.881	1.785	ESTABLE
3637	0.255	1.845	1.842	ESTABLE
16139	0.199	1.479	1.45	ESTABLE
8706	0.243	1.657	1.714	ESTABLE
1009	0.253	1.861	1.892	ESTABLE
10548	0.25	1.806	1.888	ESTABLE
14796	0.237	1.772	1.735	ESTABLE
12754	0.228	1.55	1.484	ESTABLE
14802	0.253	1.794	1.795	ESTABLE
9612	0.229	1.672	1.618	ESTABLE
10668	0.261	1.935	2.016	ESTABLE
5949	0.224	1.508	1.611	ESTABLE
18609	0.224	1.584	1.501	ESTABLE
1338	0.262	1.935	1.929	ESTABLE
10663	0.262	1.923	1.929	ESTABLE
17975	0.272	1.994	1.993	ESTABLE
8675	0.224	1.675	1.696	ESTABLE
10186	0.227	1.676	1.7	ESTABLE
12180	0.217	1.641	1.722	ESTABLE
17821	0.251	1.855	1.933	ESTABLE
17015	0.254	1.797	1.908	ESTABLE
7381	0.265	2.01	2.02	ESTABLE
9630	0.229	1.636	1.682	ESTABLE
8892	0.224	1.626	1.534	ESTABLE
14033	0.233	1.793	1.803	ESTABLE
6363	0.222	1.64	1.647	ESTABLE
12466	0.212	1.449	1.428	ESTABLE
17999	0.254	1.892	1.947	ESTABLE
14064	0.256	1.876	1.825	ESTABLE
1215	0.255	1.877	1.871	ESTABLE
6099	0.22	1.536	1.591	ESTABLE
1251	0.257	1.843	1.896	ESTABLE
13806	0.237	1.735	1.828	ESTABLE
12904	0.218	1.629	1.527	ESTABLE
18749	0.212	1.56	1.542	ESTABLE
5303	0.226	1.627	1.574	ESTABLE
12169	0.234	1.59	1.608	ESTABLE
18962	0.215	1.575	1.64	ESTABLE
9253	0.213	1.516	1.525	ESTABLE
3500	0.244	1.858	1.833	ESTABLE
18373	0.23	1.627	1.595	ESTABLE
16552	0.236	1.744	1.715	ESTABLE
9519	0.229	1.646	1.545	ESTABLE
6143	0.24	1.702	1.707	ESTABLE
3195	0.207	1.569	1.615	ESTABLE
17868	0.261	1.919	1.922	ESTABLE
8217	0.242	1.669	1.746	ESTABLE
13697	0.255	1.859	1.778	ESTABLE
12322	0.209	1.556	1.575	ESTABLE
16428	0.241	1.721	1.618	ESTABLE
5870	0.221	1.56	1.555	ESTABLE
4578	0.236	1.775	1.865	ESTABLE
18642	0.214	1.595	1.469	ESTABLE
4248	0.259	1.839	1.834	ESTABLE
2707	0.224	1.627	1.588	ESTABLE
1247	0.251	1.826	1.893	ESTABLE
9997	0.246	1.636	1.718	ESTABLE
12367	0.22	1.518	1.61	ESTABLE
11021	0.248	1.952	1.838	ESTABLE
17244	0.248	1.753	1.806	ESTABLE
4450	0.25	1.825	1.843	ESTABLE
1564	0.232	1.771	1.835	ESTABLE
17052	0.247	1.908	1.783	ESTABLE
10844	0.272	2.073	1.89	INESTABLE
16957	0.241	1.841	1.739	ESTABLE
4547	0.256	1.799	1.827	ESTABLE
6613	0.227	1.599	1.685	ESTABLE
755	0.25	1.874	1.844	ESTABLE
12137	0.223	1.628	1.594	ESTABLE
6328	0.227	1.694	1.692	ESTABLE
14447	0.245	1.918	1.915	ESTABLE
11502	0.236	1.749	1.683	ESTABLE
4031	0.254	1.886	1.867	ESTABLE
6219	0.221	1.626	1.64	ESTABLE
7539	0.259	1.916	1.904	ESTABLE
19086	0.23	1.639	1.583	ESTABLE
11384	0.235	1.79	1.787	ESTABLE
6010	0.226	1.574	1.617	ESTABLE
19676	0.214	1.534	1.536	ESTABLE
4197	0.261	1.9	1.93	ESTABLE
16301	0.221	1.508	1.432	ESTABLE
7153	0.248	1.946	1.863	ESTABLE
3985	0.266	1.919	1.905	ESTABLE
13004	0.235	1.691	1.648	ESTABLE
3501	0.243	1.75	1.738	ESTABLE
11466	0.228	1.657	1.638	ESTABLE
11874	0.234	1.722	1.827	ESTABLE
1150	0.262	1.796	1.909	ESTABLE
17098	0.257	1.908	1.882	ESTABLE
9907	0.238	1.737	1.765	ESTABLE
2122	0.212	1.54	1.484	ESTABLE
18661	0.217	1.528	1.507	ESTABLE
2729	0.231	1.562	1.644	ESTABLE
18549	0.216	1.591	1.552	ESTABLE
7812	0.235	1.831	1.732	ESTABLE
7495	0.265	1.898	1.86	ESTABLE
10336	0.237	1.711	1.836	ESTABLE
11691	0.252	1.734	1.741	ESTABLE
1509	0.247	1.804	1.85	ESTABLE
14154	0.251	1.958	1.922	ESTABLE
15901	0.223	1.547	1.588	ESTABLE
10884	0.262	1.982	1.949	ESTABLE
5882	0.223	1.529	1.511	ESTABLE
12560	0.197	1.368	1.426	ESTABLE
6614	0.232	1.568	1.735	INESTABLE
18702	0.21	1.517	1.51	ESTABLE
2388	0.217	1.567	1.614	ESTABLE
9875	0.247	1.827	1.791	ESTABLE
2686	0.226	1.553	1.657	ESTABLE
2009	0.221	1.612	1.528	ESTABLE
3591	0.25	1.883	1.845	ESTABLE
721	0.253	1.808	1.862	ESTABLE
1639	0.231	1.745	1.797	ESTABLE
2449	0.227	1.613	1.58	ESTABLE
12704	0.206	1.495	1.44	ESTABLE
19656	0.223	1.527	1.553	ESTABLE
19176	0.236	1.601	1.651	ESTABLE
9863	0.243	1.7	1.715	ESTABLE
11475	0.232	1.739	1.647	ESTABLE
17732	0.264	1.869	1.917	ESTABLE
17678	0.249	1.842	1.889	ESTABLE
9374	0.208	1.52	1.446	ESTABLE
5377	0.216	1.567	1.565	ESTABLE
3590	0.251	1.826	1.774	ESTABLE
13558	0.24	1.749	1.772	ESTABLE
5714	0.21	1.527	1.454	ESTABLE
10963	0.269	1.984	1.955	ESTABLE
16133	0.203	1.523	1.455	ESTABLE
11951	0.236	1.651	1.783	ESTABLE
486	0.253	1.91	1.903	ESTABLE
15855	0.212	1.505	1.615	ESTABLE
7968	0.238	1.756	1.736	ESTABLE
2047	0.216	1.539	1.492	ESTABLE
3990	0.25	1.917	1.867	ESTABLE
7121	0.244	1.829	1.825	ESTABLE
11042	0.264	1.972	1.94	ESTABLE
9902	0.238	1.751	1.717	ESTABLE
16862	0.257	1.911	1.84	ESTABLE
2667	0.24	1.661	1.68	ESTABLE
15648	0.234	1.626	1.648	ESTABLE
7104	0.276	1.912	1.931	ESTABLE
14544	0.26	1.94	1.872	ESTABLE
876	0.243	1.784	1.904	ESTABLE
2245	0.212	1.458	1.446	ESTABLE
3606	0.253	1.87	1.857	ESTABLE
19833	0.218	1.602	1.668	ESTABLE
8775	0.221	1.516	1.613	ESTABLE
19024	0.233	1.628	1.653	ESTABLE
5992	0.221	1.617	1.568	ESTABLE
17622	0.248	1.874	1.927	ESTABLE
16940	0.253	1.936	1.834	ESTABLE
13804	0.24	1.78	1.751	ESTABLE
18869	0.23	1.579	1.609	ESTABLE
3060	0.213	1.527	1.582	ESTABLE
14560	0.247	1.901	1.882	ESTABLE
2097	0.212	1.505	1.467	ESTABLE
9741	0.227	1.738	1.696	ESTABLE
16483	0.225	1.72	1.678	ESTABLE
14569	0.258	1.933	1.826	ESTABLE
5206	0.236	1.715	1.682	ESTABLE
16237	0.221	1.558	1.523	ESTABLE
13890	0.261	1.829	1.827	ESTABLE
2897	0.233	1.546	1.647	ESTABLE
4650	0.241	1.82	1.821	ESTABLE
16930	0.255	1.869	1.864	ESTABLE
14056	0.255	1.91	1.932	ESTABLE
17090	0.252	1.745	1.846	ESTABLE
3418	0.232	1.663	1.742	ESTABLE
3224	0.225	1.587	1.607	ESTABLE
16023	0.208	1.486	1.488	ESTABLE
19961	0.238	1.729	1.726	ESTABLE
13007	0.217	1.643	1.562	ESTABLE
4720	0.262	1.792	1.824	ESTABLE
2900	0.224	1.602	1.595	ESTABLE
6872	0.232	1.72	1.719	ESTABLE
16194	0.209	1.534	1.587	ESTABLE
1188	0.249	1.823	1.904	ESTABLE
3038	0.229	1.541	1.605	ESTABLE
11050	0.251	1.926	1.858	ESTABLE
14196	0.246	1.827	1.923	ESTABLE
13208	0.241	1.86	1.735	ESTABLE
18043	0.252	1.851	1.878	ESTABLE
19450	0.211	1.512	1.571	ESTABLE
13678	0.23	1.736	1.756	ESTABLE
16466	0.226	1.686	1.62	ESTABLE
18438	0.22	1.684	1.573	ESTABLE
2668	0.224	1.611	1.597	ESTABLE
13673	0.247	1.755	1.754	ESTABLE
15125	0.241	1.661	1.681	ESTABLE
1408	0.27	2.008	1.943	ESTABLE
10657	0.253	1.932	1.906	ESTABLE
15504	0.234	1.579	1.636	ESTABLE
5338	0.224	1.601	1.548	ESTABLE
13944	0.251	1.803	1.876	ESTABLE
15720	0.23	1.569	1.673	ESTABLE
7443	0.265	1.992	1.952	ESTABLE
5650	0.211	1.456	1.47	ESTABLE
11080	0.253	2.012	1.923	ESTABLE
10635	0.245	1.811	1.894	ESTABLE
13732	0.246	1.854	1.899	ESTABLE
8453	0.241	1.734	1.774	ESTABLE
9022	0.203	1.539	1.417	ESTABLE
10140	0.226	1.61	1.754	ESTABLE
10928	0.25	1.947	1.937	ESTABLE
13940	0.226	1.71	1.808	ESTABLE
12418	0.222	1.537	1.61	ESTABLE
12195	0.231	1.612	1.729	ESTABLE
1586	0.245	1.774	1.786	ESTABLE
12371	0.197	1.479	1.522	ESTABLE
4565	0.232	1.718	1.786	ESTABLE
3631	0.25	1.866	1.91	ESTABLE
12907	0.213	1.555	1.627	ESTABLE
6892	0.242	1.778	1.708	ESTABLE
17735	0.245	1.836	1.91	ESTABLE
11617	0.24	1.68	1.695	ESTABLE
18338	0.225	1.63	1.63	ESTABLE
1337	0.241	1.8	1.841	ESTABLE
18711	0.216	1.521	1.553	ESTABLE
9100	0.227	1.536	1.513	ESTABLE
4175	0.259	1.933	1.887	ESTABLE
19942	0.232	1.656	1.672	ESTABLE
54	0.238	1.766	1.765	ESTABLE
7083	0.249	1.812	1.854	ESTABLE
19178	0.23	1.526	1.608	ESTABLE
10544	0.257	1.85	1.885	ESTABLE
17712	0.26	1.84	1.937	ESTABLE
2530	0.219	1.619	1.551	ESTABLE
11217	0.244	1.873	1.877	ESTABLE
14204	0.244	1.946	1.947	ESTABLE
12605	0.195	1.466	1.375	ESTABLE
13018	0.227	1.725	1.614	ESTABLE
12444	0.198	1.443	1.387	ESTABLE
11796	0.228	1.579	1.778	INESTABLE
2455	0.233	1.616	1.56	ESTABLE
2325	0.216	1.57	1.538	ESTABLE
4213	0.249	1.838	1.785	ESTABLE
10460	0.239	1.697	1.791	ESTABLE
15547	0.235	1.631	1.734	ESTABLE
15643	0.225	1.61	1.599	ESTABLE
1447	0.244	1.814	1.843	ESTABLE
16366	0.231	1.628	1.56	ESTABLE
6757	0.228	1.615	1.669	ESTABLE
18454	0.222	1.629	1.628	ESTABLE
2063	0.217	1.601	1.495	ESTABLE
18780	0.221	1.573	1.543	ESTABLE
3738	0.263	1.961	1.909	ESTABLE
18061	0.249	1.818	1.813	ESTABLE
3627	0.247	1.916	1.802	ESTABLE
19740	0.218	1.483	1.507	ESTABLE
11007	0.266	2.013	1.885	ESTABLE
7292	0.277	2.069	2.026	ESTABLE
16649	0.236	1.854	1.77	ESTABLE
5393	0.209	1.491	1.531	ESTABLE
1762	0.214	1.712	1.641	ESTABLE
10066	0.237	1.734	1.758	ESTABLE
14293	0.262	1.974	1.978	ESTABLE
3900	0.262	2.024	1.925	ESTABLE
7390	0.264	2.022	1.988	ESTABLE
5599	0.221	1.511	1.522	ESTABLE
19651	0.227	1.574	1.563	ESTABLE
3919	0.257	1.973	1.886	ESTABLE
18770	0.223	1.514	1.565	ESTABLE
6966	0.244	1.811	1.752	ESTABLE
15658	0.236	1.62	1.661	ESTABLE
419	0.249	1.862	1.848	ESTABLE
10795	0.258	1.972	1.966	ESTABLE
19735	0.218	1.545	1.602	ESTABLE
17346	0.238	1.697	1.85	INESTABLE
18833	0.22	1.637	1.565	ESTABLE
14060	0.262	1.956	1.964	ESTABLE
18927	0.227	1.656	1.605	ESTABLE
11099	0.25	1.911	1.92	ESTABLE
15150	0.226	1.562	1.526	ESTABLE
6538	0.224	1.554	1.605	ESTABLE
17019	0.258	1.94	1.86	ESTABLE
11608	0.235	1.677	1.669	ESTABLE
14051	0.264	1.895	1.944	ESTABLE
16097	0.217	1.394	1.547	INESTABLE
5288	0.225	1.509	1.604	ESTABLE
15522	0.237	1.712	1.747	ESTABLE
15379	0.233	1.579	1.719	ESTABLE
330	0.245	1.894	1.881	ESTABLE
1454	0.259	1.813	1.952	ESTABLE
18583	0.216	1.525	1.446	ESTABLE
4493	0.246	1.798	1.817	ESTABLE
8633	0.234	1.733	1.686	ESTABLE
1497	0.257	1.859	1.948	ESTABLE
7956	0.239	1.787	1.85	ESTABLE
4567	0.246	1.799	1.872	ESTABLE
2032	0.217	1.598	1.463	ESTABLE
16833	0.253	1.935	1.879	ESTABLE
19975	0.223	1.662	1.664	ESTABLE
9080	0.213	1.519	1.48	ESTABLE
651	0.253	1.87	1.849	ESTABLE
7496	0.268	1.955	1.982	ESTABLE
8594	0.239	1.692	1.758	ESTABLE
2224	0.218	1.519	1.548	ESTABLE
19234	0.223	1.643	1.62	ESTABLE
4157	0.266	1.928	1.928	ESTABLE
11991	0.233	1.62	1.689	ESTABLE
810	0.256	1.869	1.859	ESTABLE
11780	0.226	1.735	1.705	ESTABLE
270	0.237	1.908	1.854	ESTABLE
15037	0.236	1.669	1.632	ESTABLE
11338	0.237	1.797	1.717	ESTABLE
11341	0.236	1.754	1.751	ESTABLE
5003	0.238	1.788	1.791	ESTABLE
9550	0.236	1.709	1.659	ESTABLE
3763	0.241	1.863	1.871	ESTABLE
4087	0.258	1.962	1.932	ESTABLE
6378	0.222	1.628	1.651	ESTABLE
1614	0.233	1.793	1.766	ESTABLE
17312	0.245	1.741	1.847	ESTABLE
15619	0.235	1.598	1.657	ESTABLE
10062	0.231	1.672	1.76	ESTABLE
1838	0.235	1.619	1.569	ESTABLE
15165	0.223	1.587	1.476	ESTABLE
8679	0.228	1.596	1.642	ESTABLE
16415	0.23	1.623	1.594	ESTABLE
15862	0.204	1.58	1.606	ESTABLE
9083	0.202	1.504	1.407	ESTABLE
5166	0.238	1.767	1.754	ESTABLE
3112	0.224	1.592	1.6	ESTABLE
14296	0.255	1.957	1.981	ESTABLE
19362	0.228	1.519	1.62	ESTABLE
3949	0.257	1.961	1.867	ESTABLE
13159	0.229	1.766	1.679	ESTABLE
8728	0.224	1.591	1.488	ESTABLE
16223	0.214	1.5	1.5	ESTABLE
14948	0.235	1.651	1.587	ESTABLE
10094	0.21	1.65	1.69	ESTABLE
13229	0.244	1.848	1.753	ESTABLE
18475	0.224	1.655	1.604	ESTABLE
4105	0.252	1.924	1.874	ESTABLE
15661	0.219	1.559	1.674	ESTABLE
2820	0.23	1.544	1.616	ESTABLE
12955	0.226	1.601	1.617	ESTABLE
10284	0.225	1.675	1.809	ESTABLE
3325	0.23	1.637	1.669	ESTABLE
11207	0.253	1.86	1.796	ESTABLE
9221	0.213	1.483	1.438	ESTABLE
4001	0.341	1.52	1.74	INESTABLE
4002	0.203	1.93	1.92	ESTABLE
4003	0.268	1.8	1.95	INESTABLE
4004	0.275	1.73	1.5	INESTABLE
4005	0.291	2.16	1.87	INESTABLE
4006	0.215	1.58	1.45	ESTABLE
4007	0.204	1.93	1.46	INESTABLE
4008	0.315	1.93	1.66	INESTABLE
4009	0.347	1.69	1.84	ESTABLE
4010	0.308	1.81	2.14	INESTABLE
4011	0.347	1.8	1.96	INESTABLE
4012	0.23	1.79	2.13	INESTABLE
4013	0.18	1.84	2.18	INESTABLE
4014	0.241	1.58	1.42	INESTABLE
4015	0.171	1.46	1.94	INESTABLE
4016	0.221	1.57	1.85	INESTABLE
4017	0.197	2.19	2.2	ESTABLE
4018	0.216	1.66	1.45	INESTABLE
4019	0.155	2.06	1.85	INESTABLE
4020	0.189	1.82	2.02	INESTABLE
4021	0.156	1.83	1.91	ESTABLE
4022	0.199	1.98	2.14	INESTABLE
4023	0.228	2.17	1.9	INESTABLE
4024	0.345	1.57	2.11	INESTABLE
4025	0.16	1.43	1.57	ESTABLE
4026	0.158	1.72	1.95	INESTABLE
4027	0.217	2.01	1.78	INESTABLE
4028	0.151	1.88	2.06	INESTABLE
4029	0.282	2.1	2.17	ESTABLE
4030	0.262	1.53	1.62	ESTABLE
4031	0.184	1.54	1.64	ESTABLE
4032	0.167	1.92	1.66	INESTABLE
4033	0.174	1.47	2.11	INESTABLE
4034	0.182	1.81	1.69	ESTABLE
4035	0.262	1.86	1.68	INESTABLE
4036	0.255	1.98	1.47	INESTABLE
4037	0.344	2.14	1.91	INESTABLE
4038	0.272	2.04	1.5	INESTABLE
4039	0.346	1.82	1.83	ESTABLE
4040	0.311	1.46	2.11	INESTABLE
4041	0.171	2.14	2.16	ESTABLE
4042	0.259	1.85	1.98	ESTABLE
4043	0.25	1.66	1.99	INESTABLE
4044	0.342	1.48	1.86	INESTABLE
4045	0.342	2.12	1.62	INESTABLE
4046	0.207	1.82	1.54	INESTABLE
4047	0.207	1.48	1.82	INESTABLE
4048	0.235	1.65	1.59	ESTABLE
4049	0.278	1.56	1.89	INESTABLE
4050	0.157	1.43	1.54	ESTABLE
4051	0.27	1.98	1.47	INESTABLE
4052	0.296	1.89	1.61	INESTABLE
4053	0.153	2.11	2.12	ESTABLE
4054	0.333	1.71	1.57	ESTABLE
4055	0.206	2.05	1.8	INESTABLE
4056	0.154	1.98	1.48	INESTABLE
4057	0.208	1.71	2.09	INESTABLE
4058	0.294	2.01	1.65	INESTABLE
4059	0.289	1.57	1.43	ESTABLE
4060	0.274	2.1	2.05	ESTABLE
4061	0.2	1.59	2.04	INESTABLE
4062	0.297	1.63	2.02	INESTABLE
4063	0.314	1.95	1.98	ESTABLE
4064	0.176	1.48	1.41	ESTABLE
4065	0.338	1.46	1.71	INESTABLE
4066	0.217	1.58	1.64	ESTABLE
4067	0.174	1.92	1.75	INESTABLE
4068	0.182	2.02	1.73	INESTABLE
4069	0.196	1.9	2.01	ESTABLE
4070	0.233	1.56	1.66	ESTABLE
4071	0.263	2.06	2.07	ESTABLE
4072	0.237	2.12	2.08	ESTABLE
4073	0.292	2.1	1.57	INESTABLE
4074	0.309	1.96	1.93	ESTABLE
4075	0.184	1.96	1.61	INESTABLE
4076	0.255	1.43	1.74	INESTABLE
4077	0.233	2.01	2.18	INESTABLE
4078	0.335	2.02	1.85	INESTABLE
4079	0.231	1.66	1.65	ESTABLE
4080	0.292	1.99	1.9	ESTABLE
4081	0.183	2.1	1.65	INESTABLE
4082	0.207	1.67	2.11	INESTABLE
4083	0.241	1.74	1.53	INESTABLE
4084	0.209	1.87	1.55	INESTABLE
4085	0.198	1.61	2.11	INESTABLE
4086	0.259	1.78	1.46	INESTABLE
4087	0.323	1.93	1.65	INESTABLE
4088	0.2	1.83	1.51	INESTABLE
4089	0.328	1.78	1.43	INESTABLE
4090	0.234	2.17	2.1	ESTABLE
4091	0.242	1.49	1.57	ESTABLE
4092	0.298	1.77	2.13	INESTABLE
4093	0.252	1.81	1.44	INESTABLE
4094	0.314	1.4	1.53	ESTABLE
4095	0.333	1.95	1.93	ESTABLE
4096	0.208	2.14	2.15	ESTABLE
4097	0.343	1.82	1.81	ESTABLE
4098	0.276	1.73	1.69	ESTABLE
4099	0.257	1.43	1.47	ESTABLE
4100	0.314	1.82	1.6	INESTABLE
4101	0.274	2	2.02	ESTABLE
4102	0.257	1.84	2.1	INESTABLE
4103	0.281	1.81	2.14	INESTABLE
4104	0.234	1.67	1.4	INESTABLE
4105	0.21	2.19	1.91	INESTABLE
4106	0.192	1.44	1.8	INESTABLE
4107	0.339	2.16	1.93	INESTABLE
4108	0.16	2.01	1.84	INESTABLE
4109	0.181	1.77	1.58	INESTABLE
4110	0.257	1.86	1.89	ESTABLE
4111	0.303	2.2	1.99	INESTABLE
4112	0.303	2.15	1.67	INESTABLE
4113	0.246	1.65	1.97	INESTABLE
4114	0.228	1.57	1.63	ESTABLE
4115	0.349	1.97	2.06	ESTABLE
4116	0.157	1.69	2.11	INESTABLE
4117	0.193	1.84	1.65	INESTABLE
4118	0.34	1.81	1.43	INESTABLE
4119	0.339	2.1	1.64	INESTABLE
4120	0.222	1.82	1.75	ESTABLE
4121	0.254	1.44	1.95	INESTABLE
4122	0.22	1.79	1.81	ESTABLE
4123	0.202	1.86	2.19	INESTABLE
4124	0.224	2.01	1.42	INESTABLE
4125	0.297	2.16	2.11	ESTABLE
4126	0.337	1.83	1.63	INESTABLE
4127	0.296	2.02	1.82	INESTABLE
4128	0.282	1.66	1.44	INESTABLE
4129	0.304	1.74	1.68	ESTABLE
4130	0.326	2.1	1.86	INESTABLE
4131	0.347	2.1	2.18	ESTABLE
4132	0.24	1.4	1.94	INESTABLE
4133	0.289	2	1.79	INESTABLE
4134	0.262	1.44	1.99	INESTABLE
4135	0.171	1.43	1.75	INESTABLE
4136	0.343	1.62	1.42	INESTABLE
4137	0.19	1.73	1.87	ESTABLE
4138	0.349	2.2	1.46	INESTABLE
4139	0.296	1.98	1.86	ESTABLE
4140	0.189	2.12	1.72	INESTABLE
4141	0.167	2.18	1.91	INESTABLE
4142	0.192	1.88	2.17	INESTABLE
4143	0.338	1.91	1.52	INESTABLE
4144	0.288	1.65	1.41	INESTABLE
4145	0.209	1.56	1.84	INESTABLE
4146	0.348	1.53	1.64	ESTABLE
4147	0.295	1.89	1.89	ESTABLE
4148	0.278	1.61	1.88	INESTABLE
4149	0.19	2.15	1.49	INESTABLE
4150	0.259	2.13	1.54	INESTABLE
4151	0.254	1.56	2.06	INESTABLE
4152	0.19	2.03	2.04	ESTABLE
4153	0.34	1.68	1.53	ESTABLE
4154	0.345	1.66	2.05	INESTABLE
4155	0.333	1.91	2.13	INESTABLE
4156	0.258	1.89	1.43	INESTABLE
4157	0.239	2.02	1.71	INESTABLE
4158	0.349	1.45	1.9	INESTABLE
4159	0.285	1.49	1.61	ESTABLE
4160	0.213	2.02	1.94	ESTABLE
4161	0.2	1.45	2.15	INESTABLE
4162	0.257	1.59	1.91	INESTABLE
4163	0.164	1.5	1.67	INESTABLE
4164	0.254	1.55	2.12	INESTABLE
4165	0.342	1.94	2.1	INESTABLE
4166	0.234	1.47	1.48	ESTABLE
4167	0.166	1.57	1.67	ESTABLE
4168	0.315	2.02	2.09	ESTABLE
4169	0.219	1.8	1.62	INESTABLE
4170	0.167	1.68	2.04	INESTABLE
4171	0.321	2.19	1.63	INESTABLE
4172	0.198	1.68	2.13	INESTABLE
4173	0.256	1.91	1.8	ESTABLE
4174	0.246	1.46	2.05	INESTABLE
4175	0.312	1.58	2.11	INESTABLE
4176	0.203	1.77	1.84	ESTABLE
4177	0.197	1.47	2.01	INESTABLE
4178	0.265	2.11	2.18	ESTABLE
4179	0.326	1.7	1.45	INESTABLE
4180	0.28	1.63	1.66	ESTABLE
4181	0.243	1.44	1.8	INESTABLE
4182	0.331	2.17	2.11	ESTABLE
4183	0.25	1.48	1.46	ESTABLE
4184	0.347	2.09	2.15	ESTABLE
4185	0.232	1.52	1.73	INESTABLE
4186	0.263	1.5	2.13	INESTABLE
4187	0.184	1.94	2.13	INESTABLE
4188	0.277	2.11	2.19	ESTABLE
4189	0.158	1.93	1.44	INESTABLE
4190	0.238	1.77	1.45	INESTABLE
4191	0.263	1.75	1.95	INESTABLE
4192	0.318	1.61	1.5	ESTABLE
4193	0.212	1.66	1.48	INESTABLE
4194	0.315	1.93	1.95	ESTABLE
4195	0.287	1.67	1.69	ESTABLE
4196	0.273	1.6	2.09	INESTABLE
4197	0.224	2.12	1.95	INESTABLE
4198	0.269	1.75	2.05	INESTABLE
4199	0.23	1.6	2.09	INESTABLE
4200	0.256	2.1	1.84	INESTABLE
4201	0.211	1.6	1.56	ESTABLE
4202	0.242	2.07	1.53	INESTABLE
4203	0.167	2.01	2.16	INESTABLE
4204	0.253	2.07	2.03	ESTABLE
4205	0.297	2.11	1.84	INESTABLE
4206	0.304	2.2	2.17	ESTABLE
4207	0.212	2.17	1.44	INESTABLE
4208	0.295	2.07	2.18	ESTABLE
4209	0.313	2.09	1.95	ESTABLE
4210	0.197	2.04	1.96	ESTABLE
4211	0.281	1.99	1.49	INESTABLE
4212	0.271	1.62	1.76	ESTABLE
4213	0.252	1.96	1.58	INESTABLE
4214	0.254	2	1.9	ESTABLE
4215	0.185	1.54	1.89	INESTABLE
4216	0.186	1.47	1.68	INESTABLE
4217	0.198	1.63	1.43	INESTABLE
4218	0.243	1.89	1.94	ESTABLE
4219	0.17	1.91	1.75	INESTABLE
4220	0.165	1.66	1.99	INESTABLE
4221	0.312	2	2.1	ESTABLE
4222	0.174	1.87	1.67	INESTABLE
4223	0.255	1.49	1.97	INESTABLE
4224	0.204	1.78	2.04	INESTABLE
4225	0.19	1.88	1.91	ESTABLE
4226	0.307	1.65	1.76	ESTABLE
4227	0.192	1.85	1.68	INESTABLE
4228	0.325	1.96	1.51	INESTABLE
4229	0.179	1.77	1.63	ESTABLE
4230	0.241	2.18	1.62	INESTABLE
4231	0.226	1.76	1.91	ESTABLE
4232	0.195	2.08	1.91	INESTABLE
4233	0.34	1.91	1.94	ESTABLE
4234	0.222	1.76	1.83	ESTABLE
4235	0.238	1.86	1.59	INESTABLE
4236	0.228	2.05	1.83	INESTABLE
4237	0.329	1.97	2.02	ESTABLE
4238	0.273	1.41	2.1	INESTABLE
4239	0.251	1.86	1.57	INESTABLE
4240	0.225	2.01	2.11	ESTABLE
4241	0.184	2.19	1.67	INESTABLE
4242	0.247	1.84	1.82	ESTABLE
4243	0.249	2.12	1.51	INESTABLE
4244	0.163	2.11	2.15	ESTABLE
4245	0.31	2.04	2.08	ESTABLE
4246	0.305	2.14	1.48	INESTABLE
4247	0.235	1.49	1.7	INESTABLE
4248	0.274	1.93	1.67	INESTABLE
4249	0.212	1.57	1.98	INESTABLE
4250	0.245	1.47	1.87	INESTABLE
4251	0.317	1.95	1.95	ESTABLE
4252	0.202	2.01	1.52	INESTABLE
4253	0.252	1.78	1.57	INESTABLE
4254	0.201	1.72	1.52	INESTABLE
4255	0.235	1.46	2.12	INESTABLE
4256	0.283	1.5	1.99	INESTABLE
4257	0.273	1.43	1.84	INESTABLE
4258	0.325	1.87	1.45	INESTABLE
4259	0.236	1.52	2.03	INESTABLE
4260	0.336	1.97	2	ESTABLE
4261	0.32	2.05	1.46	INESTABLE
4262	0.333	1.7	2.13	INESTABLE
4263	0.19	1.81	1.93	ESTABLE
4264	0.236	1.97	1.66	INESTABLE
4265	0.163	2.16	1.53	INESTABLE
4266	0.242	2.12	1.74	INESTABLE
4267	0.235	2.19	1.57	INESTABLE
4268	0.305	1.58	2.01	INESTABLE
4269	0.163	1.64	1.73	ESTABLE
4270	0.247	1.7	1.8	ESTABLE
4271	0.249	2.02	2.05	ESTABLE
4272	0.265	1.83	2.19	INESTABLE
4273	0.154	1.4	2.11	INESTABLE
4274	0.211	1.92	1.81	ESTABLE
4275	0.206	1.7	1.69	ESTABLE
4276	0.272	1.88	2.03	ESTABLE
4277	0.329	1.57	1.51	ESTABLE
4278	0.284	1.53	1.86	INESTABLE
4279	0.205	2.14	1.53	INESTABLE
4280	0.264	1.55	1.67	ESTABLE
4281	0.234	1.65	1.58	ESTABLE
4282	0.255	1.41	1.46	ESTABLE
4283	0.214	1.8	1.66	ESTABLE
4284	0.284	1.55	1.79	INESTABLE
4285	0.307	2.11	2.01	ESTABLE
4286	0.162	1.63	1.96	INESTABLE
4287	0.339	1.68	1.63	ESTABLE
4288	0.237	2.16	1.99	INESTABLE
4289	0.339	1.81	1.96	INESTABLE
4290	0.186	1.53	1.73	INESTABLE
4291	0.158	1.7	1.56	ESTABLE
4292	0.166	1.53	1.79	INESTABLE
4293	0.315	1.75	1.76	ESTABLE
4294	0.237	1.71	2.05	INESTABLE
4295	0.301	1.43	1.55	ESTABLE
4296	0.232	1.7	1.85	ESTABLE
4297	0.205	1.71	1.79	ESTABLE
4298	0.266	2.04	1.44	INESTABLE
4299	0.201	2.08	1.78	INESTABLE
4300	0.233	1.52	1.51	ESTABLE
4301	0.24	2.16	1.89	INESTABLE
4302	0.231	1.91	1.92	ESTABLE
4303	0.179	1.72	1.89	INESTABLE
4304	0.328	2	2.04	ESTABLE
4305	0.341	2.12	1.51	INESTABLE
4306	0.163	1.8	2.09	INESTABLE
4307	0.248	1.72	1.84	ESTABLE
4308	0.327	2.17	1.72	INESTABLE
4309	0.319	1.81	1.7	ESTABLE
4310	0.154	1.54	1.74	INESTABLE
4311	0.206	2.1	2.14	ESTABLE
4312	0.205	1.49	1.46	ESTABLE
4313	0.197	1.59	1.94	INESTABLE
4314	0.239	1.54	2.06	INESTABLE
4315	0.151	2.14	1.58	INESTABLE
4316	0.309	2.17	1.85	INESTABLE
4317	0.342	2.02	1.77	INESTABLE
4318	0.295	1.83	1.45	INESTABLE
4319	0.202	1.41	1.73	INESTABLE
4320	0.328	1.85	1.4	INESTABLE
4321	0.229	1.85	2.06	INESTABLE
4322	0.245	1.66	1.69	ESTABLE
4323	0.333	1.7	1.75	ESTABLE
4324	0.229	1.96	1.66	INESTABLE
4325	0.338	1.69	1.41	INESTABLE
4326	0.301	1.9	1.89	ESTABLE
4327	0.317	1.77	1.89	ESTABLE
4328	0.301	1.68	1.46	INESTABLE
4329	0.203	1.94	1.57	INESTABLE
4330	0.254	1.96	2.01	ESTABLE
4331	0.289	1.6	1.44	INESTABLE
4332	0.153	1.66	2.02	INESTABLE
4333	0.285	2.09	1.85	INESTABLE
4334	0.311	1.97	1.58	INESTABLE
4335	0.281	2.05	2.17	ESTABLE
4336	0.317	1.82	2.08	INESTABLE
4337	0.218	1.92	1.72	INESTABLE
4338	0.324	1.48	2.04	INESTABLE
4339	0.317	1.69	1.74	ESTABLE
4340	0.188	2.08	1.93	ESTABLE
4341	0.232	1.62	1.96	INESTABLE
4342	0.266	1.72	1.55	INESTABLE
4343	0.171	1.88	1.79	ESTABLE
4344	0.203	1.56	2.17	INESTABLE
4345	0.32	2.11	1.52	INESTABLE
4346	0.288	1.75	1.91	INESTABLE
4347	0.307	1.63	1.98	INESTABLE
4348	0.169	1.6	1.63	ESTABLE
4349	0.254	1.74	1.82	ESTABLE
4350	0.297	1.95	1.68	INESTABLE
4351	0.158	1.72	1.43	INESTABLE
4352	0.226	1.86	1.62	INESTABLE
4353	0.337	1.76	1.41	INESTABLE
4354	0.16	2.03	2.03	ESTABLE
4355	0.322	2.13	1.77	INESTABLE
4356	0.304	1.68	2.14	INESTABLE
4357	0.229	1.45	2.09	INESTABLE
4358	0.281	1.82	2.06	INESTABLE
4359	0.232	2.01	1.43	INESTABLE
4360	0.151	1.98	1.5	INESTABLE
4361	0.26	1.84	1.97	ESTABLE
4362	0.16	1.61	1.62	ESTABLE
4363	0.294	2.09	1.88	INESTABLE
4364	0.27	1.87	2.13	INESTABLE
4365	0.249	2.07	1.76	INESTABLE
4366	0.316	1.75	2.19	INESTABLE
4367	0.262	1.48	1.81	INESTABLE
4368	0.275	1.73	1.44	INESTABLE
4369	0.192	1.91	1.81	ESTABLE
4370	0.308	2.04	2.04	ESTABLE
4371	0.256	1.64	2.17	INESTABLE
4372	0.258	1.84	2.16	INESTABLE
4373	0.301	1.51	2.19	INESTABLE
4374	0.239	1.93	1.98	ESTABLE
4375	0.269	1.76	1.94	INESTABLE
4376	0.19	2	1.64	INESTABLE
4377	0.32	1.82	1.44	INESTABLE
4378	0.343	1.6	1.78	INESTABLE
4379	0.205	1.65	2.1	INESTABLE
4380	0.241	1.45	1.89	INESTABLE
4381	0.255	1.67	1.67	ESTABLE
4382	0.191	1.87	1.61	INESTABLE
4383	0.19	1.56	1.7	ESTABLE
4384	0.152	1.84	1.55	INESTABLE
4385	0.323	1.81	1.91	ESTABLE
4386	0.176	2.1	1.84	INESTABLE
4387	0.216	2.02	2.16	ESTABLE
4388	0.324	1.53	1.47	ESTABLE
4389	0.229	1.98	2.07	ESTABLE
4390	0.298	1.76	2.16	INESTABLE
4391	0.307	2.02	1.62	INESTABLE
4392	0.314	2.07	1.44	INESTABLE
4393	0.177	1.59	1.61	ESTABLE
4394	0.337	2.15	1.45	INESTABLE
4395	0.247	1.59	1.45	ESTABLE
4396	0.155	1.57	1.79	INESTABLE
4397	0.154	1.99	1.89	ESTABLE
4398	0.151	2.12	1.8	INESTABLE
4399	0.275	1.86	1.83	ESTABLE
4400	0.343	1.89	1.72	INESTABLE
4401	0.222	1.83	1.65	INESTABLE
4402	0.208	1.45	1.62	INESTABLE
4403	0.317	1.89	2.1	INESTABLE
4404	0.237	1.89	2.18	INESTABLE
4405	0.323	1.86	1.45	INESTABLE
4406	0.18	1.58	1.96	INESTABLE
4407	0.21	1.49	1.66	INESTABLE
4408	0.153	1.41	2.02	INESTABLE
4409	0.29	1.85	1.96	ESTABLE
4410	0.269	1.57	1.68	ESTABLE
4411	0.167	1.81	1.57	INESTABLE
4412	0.334	2.11	1.85	INESTABLE
4413	0.265	1.6	2.01	INESTABLE
4414	0.268	1.65	1.59	ESTABLE
4415	0.234	1.73	1.61	ESTABLE
4416	0.19	2.09	1.76	INESTABLE
4417	0.32	2.2	2.16	ESTABLE
4418	0.241	2	1.87	ESTABLE
4419	0.196	1.96	1.56	INESTABLE
4420	0.256	1.51	1.71	INESTABLE
4421	0.299	1.77	1.82	ESTABLE
4422	0.183	2.15	1.94	INESTABLE
4423	0.298	2.04	1.62	INESTABLE
4424	0.262	1.76	1.98	INESTABLE
4425	0.344	2.19	1.65	INESTABLE
4426	0.343	1.88	2.14	INESTABLE
4427	0.319	1.66	1.78	ESTABLE
4428	0.226	1.63	1.63	ESTABLE
4429	0.272	1.42	1.51	ESTABLE
4430	0.285	2.02	1.5	INESTABLE
4431	0.158	1.87	2.04	INESTABLE
4432	0.264	1.84	2.19	INESTABLE
4433	0.181	1.92	2.13	INESTABLE
4434	0.179	2.19	2.14	ESTABLE
4435	0.314	1.75	2	INESTABLE
4436	0.17	1.61	1.86	INESTABLE
4437	0.247	1.83	1.9	ESTABLE
4438	0.333	1.75	1.69	ESTABLE
4439	0.213	2.09	2.06	ESTABLE
4440	0.314	2.16	1.95	INESTABLE
4441	0.254	1.59	1.41	INESTABLE
4442	0.329	1.6	2.06	INESTABLE
4443	0.18	1.73	2	INESTABLE
4444	0.182	1.43	1.89	INESTABLE
4445	0.262	2.17	2.13	ESTABLE
4446	0.2	1.99	1.48	INESTABLE
4447	0.328	1.83	1.64	INESTABLE
4448	0.199	1.79	2.07	INESTABLE
4449	0.317	1.74	1.54	INESTABLE
4450	0.308	1.85	2.03	INESTABLE
4451	0.256	2.06	1.55	INESTABLE
4452	0.305	1.9	2.15	INESTABLE
4453	0.324	1.47	1.88	INESTABLE
4454	0.241	1.94	1.9	ESTABLE
4455	0.245	1.71	1.72	ESTABLE
4456	0.34	2.02	2.02	ESTABLE
4457	0.206	2.08	1.46	INESTABLE
4458	0.331	1.63	1.54	ESTABLE
4459	0.16	1.99	1.62	INESTABLE
4460	0.253	2.16	2.11	ESTABLE
4461	0.183	2.16	1.79	INESTABLE
4462	0.261	2.08	1.85	INESTABLE
4463	0.209	2	2.06	ESTABLE
4464	0.16	1.72	1.99	INESTABLE
4465	0.178	2.17	1.71	INESTABLE
4466	0.295	1.44	2.18	INESTABLE
4467	0.2	1.67	1.55	ESTABLE
4468	0.252	1.77	1.69	ESTABLE
4469	0.207	1.53	1.83	INESTABLE
4470	0.32	1.54	1.79	INESTABLE
4471	0.187	2.06	1.91	ESTABLE
4472	0.154	1.83	1.77	ESTABLE
4473	0.249	1.69	1.68	ESTABLE
4474	0.177	1.8	1.58	INESTABLE
4475	0.344	1.54	1.86	INESTABLE
4476	0.187	1.58	1.76	INESTABLE
4477	0.171	1.95	1.94	ESTABLE
4478	0.316	1.54	1.49	ESTABLE
4479	0.263	2.08	1.49	INESTABLE
4480	0.23	1.56	1.61	ESTABLE
4481	0.283	1.88	1.74	ESTABLE
4482	0.342	2.08	1.92	INESTABLE
4483	0.159	1.48	1.62	ESTABLE
4484	0.333	1.5	1.83	INESTABLE
4485	0.272	2.2	1.61	INESTABLE
4486	0.287	1.67	1.62	ESTABLE
4487	0.191	1.62	1.5	ESTABLE
4488	0.248	2.02	2.19	INESTABLE
4489	0.153	1.91	1.99	ESTABLE
4490	0.154	2.04	1.53	INESTABLE
4491	0.217	1.69	1.9	INESTABLE
4492	0.296	1.92	1.69	INESTABLE
4493	0.322	1.57	1.61	ESTABLE
4494	0.285	2.18	1.49	INESTABLE
4495	0.2	1.64	1.86	INESTABLE
4496	0.192	1.48	1.86	INESTABLE
4497	0.267	1.89	1.62	INESTABLE
4498	0.168	1.61	2.15	INESTABLE
4499	0.228	1.83	1.95	ESTABLE
4500	0.165	2.11	1.5	INESTABLE
4501	0.306	1.86	1.87	ESTABLE
4502	0.315	1.61	1.52	ESTABLE
4503	0.273	1.49	1.46	ESTABLE
4504	0.347	1.76	1.51	INESTABLE
4505	0.312	1.92	1.71	INESTABLE
4506	0.197	1.4	1.42	ESTABLE
4507	0.197	1.48	1.48	ESTABLE
4508	0.345	1.47	1.44	ESTABLE
4509	0.233	1.57	1.46	ESTABLE
4510	0.292	1.76	1.52	INESTABLE
4511	0.304	1.86	1.58	INESTABLE
4512	0.179	1.81	1.79	ESTABLE
4513	0.276	1.78	2.19	INESTABLE
4514	0.252	1.71	1.7	ESTABLE
4515	0.293	1.49	1.83	INESTABLE
4516	0.277	2.15	1.98	INESTABLE
4517	0.163	2.13	1.96	INESTABLE
4518	0.187	1.96	1.42	INESTABLE
4519	0.244	1.58	2.06	INESTABLE
4520	0.223	1.69	1.56	ESTABLE
4521	0.302	2.12	1.42	INESTABLE
4522	0.18	1.47	1.81	INESTABLE
4523	0.25	1.93	1.73	INESTABLE
4524	0.268	1.43	1.86	INESTABLE
4525	0.225	2	1.67	INESTABLE
4526	0.294	1.83	2.07	INESTABLE
4527	0.25	1.53	1.41	ESTABLE
4528	0.17	1.49	1.74	INESTABLE
4529	0.328	1.88	1.86	ESTABLE
4530	0.172	1.71	1.71	ESTABLE
4531	0.218	1.98	1.44	INESTABLE
4532	0.262	1.72	1.51	INESTABLE
4533	0.216	1.67	1.56	ESTABLE
4534	0.328	2.19	1.95	INESTABLE
4535	0.273	1.61	1.85	INESTABLE
4536	0.251	1.72	1.84	ESTABLE
4537	0.169	1.6	1.78	INESTABLE
4538	0.341	1.89	2.05	INESTABLE
4539	0.248	2.07	2.04	ESTABLE
4540	0.255	1.46	1.58	ESTABLE
4541	0.334	1.52	2.01	INESTABLE
4542	0.339	2.09	1.68	INESTABLE
4543	0.318	1.85	2.1	INESTABLE
4544	0.247	2.02	1.72	INESTABLE
4545	0.321	1.74	1.93	INESTABLE
4546	0.232	1.96	1.83	ESTABLE
4547	0.349	1.66	1.76	ESTABLE
4548	0.234	1.66	1.78	ESTABLE
4549	0.329	1.49	1.71	INESTABLE
4550	0.323	1.41	1.88	INESTABLE
4551	0.205	2.13	1.5	INESTABLE
4552	0.252	2.19	1.7	INESTABLE
4553	0.308	2.01	1.92	ESTABLE
4554	0.231	2.07	2.16	ESTABLE
4555	0.34	1.67	2.06	INESTABLE
4556	0.315	1.87	1.59	INESTABLE
4557	0.341	2.18	1.79	INESTABLE
4558	0.173	1.82	1.78	ESTABLE
4559	0.342	1.81	2.15	INESTABLE
4560	0.186	2.11	1.49	INESTABLE
4561	0.237	1.98	2.03	ESTABLE
4562	0.224	1.71	1.45	INESTABLE
4563	0.324	1.41	2.19	INESTABLE
4564	0.251	1.64	1.77	ESTABLE
4565	0.28	1.48	1.55	ESTABLE
4566	0.173	1.78	1.57	INESTABLE
4567	0.158	1.87	2.2	INESTABLE
4568	0.222	1.95	1.62	INESTABLE
4569	0.162	1.51	1.87	INESTABLE
4570	0.169	1.45	1.48	ESTABLE
4571	0.303	2.17	2.08	ESTABLE
4572	0.27	1.89	2.03	ESTABLE
4573	0.347	1.87	1.94	ESTABLE
4574	0.337	1.66	1.64	ESTABLE
4575	0.312	1.43	1.63	INESTABLE
4576	0.3	1.86	2.07	INESTABLE
4577	0.321	1.56	2.08	INESTABLE
4578	0.185	1.43	2.06	INESTABLE
4579	0.152	1.54	1.75	INESTABLE
4580	0.186	1.56	1.85	INESTABLE
4581	0.23	1.94	2.14	INESTABLE
4582	0.231	1.69	1.94	INESTABLE
4583	0.235	1.51	1.5	ESTABLE
4584	0.347	1.7	2.11	INESTABLE
4585	0.303	2	1.67	INESTABLE
4586	0.158	1.41	2.09	INESTABLE
4587	0.26	1.88	1.47	INESTABLE
4588	0.262	1.68	1.94	INESTABLE
4589	0.212	2.15	1.68	INESTABLE
4590	0.328	2.13	1.47	INESTABLE
4591	0.336	2.18	1.93	INESTABLE
4592	0.274	1.9	1.48	INESTABLE
4593	0.243	2.15	1.58	INESTABLE
4594	0.325	1.97	1.81	INESTABLE
4595	0.252	1.59	1.79	INESTABLE
4596	0.238	1.44	2.06	INESTABLE
4597	0.22	2.11	1.92	INESTABLE
4598	0.264	1.67	1.87	INESTABLE
4599	0.198	1.73	1.89	INESTABLE
4600	0.223	1.89	1.96	ESTABLE
4601	0.27	1.64	1.91	INESTABLE
4602	0.173	1.66	1.48	INESTABLE
4603	0.248	1.72	1.49	INESTABLE
4604	0.225	2.18	1.68	INESTABLE
4605	0.207	1.59	1.67	ESTABLE
4606	0.186	1.52	1.97	INESTABLE
4607	0.171	1.63	1.85	INESTABLE
4608	0.161	1.62	1.57	ESTABLE
4609	0.25	1.59	1.81	INESTABLE
4610	0.187	1.9	1.95	ESTABLE
4611	0.215	1.92	1.6	INESTABLE
4612	0.171	1.59	1.75	INESTABLE
4613	0.165	1.84	1.69	ESTABLE
4614	0.248	1.67	1.71	ESTABLE
4615	0.185	2.15	1.66	INESTABLE
4616	0.343	1.56	1.48	ESTABLE
4617	0.172	1.62	1.83	INESTABLE
4618	0.23	1.45	1.67	INESTABLE
4619	0.294	2.1	2.06	ESTABLE
4620	0.248	1.97	2.13	INESTABLE
4621	0.266	1.87	1.85	ESTABLE
4622	0.257	1.43	1.4	ESTABLE
4623	0.219	1.64	1.59	ESTABLE
4624	0.195	1.69	1.85	INESTABLE
4625	0.32	1.9	2.13	INESTABLE
4626	0.28	2.03	1.4	INESTABLE
4627	0.231	2.12	1.45	INESTABLE
4628	0.271	2.17	2.01	INESTABLE
4629	0.226	1.8	1.99	INESTABLE
4630	0.194	1.49	2.18	INESTABLE
4631	0.348	1.99	1.73	INESTABLE
4632	0.152	1.73	1.47	INESTABLE
4633	0.324	1.81	1.47	INESTABLE
4634	0.294	1.67	1.98	INESTABLE
4635	0.342	1.94	2.15	INESTABLE
4636	0.311	2.17	1.85	INESTABLE
4637	0.238	1.87	1.98	ESTABLE
4638	0.336	1.8	2.18	INESTABLE
4639	0.167	1.73	1.81	ESTABLE
4640	0.243	1.69	1.59	ESTABLE
4641	0.167	2.19	1.76	INESTABLE
4642	0.341	1.57	1.67	ESTABLE
4643	0.257	2.01	1.77	INESTABLE
4644	0.178	2.11	1.72	INESTABLE
4645	0.266	2.08	1.57	INESTABLE
4646	0.336	2.14	1.85	INESTABLE
4647	0.343	1.91	1.57	INESTABLE
4648	0.182	1.67	1.68	ESTABLE
4649	0.342	1.93	2.01	ESTABLE
4650	0.321	2.06	1.79	INESTABLE
4651	0.229	1.75	1.43	INESTABLE
4652	0.187	2.04	1.53	INESTABLE
4653	0.206	1.67	1.82	INESTABLE
4654	0.161	1.97	1.97	ESTABLE
4655	0.248	1.43	2.12	INESTABLE
4656	0.34	1.62	1.52	ESTABLE
4657	0.202	1.92	1.49	INESTABLE
4658	0.252	1.86	1.79	ESTABLE
4659	0.215	2.14	1.52	INESTABLE
4660	0.326	2.19	1.98	INESTABLE
4661	0.287	1.85	1.75	ESTABLE
4662	0.304	1.49	2.15	INESTABLE
4663	0.166	1.75	1.72	ESTABLE
4664	0.339	2.08	1.47	INESTABLE
4665	0.281	1.86	1.85	ESTABLE
4666	0.17	2.17	1.91	INESTABLE
4667	0.257	2	2.19	INESTABLE
4668	0.18	1.9	1.74	INESTABLE
4669	0.154	2.07	1.79	INESTABLE
4670	0.217	1.85	1.46	INESTABLE
4671	0.17	1.78	1.86	ESTABLE
4672	0.18	1.49	2.13	INESTABLE
4673	0.18	1.44	1.8	INESTABLE
4674	0.219	1.91	1.88	ESTABLE
4675	0.329	2.16	2.07	ESTABLE
4676	0.232	2.11	1.65	INESTABLE
4677	0.288	1.44	1.5	ESTABLE
4678	0.192	1.53	2.01	INESTABLE
4679	0.218	2.02	1.83	INESTABLE
4680	0.292	2.04	1.76	INESTABLE
4681	0.344	1.97	1.53	INESTABLE
4682	0.214	1.89	1.48	INESTABLE
4683	0.173	1.78	1.68	ESTABLE
4684	0.16	1.64	1.72	ESTABLE
4685	0.161	2.01	1.84	INESTABLE
4686	0.313	1.96	1.42	INESTABLE
4687	0.308	1.51	1.49	ESTABLE
4688	0.288	2.13	1.46	INESTABLE
4689	0.244	1.71	2.06	INESTABLE
4690	0.238	1.47	1.79	INESTABLE
4691	0.27	2.03	1.59	INESTABLE
4692	0.319	1.42	1.5	ESTABLE
4693	0.241	1.83	1.89	ESTABLE
4694	0.206	1.6	2.1	INESTABLE
4695	0.167	2.09	1.91	INESTABLE
4696	0.305	1.43	1.45	ESTABLE
4697	0.228	1.97	1.79	INESTABLE
4698	0.346	1.6	1.88	INESTABLE
4699	0.171	1.84	1.6	INESTABLE
4700	0.322	1.43	1.58	INESTABLE
4701	0.163	1.62	1.84	INESTABLE
4702	0.326	1.54	1.5	ESTABLE
4703	0.249	2.01	2.12	ESTABLE
4704	0.315	1.66	1.64	ESTABLE
4705	0.173	1.58	1.82	INESTABLE
4706	0.204	1.49	1.64	ESTABLE
4707	0.285	1.82	1.76	ESTABLE
4708	0.204	1.8	1.49	INESTABLE
4709	0.186	1.77	1.59	INESTABLE
4710	0.344	1.9	1.71	INESTABLE
4711	0.328	2.01	2.19	INESTABLE
4712	0.302	1.42	1.89	INESTABLE
4713	0.273	2.17	2.1	ESTABLE
4714	0.21	1.62	1.94	INESTABLE
4715	0.164	1.68	2.17	INESTABLE
4716	0.338	2.11	2.08	ESTABLE
4717	0.264	1.94	1.9	ESTABLE
4718	0.267	1.6	2.17	INESTABLE
4719	0.152	1.45	1.92	INESTABLE
4720	0.232	2.09	1.97	ESTABLE
4721	0.233	1.99	1.87	ESTABLE
4722	0.294	2.16	2.18	ESTABLE
4723	0.238	1.86	1.47	INESTABLE
4724	0.229	2.04	1.7	INESTABLE
4725	0.2	2.07	1.55	INESTABLE
4726	0.215	1.92	1.42	INESTABLE
4727	0.313	1.72	1.42	INESTABLE
4728	0.217	1.57	1.69	ESTABLE
4729	0.303	2.12	1.87	INESTABLE
4730	0.338	2.07	2.18	ESTABLE
4731	0.309	2.18	1.8	INESTABLE
4732	0.182	1.41	1.9	INESTABLE
4733	0.296	2.07	1.7	INESTABLE
4734	0.241	1.87	1.75	ESTABLE
4735	0.261	2.18	1.9	INESTABLE
4736	0.167	2.08	1.76	INESTABLE
4737	0.254	1.59	1.68	ESTABLE
4738	0.32	1.41	1.48	ESTABLE
4739	0.162	1.53	1.99	INESTABLE
4740	0.328	1.94	1.71	INESTABLE
4741	0.24	1.58	1.76	INESTABLE
4742	0.345	1.94	2.16	INESTABLE
4743	0.164	1.76	2.02	INESTABLE
4744	0.181	2.11	1.41	INESTABLE
4745	0.158	1.98	2.12	ESTABLE
4746	0.223	1.84	1.71	ESTABLE
4747	0.314	2.14	1.52	INESTABLE
4748	0.238	1.56	1.51	ESTABLE
4749	0.206	1.49	2.05	INESTABLE
4750	0.187	1.68	1.76	ESTABLE
4751	0.348	1.58	1.85	INESTABLE
4752	0.24	1.69	1.6	ESTABLE
4753	0.238	1.69	1.59	ESTABLE
4754	0.22	2.04	2.07	ESTABLE
4755	0.202	1.89	1.55	INESTABLE
4756	0.253	1.77	1.66	ESTABLE
4757	0.173	1.59	1.91	INESTABLE
4758	0.328	1.64	1.94	INESTABLE
4759	0.224	1.85	1.49	INESTABLE
4760	0.215	1.53	1.74	INESTABLE
4761	0.348	1.56	1.89	INESTABLE
4762	0.237	1.81	2.14	INESTABLE
4763	0.204	1.51	1.57	ESTABLE
4764	0.306	1.62	1.8	INESTABLE
4765	0.224	1.55	2.06	INESTABLE
4766	0.344	2.1	2.17	ESTABLE
4767	0.343	2.17	2.16	ESTABLE
4768	0.335	1.7	2.09	INESTABLE
4769	0.165	1.69	1.81	ESTABLE
4770	0.292	2.1	1.84	INESTABLE
4771	0.205	1.79	1.77	ESTABLE
4772	0.284	1.42	1.53	ESTABLE
4773	0.269	2.06	1.93	ESTABLE
4774	0.311	1.9	2	ESTABLE
4775	0.27	2.02	1.45	INESTABLE
4776	0.173	1.83	1.86	ESTABLE
4777	0.319	1.69	1.83	ESTABLE
4778	0.336	2.14	1.58	INESTABLE
4779	0.32	1.83	1.48	INESTABLE
4780	0.238	1.46	1.43	ESTABLE
4781	0.335	2.19	1.8	INESTABLE
4782	0.317	2.14	1.85	INESTABLE
4783	0.25	1.67	1.59	ESTABLE
4784	0.244	1.91	1.59	INESTABLE
4785	0.183	2.17	1.59	INESTABLE
4786	0.157	1.57	1.43	ESTABLE
4787	0.193	1.85	2.13	INESTABLE
4788	0.171	1.44	1.52	ESTABLE
4789	0.24	1.62	1.52	ESTABLE
4790	0.31	1.78	2.12	INESTABLE
4791	0.283	1.96	1.75	INESTABLE
4792	0.165	1.45	1.68	INESTABLE
4793	0.155	1.93	1.96	ESTABLE
4794	0.261	1.58	1.68	ESTABLE
4795	0.213	1.52	1.56	ESTABLE
4796	0.286	1.57	1.44	ESTABLE
4797	0.2	1.9	1.56	INESTABLE
4798	0.336	1.75	1.54	INESTABLE
4799	0.324	1.51	1.41	ESTABLE
4800	0.157	1.96	2.06	ESTABLE
4801	0.206	1.54	1.89	INESTABLE
4802	0.206	1.61	1.78	INESTABLE
4803	0.26	2.01	2.11	ESTABLE
4804	0.192	1.78	1.43	INESTABLE
4805	0.235	1.99	1.98	ESTABLE
4806	0.154	2.1	2.16	ESTABLE
4807	0.286	1.68	1.73	ESTABLE
4808	0.218	2.08	1.65	INESTABLE
4809	0.277	1.41	1.91	INESTABLE
4810	0.25	2.01	2.16	INESTABLE
4811	0.289	1.41	1.51	ESTABLE
4812	0.218	1.8	1.88	ESTABLE
4813	0.335	2.14	1.79	INESTABLE
4814	0.249	1.5	2.17	INESTABLE
4815	0.237	1.9	1.5	INESTABLE
4816	0.335	2.04	1.83	INESTABLE
4817	0.299	2.14	1.75	INESTABLE
4818	0.226	1.55	1.72	INESTABLE
4819	0.281	2.13	2.18	ESTABLE
4820	0.23	1.44	1.53	ESTABLE
4821	0.258	1.5	2.01	INESTABLE
4822	0.221	1.76	1.57	INESTABLE
4823	0.309	1.85	1.54	INESTABLE
4824	0.298	1.49	2.01	INESTABLE
4825	0.165	1.58	1.85	INESTABLE
4826	0.301	1.76	1.53	INESTABLE
4827	0.327	1.63	1.72	ESTABLE
4828	0.297	2.19	1.51	INESTABLE
4829	0.347	1.53	1.66	ESTABLE
4830	0.21	2.12	1.92	INESTABLE
4831	0.199	1.72	1.93	INESTABLE
4832	0.301	1.94	1.89	ESTABLE
4833	0.177	1.73	1.48	INESTABLE
4834	0.246	2.1	1.71	INESTABLE
4835	0.344	1.4	2.04	INESTABLE
4836	0.348	1.65	1.96	INESTABLE
4837	0.262	2.05	1.87	INESTABLE
4838	0.242	1.87	1.83	ESTABLE
4839	0.313	1.65	1.49	INESTABLE
4840	0.295	1.72	1.7	ESTABLE
4841	0.227	1.93	2.01	ESTABLE
4842	0.223	1.74	1.92	INESTABLE
4843	0.262	2.03	1.98	ESTABLE
4844	0.269	1.81	1.88	ESTABLE
4845	0.161	1.47	1.66	INESTABLE
4846	0.283	2	1.45	INESTABLE
4847	0.19	1.93	2.07	ESTABLE
4848	0.28	1.95	1.74	INESTABLE
4849	0.337	1.63	1.91	INESTABLE
4850	0.257	1.96	1.86	ESTABLE
4851	0.341	1.66	1.64	ESTABLE
4852	0.301	1.69	1.51	INESTABLE
4853	0.278	1.53	1.48	ESTABLE
4854	0.347	1.99	1.66	INESTABLE
4855	0.318	1.44	1.51	ESTABLE
4856	0.24	2.11	1.87	INESTABLE
4857	0.242	1.99	2.15	INESTABLE
4858	0.269	1.71	1.98	INESTABLE
4859	0.286	1.58	1.64	ESTABLE
4860	0.169	1.61	1.79	INESTABLE
4861	0.347	1.87	2.11	INESTABLE
4862	0.235	1.66	2.09	INESTABLE
4863	0.288	2.07	1.72	INESTABLE
4864	0.217	1.65	2.12	INESTABLE
4865	0.311	1.54	1.92	INESTABLE
4866	0.173	2.07	1.9	INESTABLE
4867	0.155	1.57	1.52	ESTABLE
4868	0.191	2.03	1.6	INESTABLE
4869	0.215	1.74	1.43	INESTABLE
4870	0.279	1.7	1.68	ESTABLE
4871	0.287	1.7	1.82	ESTABLE
4872	0.171	2.07	2.11	ESTABLE
4873	0.172	1.92	1.78	ESTABLE
4874	0.307	1.78	2.12	INESTABLE
4875	0.285	2.15	2.18	ESTABLE
4876	0.234	1.59	2	INESTABLE
4877	0.289	1.87	1.43	INESTABLE
4878	0.244	1.51	1.77	INESTABLE
4879	0.289	1.42	2.03	INESTABLE
4880	0.164	1.89	1.93	ESTABLE
4881	0.183	1.84	1.84	ESTABLE
4882	0.171	1.51	2.04	INESTABLE
4883	0.346	1.81	1.68	ESTABLE
4884	0.349	1.92	2.1	INESTABLE
4885	0.155	1.7	1.77	ESTABLE
4886	0.164	1.82	1.51	INESTABLE
4887	0.263	1.93	1.43	INESTABLE
4888	0.157	1.62	1.56	ESTABLE
4889	0.163	2.11	2.1	ESTABLE
4890	0.309	1.42	1.71	INESTABLE
4891	0.215	2.11	1.84	INESTABLE
4892	0.265	2.03	1.62	INESTABLE
4893	0.302	1.78	2.16	INESTABLE
4894	0.275	1.61	1.56	ESTABLE
4895	0.165	2.18	2.07	ESTABLE
4896	0.234	2.12	1.83	INESTABLE
4897	0.263	2	1.57	INESTABLE
4898	0.276	2.18	1.6	INESTABLE
4899	0.318	2.07	2.11	ESTABLE
4900	0.338	2.19	1.57	INESTABLE
4901	0.262	2.03	2.15	ESTABLE
4902	0.247	1.83	2.19	INESTABLE
4903	0.28	1.88	1.91	ESTABLE
4904	0.292	1.87	1.61	INESTABLE
4905	0.268	1.75	1.76	ESTABLE
4906	0.263	1.79	1.45	INESTABLE
4907	0.251	1.69	1.99	INESTABLE
4908	0.226	2.03	1.68	INESTABLE
4909	0.208	1.58	1.64	ESTABLE
4910	0.204	1.63	1.75	ESTABLE
4911	0.329	2.07	1.91	INESTABLE
4912	0.346	2.05	1.47	INESTABLE
4913	0.18	1.44	2.03	INESTABLE
4914	0.252	1.52	2.15	INESTABLE
4915	0.319	2.04	2.08	ESTABLE
4916	0.169	1.95	1.55	INESTABLE
4917	0.176	1.79	2.12	INESTABLE
4918	0.32	1.69	1.67	ESTABLE
4919	0.186	2.15	1.65	INESTABLE
4920	0.209	1.58	1.65	ESTABLE
4921	0.307	1.54	1.51	ESTABLE
4922	0.193	2.1	1.49	INESTABLE
4923	0.248	1.71	2.02	INESTABLE
4924	0.169	1.64	2.06	INESTABLE
4925	0.297	1.84	1.61	INESTABLE
4926	0.28	1.51	2.05	INESTABLE
4927	0.298	1.74	1.85	ESTABLE
4928	0.161	1.45	1.67	INESTABLE
4929	0.23	1.49	1.57	ESTABLE
4930	0.242	1.94	1.65	INESTABLE
4931	0.253	1.87	1.98	ESTABLE
4932	0.294	2.05	1.72	INESTABLE
4933	0.214	1.67	1.47	INESTABLE
4934	0.323	2.12	1.5	INESTABLE
4935	0.32	1.88	1.87	ESTABLE
4936	0.184	1.77	1.43	INESTABLE
4937	0.319	1.78	1.98	INESTABLE
4938	0.18	1.9	1.7	INESTABLE
4939	0.194	2.04	1.67	INESTABLE
4940	0.223	1.56	1.52	ESTABLE
4941	0.211	1.42	2.19	INESTABLE
4942	0.296	1.81	2.1	INESTABLE
4943	0.288	1.61	1.55	ESTABLE
4944	0.3	1.71	1.87	INESTABLE
4945	0.343	1.58	1.8	INESTABLE
4946	0.202	1.98	2.17	INESTABLE
4947	0.267	2	1.44	INESTABLE
4948	0.347	1.97	2.02	ESTABLE
4949	0.242	1.41	1.79	INESTABLE
4950	0.191	2.16	1.55	INESTABLE
4951	0.277	1.97	1.89	ESTABLE
4952	0.286	1.45	1.85	INESTABLE
4953	0.288	1.82	2.08	INESTABLE
4954	0.219	1.68	1.89	INESTABLE
4955	0.301	1.9	2.07	INESTABLE
4956	0.21	1.97	1.92	ESTABLE
4957	0.333	1.51	1.85	INESTABLE
4958	0.337	2.13	1.97	INESTABLE
4959	0.272	1.93	1.72	INESTABLE
4960	0.261	1.45	1.44	ESTABLE
4961	0.183	2.16	1.72	INESTABLE
4962	0.28	1.87	1.53	INESTABLE
4963	0.268	1.75	1.74	ESTABLE
4964	0.34	1.89	1.75	ESTABLE
4965	0.168	1.75	2.11	INESTABLE
4966	0.257	1.72	2.04	INESTABLE
4967	0.277	2.18	2.19	ESTABLE
4968	0.243	2.17	2.15	ESTABLE
4969	0.324	1.69	2.11	INESTABLE
4970	0.348	1.84	1.56	INESTABLE
4971	0.202	1.84	1.4	INESTABLE
4972	0.229	1.5	1.88	INESTABLE
4973	0.215	1.63	2.11	INESTABLE
4974	0.247	2.07	1.83	INESTABLE
4975	0.27	1.41	1.53	ESTABLE
4976	0.342	1.72	1.85	ESTABLE
4977	0.256	1.5	1.93	INESTABLE
4978	0.17	1.83	1.85	ESTABLE
4979	0.257	1.58	1.56	ESTABLE
4980	0.277	1.95	2.16	INESTABLE
4981	0.183	1.88	1.75	ESTABLE
4982	0.258	1.99	2.07	ESTABLE
4983	0.219	1.41	2.07	INESTABLE
4984	0.219	1.92	1.66	INESTABLE
4985	0.229	1.57	2.08	INESTABLE
4986	0.151	2.13	1.43	INESTABLE
4987	0.288	2.18	1.42	INESTABLE
4988	0.328	1.62	1.49	ESTABLE
4989	0.237	2	1.41	INESTABLE
4990	0.274	1.44	1.46	ESTABLE
4991	0.255	1.76	1.9	ESTABLE
4992	0.269	2.04	1.95	ESTABLE
4993	0.211	1.92	1.63	INESTABLE
4994	0.24	1.71	2.02	INESTABLE
4995	0.346	1.72	2.03	INESTABLE
4996	0.227	1.43	1.71	INESTABLE
4997	0.334	1.71	1.9	INESTABLE
4998	0.252	2.09	1.6	INESTABLE
4999	0.294	1.65	1.64	ESTABLE
5000	0.244	1.73	1.43	INESTABLE
5001	0.249	1.44	1.65	INESTABLE
5002	0.238	2.15	1.87	INESTABLE
5003	0.255	1.88	2.14	INESTABLE
5004	0.263	1.49	1.79	INESTABLE
5005	0.235	1.47	1.67	INESTABLE
5006	0.25	1.78	1.47	INESTABLE
5007	0.214	1.43	2.1	INESTABLE
5008	0.298	1.49	1.51	ESTABLE
5009	0.346	1.54	1.97	INESTABLE
5010	0.189	1.55	1.43	ESTABLE
5011	0.276	1.47	1.95	INESTABLE
5012	0.331	2.05	1.65	INESTABLE
5013	0.269	1.88	2.03	ESTABLE
5014	0.16	1.41	2.15	INESTABLE
5015	0.314	2.16	1.5	INESTABLE
5016	0.204	1.44	1.48	ESTABLE
5017	0.295	1.51	1.58	ESTABLE
5018	0.348	1.61	1.98	INESTABLE
5019	0.247	2.14	1.9	INESTABLE
5020	0.265	1.69	2.01	INESTABLE
5021	0.26	2.01	1.87	ESTABLE
5022	0.325	1.43	2.12	INESTABLE
5023	0.181	2.11	2.06	ESTABLE
5024	0.252	2.05	1.65	INESTABLE
5025	0.18	1.83	1.87	ESTABLE
5026	0.268	1.89	1.81	ESTABLE
5027	0.158	1.62	2.1	INESTABLE
5028	0.342	1.88	1.92	ESTABLE
5029	0.163	2.2	1.4	INESTABLE
5030	0.153	2.17	1.7	INESTABLE
5031	0.173	1.86	1.77	ESTABLE
5032	0.152	1.76	2	INESTABLE
5033	0.195	1.9	2.18	INESTABLE
5034	0.346	1.9	1.81	ESTABLE
5035	0.322	1.47	2.12	INESTABLE
5036	0.243	1.98	1.84	ESTABLE
5037	0.263	1.63	1.69	ESTABLE
5038	0.221	1.91	1.65	INESTABLE
5039	0.336	1.94	1.53	INESTABLE
5040	0.177	1.61	1.64	ESTABLE
5041	0.303	1.82	2.12	INESTABLE
5042	0.266	1.7	1.96	INESTABLE
5043	0.183	2.15	1.86	INESTABLE
5044	0.34	1.63	1.51	ESTABLE
5045	0.16	1.91	1.85	ESTABLE
5046	0.208	1.93	1.68	INESTABLE
5047	0.346	2.06	1.59	INESTABLE
5048	0.277	1.86	1.55	INESTABLE
5049	0.331	1.78	1.84	ESTABLE
5050	0.246	1.51	1.62	ESTABLE
5051	0.172	2.18	2.01	INESTABLE
5052	0.329	1.55	2.19	INESTABLE
5053	0.254	2.08	2.15	ESTABLE
5054	0.308	1.66	1.9	INESTABLE
5055	0.155	1.41	1.89	INESTABLE
5056	0.268	1.79	1.82	ESTABLE
5057	0.213	2.16	1.79	INESTABLE
5058	0.183	2.03	1.52	INESTABLE
5059	0.224	2.16	1.78	INESTABLE
5060	0.203	1.42	2.07	INESTABLE
5061	0.301	1.72	1.74	ESTABLE
5062	0.237	1.42	2.06	INESTABLE
5063	0.232	1.62	1.51	ESTABLE
5064	0.197	1.98	1.41	INESTABLE
5065	0.304	1.92	1.46	INESTABLE
5066	0.324	1.69	1.99	INESTABLE
5067	0.302	2.02	1.49	INESTABLE
5068	0.238	2.16	1.78	INESTABLE
5069	0.321	2.07	1.47	INESTABLE
5070	0.181	2.06	2.06	ESTABLE
5071	0.279	1.8	2.07	INESTABLE
5072	0.226	1.53	1.89	INESTABLE
5073	0.328	1.47	2.1	INESTABLE
5074	0.33	1.59	1.53	ESTABLE
5075	0.228	2.02	1.7	INESTABLE
5076	0.238	1.75	1.43	INESTABLE
5077	0.24	1.5	1.9	INESTABLE
5078	0.306	2.1	1.5	INESTABLE
5079	0.301	2.01	2	ESTABLE
5080	0.261	1.89	1.82	ESTABLE
5081	0.328	1.6	1.97	INESTABLE
5082	0.177	1.48	1.64	INESTABLE
5083	0.336	1.83	1.6	INESTABLE
5084	0.306	1.46	2.16	INESTABLE
5085	0.249	1.66	2.03	INESTABLE
5086	0.193	2.14	1.79	INESTABLE
5087	0.169	1.63	2.1	INESTABLE
5088	0.158	1.43	1.89	INESTABLE
5089	0.253	1.53	1.64	ESTABLE
5090	0.304	1.9	2.01	ESTABLE
5091	0.339	1.79	1.59	INESTABLE
5092	0.332	2.11	1.57	INESTABLE
5093	0.33	2.05	1.7	INESTABLE
5094	0.169	1.86	2.01	ESTABLE
5095	0.167	1.65	2.1	INESTABLE
5096	0.301	2.18	2.09	ESTABLE
5097	0.152	2.14	2.12	ESTABLE
5098	0.203	2.05	2.11	ESTABLE
5099	0.297	1.72	1.57	ESTABLE
5100	0.207	1.61	2.12	INESTABLE
5101	0.179	1.52	1.97	INESTABLE
5102	0.323	1.86	1.67	INESTABLE
5103	0.344	1.7	1.84	ESTABLE
5104	0.169	2.02	1.54	INESTABLE
5105	0.156	1.78	1.55	INESTABLE
5106	0.294	1.42	1.72	INESTABLE
5107	0.344	1.95	1.99	ESTABLE
5108	0.193	2.1	1.58	INESTABLE
5109	0.291	1.4	1.73	INESTABLE
5110	0.198	1.78	1.45	INESTABLE
5111	0.283	2.09	2.15	ESTABLE
5112	0.166	2.01	1.54	INESTABLE
5113	0.182	1.69	1.54	INESTABLE
5114	0.212	1.56	1.97	INESTABLE
5115	0.277	1.71	1.54	INESTABLE
5116	0.162	1.65	2.13	INESTABLE
5117	0.331	1.83	2.15	INESTABLE
5118	0.248	1.65	1.68	ESTABLE
5119	0.291	2.08	1.99	ESTABLE
5120	0.207	1.94	1.52	INESTABLE
5121	0.237	1.99	1.94	ESTABLE
5122	0.274	1.84	1.59	INESTABLE
5123	0.318	1.98	1.47	INESTABLE
5124	0.27	1.76	2.14	INESTABLE
5125	0.243	1.74	1.41	INESTABLE
5126	0.183	1.88	2.02	ESTABLE
5127	0.248	1.63	1.76	ESTABLE
5128	0.206	2.1	2.07	ESTABLE
5129	0.22	1.89	2.13	INESTABLE
5130	0.331	1.82	1.73	ESTABLE
5131	0.307	1.81	1.86	ESTABLE
5132	0.151	1.46	1.69	INESTABLE
5133	0.323	2.17	2.02	INESTABLE
5134	0.235	1.84	1.56	INESTABLE
5135	0.229	2.06	1.99	ESTABLE
5136	0.271	1.65	1.47	INESTABLE
5137	0.271	2.18	1.45	INESTABLE
5138	0.318	1.63	1.98	INESTABLE
5139	0.292	1.98	2.1	ESTABLE
5140	0.224	1.96	1.91	ESTABLE
5141	0.328	1.93	1.49	INESTABLE
5142	0.15	1.56	2.02	INESTABLE
5143	0.253	1.89	1.7	INESTABLE
5144	0.241	2.15	1.58	INESTABLE
5145	0.3	2	1.79	INESTABLE
5146	0.264	1.82	1.85	ESTABLE
5147	0.154	1.48	2.15	INESTABLE
5148	0.332	1.54	1.48	ESTABLE
5149	0.176	2.17	1.48	INESTABLE
5150	0.282	2.11	2.13	ESTABLE
5151	0.198	1.62	1.41	INESTABLE
5152	0.326	1.62	1.63	ESTABLE
5153	0.319	2.11	2.01	ESTABLE
5154	0.319	2.08	1.99	ESTABLE
5155	0.342	1.66	1.7	ESTABLE
5156	0.307	2.14	2.04	ESTABLE
5157	0.322	2.02	1.68	INESTABLE
5158	0.17	1.57	1.55	ESTABLE
5159	0.22	1.43	1.87	INESTABLE
5160	0.307	2.13	1.57	INESTABLE
5161	0.266	1.87	2.15	INESTABLE
5162	0.223	1.78	1.88	ESTABLE
5163	0.247	1.95	1.97	ESTABLE
5164	0.227	1.53	2.07	INESTABLE
5165	0.306	1.69	2.15	INESTABLE
5166	0.201	1.88	1.65	INESTABLE
5167	0.313	2.14	1.41	INESTABLE
5168	0.31	1.73	1.43	INESTABLE
5169	0.316	1.47	2.18	INESTABLE
5170	0.31	1.59	1.73	ESTABLE
5171	0.179	1.73	2.06	INESTABLE
5172	0.167	2.08	2.01	ESTABLE
5173	0.166	1.96	1.62	INESTABLE
5174	0.173	2.03	1.8	INESTABLE
5175	0.256	2.05	1.87	INESTABLE
5176	0.203	1.77	1.46	INESTABLE
5177	0.171	1.98	1.72	INESTABLE
5178	0.151	1.4	2.19	INESTABLE
5179	0.217	1.78	1.79	ESTABLE
5180	0.228	1.54	1.62	ESTABLE
5181	0.223	1.49	1.69	INESTABLE
5182	0.163	2.18	2.14	ESTABLE
5183	0.175	1.92	1.74	INESTABLE
5184	0.348	1.67	1.88	INESTABLE
5185	0.258	1.5	1.91	INESTABLE
5186	0.294	1.44	1.9	INESTABLE
5187	0.221	1.86	2	ESTABLE
5188	0.27	1.98	1.62	INESTABLE
5189	0.238	1.84	1.84	ESTABLE
5190	0.248	1.61	1.57	ESTABLE
5191	0.165	1.41	1.62	INESTABLE
5192	0.293	1.97	1.5	INESTABLE
5193	0.252	1.99	1.65	INESTABLE
5194	0.313	1.66	2.17	INESTABLE
5195	0.295	1.98	2.01	ESTABLE
5196	0.228	1.79	1.9	ESTABLE
5197	0.203	1.58	1.52	ESTABLE
5198	0.253	2.16	1.46	INESTABLE
5199	0.295	1.65	2.09	INESTABLE
5200	0.172	1.81	1.45	INESTABLE
5201	0.155	1.61	1.61	ESTABLE
5202	0.19	1.65	1.91	INESTABLE
5203	0.243	2.15	2	INESTABLE
5204	0.176	2.19	1.64	INESTABLE
5205	0.195	2.11	2.12	ESTABLE
5206	0.324	1.46	1.95	INESTABLE
5207	0.157	1.78	1.85	ESTABLE
5208	0.34	2.1	2.07	ESTABLE
5209	0.207	2.16	1.95	INESTABLE
5210	0.273	1.69	1.92	INESTABLE
5211	0.297	2.09	1.61	INESTABLE
5212	0.232	1.68	1.67	ESTABLE
5213	0.25	1.8	2.04	INESTABLE
5214	0.28	1.57	1.6	ESTABLE
5215	0.31	2.03	1.78	INESTABLE
5216	0.175	1.74	2.14	INESTABLE
5217	0.249	2	1.85	ESTABLE
5218	0.295	2.14	1.91	INESTABLE
5219	0.314	1.93	1.43	INESTABLE
5220	0.276	1.78	2.19	INESTABLE
5221	0.307	1.69	2.18	INESTABLE
5222	0.321	1.53	1.84	INESTABLE
5223	0.237	1.56	1.49	ESTABLE
5224	0.186	1.94	1.44	INESTABLE
5225	0.259	1.93	1.59	INESTABLE
5226	0.207	1.4	1.56	INESTABLE
5227	0.186	1.9	1.71	INESTABLE
5228	0.266	1.52	1.98	INESTABLE
5229	0.299	1.5	1.58	ESTABLE
5230	0.236	1.61	1.66	ESTABLE
5231	0.181	1.95	1.82	ESTABLE
5232	0.235	2.05	1.79	INESTABLE
5233	0.269	2.07	1.81	INESTABLE
5234	0.171	2.01	1.57	INESTABLE
5235	0.303	1.75	2.11	INESTABLE
5236	0.292	1.5	2.14	INESTABLE
5237	0.294	2.01	1.74	INESTABLE
5238	0.189	1.41	1.51	ESTABLE
5239	0.253	1.68	1.97	INESTABLE
5240	0.293	1.96	1.62	INESTABLE
5241	0.262	1.69	1.68	ESTABLE
5242	0.35	1.91	1.82	ESTABLE
5243	0.164	1.44	2.1	INESTABLE
5244	0.267	1.49	1.88	INESTABLE
5245	0.195	1.86	1.58	INESTABLE
5246	0.224	1.58	1.58	ESTABLE
5247	0.323	1.67	1.98	INESTABLE
5248	0.185	1.81	1.68	ESTABLE
5249	0.197	1.83	1.91	ESTABLE
5250	0.152	1.62	1.62	ESTABLE
5251	0.328	1.84	1.92	ESTABLE
5252	0.171	1.46	1.93	INESTABLE
5253	0.18	1.45	1.44	ESTABLE
5254	0.286	1.53	1.89	INESTABLE
5255	0.281	1.9	2.13	INESTABLE
5256	0.194	1.88	1.96	ESTABLE
5257	0.158	1.55	1.49	ESTABLE
5258	0.224	1.96	1.71	INESTABLE
5259	0.341	2.11	1.43	INESTABLE
5260	0.175	1.61	1.43	INESTABLE
5261	0.204	1.87	1.81	ESTABLE
5262	0.259	1.6	2.18	INESTABLE
5263	0.208	1.5	2.13	INESTABLE
5264	0.315	1.49	1.5	ESTABLE
5265	0.175	1.56	1.55	ESTABLE
5266	0.28	2.01	1.47	INESTABLE
5267	0.342	1.91	2.05	ESTABLE
5268	0.187	1.78	1.7	ESTABLE
5269	0.295	1.69	1.86	INESTABLE
5270	0.186	2.19	1.6	INESTABLE
5271	0.181	2.18	1.61	INESTABLE
5272	0.213	2.05	1.96	ESTABLE
5273	0.239	1.86	1.78	ESTABLE
5274	0.185	2.06	1.54	INESTABLE
5275	0.304	1.83	1.74	ESTABLE
5276	0.171	2.14	1.66	INESTABLE
5277	0.254	1.94	2.03	ESTABLE
5278	0.253	1.76	1.53	INESTABLE
5279	0.235	1.61	1.83	INESTABLE
5280	0.176	2.19	2.06	ESTABLE
5281	0.195	1.75	1.76	ESTABLE
5282	0.16	1.58	1.84	INESTABLE
5283	0.33	1.64	1.93	INESTABLE
5284	0.236	1.93	1.82	ESTABLE
5285	0.184	1.55	2.04	INESTABLE
5286	0.317	1.89	1.88	ESTABLE
5287	0.153	2	2.11	ESTABLE
5288	0.275	1.61	1.66	ESTABLE
5289	0.156	1.69	1.7	ESTABLE
5290	0.18	1.76	1.67	ESTABLE
5291	0.268	2.17	1.84	INESTABLE
5292	0.173	1.96	1.53	INESTABLE
5293	0.333	1.81	1.99	INESTABLE
5294	0.298	1.9	1.67	INESTABLE
5295	0.276	1.98	2.17	INESTABLE
5296	0.261	1.81	2.01	INESTABLE
5297	0.265	1.76	2.06	INESTABLE
5298	0.198	1.63	2.19	INESTABLE
5299	0.227	1.67	2.05	INESTABLE
5300	0.249	1.74	2.15	INESTABLE
5301	0.175	1.95	1.48	INESTABLE
5302	0.246	2.01	1.5	INESTABLE
5303	0.216	2.12	1.95	INESTABLE
5304	0.3	1.69	1.96	INESTABLE
5305	0.328	1.97	1.8	INESTABLE
5306	0.244	2.13	2.09	ESTABLE
5307	0.261	2.19	2.13	ESTABLE
5308	0.278	1.43	1.5	ESTABLE
5309	0.349	1.77	1.96	INESTABLE
5310	0.205	1.9	1.68	INESTABLE
5311	0.205	1.69	1.44	INESTABLE
5312	0.334	2.09	2.15	ESTABLE
5313	0.284	1.45	1.75	INESTABLE
5314	0.181	1.83	1.67	INESTABLE
5315	0.23	2.11	1.9	INESTABLE
5316	0.278	2.08	1.89	INESTABLE
5317	0.22	2.05	1.59	INESTABLE
5318	0.153	1.94	1.62	INESTABLE
5319	0.216	2.16	2.13	ESTABLE
5320	0.18	1.97	2.08	ESTABLE
5321	0.336	1.42	2.19	INESTABLE
5322	0.29	1.43	1.8	INESTABLE
5323	0.287	1.91	2	ESTABLE
5324	0.187	2.16	2.14	ESTABLE
5325	0.212	1.81	1.82	ESTABLE
5326	0.302	2.15	2.02	ESTABLE
5327	0.302	1.59	1.87	INESTABLE
5328	0.276	1.44	1.89	INESTABLE
5329	0.324	1.79	1.97	INESTABLE
5330	0.293	2.01	1.67	INESTABLE
5331	0.337	1.75	1.73	ESTABLE
5332	0.162	1.93	1.91	ESTABLE
5333	0.262	2.1	1.9	INESTABLE
5334	0.291	1.87	2.08	INESTABLE
5335	0.235	2.05	1.91	ESTABLE
5336	0.221	1.8	1.48	INESTABLE
5337	0.229	2.16	2.2	ESTABLE
5338	0.213	1.42	1.9	INESTABLE
5339	0.34	2.07	1.91	INESTABLE
5340	0.279	1.43	1.92	INESTABLE
5341	0.203	2.18	1.86	INESTABLE
5342	0.164	1.86	1.98	ESTABLE
5343	0.292	1.61	1.49	ESTABLE
5344	0.24	1.63	1.89	INESTABLE
5345	0.154	2.16	1.62	INESTABLE
5346	0.272	1.95	1.65	INESTABLE
5347	0.32	1.98	1.65	INESTABLE
5348	0.254	2.08	2.19	ESTABLE
5349	0.169	1.66	1.49	INESTABLE
5350	0.186	1.93	2.03	ESTABLE
5351	0.205	1.42	1.88	INESTABLE
5352	0.19	1.93	1.76	INESTABLE
5353	0.214	2.19	1.84	INESTABLE
5354	0.306	2.15	2.07	ESTABLE
5355	0.229	1.72	2.02	INESTABLE
5356	0.189	1.74	1.56	INESTABLE
5357	0.247	1.43	1.78	INESTABLE
5358	0.33	1.75	2.07	INESTABLE
5359	0.323	1.53	2.07	INESTABLE
5360	0.26	1.81	1.76	ESTABLE
5361	0.33	1.61	1.65	ESTABLE
5362	0.256	2.12	1.99	ESTABLE
5363	0.308	1.5	1.74	INESTABLE
5364	0.171	1.59	1.62	ESTABLE
5365	0.3	1.63	1.55	ESTABLE
5366	0.165	1.88	1.63	INESTABLE
5367	0.17	2.1	1.4	INESTABLE
5368	0.264	1.44	2.17	INESTABLE
5369	0.172	2	1.52	INESTABLE
5370	0.158	1.52	2.02	INESTABLE
5371	0.207	1.54	1.43	ESTABLE
5372	0.343	1.72	1.84	ESTABLE
5373	0.196	1.41	2.08	INESTABLE
5374	0.338	1.54	1.87	INESTABLE
5375	0.174	2.08	1.89	INESTABLE
5376	0.272	2	1.53	INESTABLE
5377	0.333	2.08	2.06	ESTABLE
5378	0.314	1.81	1.51	INESTABLE
5379	0.321	1.91	1.57	INESTABLE
5380	0.165	1.57	2.04	INESTABLE
5381	0.345	2.03	2.13	ESTABLE
5382	0.309	1.45	1.44	ESTABLE
5383	0.326	1.5	1.68	INESTABLE
5384	0.288	1.73	1.57	INESTABLE
5385	0.29	1.61	1.57	ESTABLE
5386	0.341	1.55	1.49	ESTABLE
5387	0.225	1.83	2.11	INESTABLE
5388	0.27	1.49	1.89	INESTABLE
5389	0.197	1.43	2.15	INESTABLE
5390	0.347	1.44	1.95	INESTABLE
5391	0.18	1.76	1.56	INESTABLE
5392	0.201	1.46	1.91	INESTABLE
5393	0.211	1.45	1.64	INESTABLE
5394	0.252	1.41	2.12	INESTABLE
5395	0.327	1.69	1.62	ESTABLE
5396	0.298	1.43	2.01	INESTABLE
5397	0.306	2.16	1.69	INESTABLE
5398	0.276	1.85	2.07	INESTABLE
5399	0.203	1.52	1.63	ESTABLE
5400	0.223	1.78	2.01	INESTABLE
5401	0.191	2.05	1.6	INESTABLE
5402	0.205	1.89	1.92	ESTABLE
5403	0.18	1.85	1.64	INESTABLE
5404	0.258	1.7	2.16	INESTABLE
5405	0.301	1.58	1.45	ESTABLE
5406	0.21	2.01	2.2	INESTABLE
5407	0.151	1.48	2.17	INESTABLE
5408	0.308	1.5	2.15	INESTABLE
5409	0.196	1.51	2.07	INESTABLE
5410	0.349	1.87	1.59	INESTABLE
5411	0.154	1.51	1.76	INESTABLE
5412	0.152	2.08	1.76	INESTABLE
5413	0.32	1.99	1.97	ESTABLE
5414	0.157	1.99	2	ESTABLE
5415	0.287	1.99	2.12	ESTABLE
5416	0.203	1.46	1.47	ESTABLE
5417	0.158	1.77	1.98	INESTABLE
5418	0.328	2.2	1.97	INESTABLE
5419	0.258	2.2	1.64	INESTABLE
5420	0.231	1.53	1.81	INESTABLE
5421	0.267	1.88	1.81	ESTABLE
5422	0.188	1.81	2.02	INESTABLE
5423	0.188	1.91	2.17	INESTABLE
5424	0.237	1.67	1.6	ESTABLE
5425	0.153	1.88	1.88	ESTABLE
5426	0.154	1.94	1.52	INESTABLE
5427	0.163	1.82	1.45	INESTABLE
5428	0.267	2.16	2.01	INESTABLE
5429	0.307	1.61	1.61	ESTABLE
5430	0.34	1.65	1.51	ESTABLE
5431	0.277	1.82	1.51	INESTABLE
5432	0.221	1.56	1.57	ESTABLE
5433	0.211	1.71	1.58	ESTABLE
5434	0.22	1.94	1.85	ESTABLE
5435	0.227	2.13	1.41	INESTABLE
5436	0.224	1.63	2.14	INESTABLE
5437	0.319	1.69	1.64	ESTABLE
5438	0.274	1.96	1.67	INESTABLE
5439	0.254	1.96	1.65	INESTABLE
5440	0.289	1.4	1.53	ESTABLE
5441	0.154	1.56	1.86	INESTABLE
5442	0.184	2.16	1.73	INESTABLE
5443	0.189	1.8	2.1	INESTABLE
5444	0.319	2.02	2.05	ESTABLE
5445	0.2	1.82	1.94	ESTABLE
5446	0.286	1.62	1.89	INESTABLE
5447	0.286	1.9	2.05	ESTABLE
5448	0.348	1.78	1.73	ESTABLE
5449	0.295	1.47	1.78	INESTABLE
5450	0.152	1.64	1.46	INESTABLE
5451	0.169	1.44	1.9	INESTABLE
5452	0.209	2.12	1.8	INESTABLE
5453	0.273	1.93	1.73	INESTABLE
5454	0.271	2	1.84	INESTABLE
5455	0.217	2.1	1.61	INESTABLE
5456	0.287	1.45	1.9	INESTABLE
5457	0.174	1.65	1.98	INESTABLE
5458	0.204	1.92	2.05	ESTABLE
5459	0.234	1.57	1.62	ESTABLE
5460	0.162	1.74	1.6	ESTABLE
5461	0.327	1.58	1.57	ESTABLE
5462	0.304	1.56	1.46	ESTABLE
5463	0.344	1.84	1.61	INESTABLE
5464	0.257	1.88	1.8	ESTABLE
5465	0.191	1.83	1.79	ESTABLE
5466	0.28	1.82	1.56	INESTABLE
5467	0.322	1.61	1.45	INESTABLE
5468	0.323	1.7	2	INESTABLE
5469	0.171	2.1	1.73	INESTABLE
5470	0.331	2.18	1.85	INESTABLE
5471	0.33	1.94	2.07	ESTABLE
5472	0.301	1.91	1.63	INESTABLE
5473	0.29	1.64	1.41	INESTABLE
5474	0.313	1.49	1.99	INESTABLE
5475	0.33	1.87	1.56	INESTABLE
5476	0.248	1.85	1.61	INESTABLE
5477	0.335	2.08	2.19	ESTABLE
5478	0.178	2.09	2.06	ESTABLE
5479	0.164	1.77	2.02	INESTABLE
5480	0.167	1.77	2.2	INESTABLE
5481	0.31	1.68	1.91	INESTABLE
5482	0.343	1.71	2.03	INESTABLE
5483	0.198	1.41	1.48	ESTABLE
5484	0.316	2.04	1.95	ESTABLE
5485	0.3	2.11	1.85	INESTABLE
5486	0.321	1.74	1.92	INESTABLE
5487	0.212	1.59	1.92	INESTABLE
5488	0.323	1.43	1.65	INESTABLE
5489	0.184	1.86	2.17	INESTABLE
5490	0.307	1.53	1.7	INESTABLE
5491	0.319	1.8	1.65	ESTABLE
5492	0.284	1.52	1.89	INESTABLE
5493	0.155	1.72	1.85	ESTABLE
5494	0.204	1.59	1.9	INESTABLE
5495	0.207	1.45	1.62	INESTABLE
5496	0.273	1.77	2.05	INESTABLE
5497	0.236	1.92	1.8	ESTABLE
5498	0.331	1.92	2.18	INESTABLE
5499	0.326	1.65	1.71	ESTABLE
5500	0.232	2.03	1.4	INESTABLE
5501	0.301	2.15	1.54	INESTABLE
5502	0.286	1.42	1.51	ESTABLE
5503	0.189	2.17	1.84	INESTABLE
5504	0.167	1.43	1.89	INESTABLE
5505	0.344	1.98	1.69	INESTABLE
5506	0.328	1.57	1.65	ESTABLE
5507	0.23	2.13	2.09	ESTABLE
5508	0.297	1.76	1.54	INESTABLE
5509	0.175	1.73	1.93	INESTABLE
5510	0.227	2.07	1.98	ESTABLE
5511	0.235	1.96	1.86	ESTABLE
5512	0.246	1.62	1.94	INESTABLE
5513	0.347	1.95	1.75	INESTABLE
5514	0.3	1.98	1.76	INESTABLE
5515	0.309	2.18	1.67	INESTABLE
5516	0.254	2.18	1.91	INESTABLE
5517	0.214	2.15	2.11	ESTABLE
5518	0.306	2.15	2.09	ESTABLE
5519	0.342	1.9	1.72	INESTABLE
5520	0.254	1.93	2.15	INESTABLE
5521	0.183	1.77	1.55	INESTABLE
5522	0.219	1.76	1.78	ESTABLE
5523	0.179	1.9	2.05	ESTABLE
5524	0.251	1.52	1.73	INESTABLE
5525	0.321	2.1	2.05	ESTABLE
5526	0.291	1.64	1.83	INESTABLE
5527	0.226	1.86	2.06	INESTABLE
5528	0.251	1.91	1.69	INESTABLE
5529	0.192	1.54	1.7	INESTABLE
5530	0.193	1.59	1.46	ESTABLE
5531	0.193	2.05	1.6	INESTABLE
5532	0.346	1.72	1.78	ESTABLE
5533	0.19	1.79	1.46	INESTABLE
5534	0.335	1.71	1.59	ESTABLE
5535	0.256	2.02	2.14	ESTABLE
5536	0.204	1.44	2	INESTABLE
5537	0.187	1.81	1.9	ESTABLE
5538	0.249	1.55	1.58	ESTABLE
5539	0.339	1.97	1.63	INESTABLE
5540	0.208	1.89	1.99	ESTABLE
5541	0.168	1.74	1.49	INESTABLE
5542	0.195	1.7	1.83	ESTABLE
5543	0.19	1.89	1.58	INESTABLE
5544	0.306	1.66	1.66	ESTABLE
5545	0.24	1.6	1.63	ESTABLE
5546	0.316	1.53	1.92	INESTABLE
5547	0.241	1.61	1.58	ESTABLE
5548	0.308	1.55	1.61	ESTABLE
5549	0.197	1.57	2.18	INESTABLE
5550	0.192	1.58	1.91	INESTABLE
5551	0.17	1.62	2.14	INESTABLE
5552	0.245	2.12	1.95	INESTABLE
5553	0.348	1.89	2.15	INESTABLE
5554	0.199	2.1	1.82	INESTABLE
5555	0.223	1.57	1.74	INESTABLE
5556	0.221	2.08	2.18	ESTABLE
5557	0.295	1.89	1.6	INESTABLE
5558	0.299	1.4	1.71	INESTABLE
5559	0.241	1.92	2.16	INESTABLE
5560	0.235	1.65	1.74	ESTABLE
5561	0.26	1.67	1.83	INESTABLE
5562	0.202	1.64	1.66	ESTABLE
5563	0.221	1.84	1.44	INESTABLE
5564	0.281	1.45	1.65	INESTABLE
5565	0.243	1.73	1.96	INESTABLE
5566	0.314	2.12	1.8	INESTABLE
5567	0.286	1.99	1.72	INESTABLE
5568	0.166	1.87	1.66	INESTABLE
5569	0.196	1.5	1.42	ESTABLE
5570	0.166	1.74	1.73	ESTABLE
5571	0.28	1.83	2.14	INESTABLE
5572	0.332	1.75	1.82	ESTABLE
5573	0.319	2.03	1.51	INESTABLE
5574	0.227	1.69	1.94	INESTABLE
5575	0.342	1.85	2.19	INESTABLE
5576	0.283	2.01	2.12	ESTABLE
5577	0.192	2.06	2.07	ESTABLE
5578	0.273	1.9	1.6	INESTABLE
5579	0.328	1.99	1.54	INESTABLE
5580	0.335	2.1	1.93	INESTABLE
5581	0.217	1.47	2.03	INESTABLE
5582	0.277	1.52	1.57	ESTABLE
5583	0.209	1.59	1.86	INESTABLE
5584	0.225	1.99	1.76	INESTABLE
5585	0.33	1.89	1.97	ESTABLE
5586	0.164	2.06	1.95	ESTABLE
5587	0.211	2.07	1.72	INESTABLE
5588	0.187	2	1.58	INESTABLE
5589	0.311	1.64	1.56	ESTABLE
5590	0.237	1.59	1.46	ESTABLE
5591	0.33	1.74	1.68	ESTABLE
5592	0.327	2.04	2.06	ESTABLE
5593	0.3	1.48	2.03	INESTABLE
5594	0.155	2.17	1.62	INESTABLE
5595	0.272	1.41	1.94	INESTABLE
5596	0.214	1.62	1.45	INESTABLE
5597	0.156	1.64	1.76	ESTABLE
5598	0.255	2.14	1.49	INESTABLE
5599	0.211	1.77	1.69	ESTABLE
5600	0.193	1.87	1.94	ESTABLE
5601	0.221	1.76	2.02	INESTABLE
5602	0.153	2.06	1.77	INESTABLE
5603	0.25	2.08	1.55	INESTABLE
5604	0.187	1.75	2.06	INESTABLE
5605	0.221	1.99	1.79	INESTABLE
5606	0.308	1.99	1.54	INESTABLE
5607	0.301	2.1	1.67	INESTABLE
5608	0.179	1.65	2.16	INESTABLE
5609	0.333	1.59	1.61	ESTABLE
5610	0.26	2.17	1.9	INESTABLE
5611	0.223	2.09	1.86	INESTABLE
5612	0.251	2.18	1.55	INESTABLE
5613	0.264	1.5	2.08	INESTABLE
5614	0.259	1.77	1.71	ESTABLE
5615	0.268	1.89	1.41	INESTABLE
5616	0.261	2.01	1.65	INESTABLE
5617	0.309	1.71	2.07	INESTABLE
5618	0.327	1.44	1.52	ESTABLE
5619	0.34	2.01	1.67	INESTABLE
5620	0.303	1.76	2.05	INESTABLE
5621	0.246	1.66	2.18	INESTABLE
5622	0.244	1.92	1.7	INESTABLE
5623	0.311	1.98	1.5	INESTABLE
5624	0.17	1.62	1.77	ESTABLE
5625	0.312	2.17	1.66	INESTABLE
5626	0.27	1.99	1.88	ESTABLE
5627	0.243	1.97	1.5	INESTABLE
5628	0.338	1.51	2.09	INESTABLE
5629	0.192	1.43	1.81	INESTABLE
5630	0.301	1.82	1.42	INESTABLE
5631	0.245	2.1	1.62	INESTABLE
5632	0.268	1.73	1.47	INESTABLE
5633	0.312	1.69	2.1	INESTABLE
5634	0.256	1.91	1.87	ESTABLE
5635	0.326	1.93	1.95	ESTABLE
5636	0.154	1.7	1.85	ESTABLE
5637	0.18	1.88	1.89	ESTABLE
5638	0.18	2.18	1.65	INESTABLE
5639	0.238	1.54	1.83	INESTABLE
5640	0.204	1.86	1.95	ESTABLE
5641	0.347	1.48	1.68	INESTABLE
5642	0.286	1.67	1.91	INESTABLE
5643	0.241	1.62	1.63	ESTABLE
5644	0.178	1.89	2.04	ESTABLE
5645	0.326	1.41	2.13	INESTABLE
5646	0.329	1.81	1.56	INESTABLE
5647	0.195	2.09	1.81	INESTABLE
5648	0.189	2.15	1.69	INESTABLE
5649	0.335	1.53	1.57	ESTABLE
5650	0.297	1.78	1.65	ESTABLE
5651	0.278	2.09	1.6	INESTABLE
5652	0.253	2	1.41	INESTABLE
5653	0.243	1.6	1.85	INESTABLE
5654	0.217	1.71	1.62	ESTABLE
5655	0.261	1.47	2.05	INESTABLE
5656	0.182	1.62	1.8	INESTABLE
5657	0.306	1.58	2.02	INESTABLE
5658	0.26	2.11	2.02	ESTABLE
5659	0.296	1.96	1.92	ESTABLE
5660	0.321	1.6	1.85	INESTABLE
5661	0.259	2.06	1.82	INESTABLE
5662	0.272	1.65	1.81	INESTABLE
5663	0.319	1.51	2	INESTABLE
5664	0.252	1.9	1.94	ESTABLE
5665	0.241	2.15	1.77	INESTABLE
5666	0.227	1.42	1.73	INESTABLE
5667	0.15	1.79	1.43	INESTABLE
5668	0.265	2.16	1.57	INESTABLE
5669	0.183	1.99	2.08	ESTABLE
5670	0.312	1.56	1.54	ESTABLE
5671	0.328	2.01	2.16	INESTABLE
5672	0.35	2.02	2.01	ESTABLE
5673	0.238	1.88	1.57	INESTABLE
5674	0.231	1.78	1.5	INESTABLE
5675	0.328	1.86	2.12	INESTABLE
5676	0.261	2.08	1.44	INESTABLE
5677	0.215	1.52	1.43	ESTABLE
5678	0.323	2.02	1.54	INESTABLE
5679	0.188	1.69	1.52	INESTABLE
5680	0.319	1.69	1.83	ESTABLE
5681	0.16	1.66	1.77	ESTABLE
5682	0.161	1.94	2.14	INESTABLE
5683	0.203	1.69	1.44	INESTABLE
5684	0.267	1.5	1.81	INESTABLE
5685	0.26	2.11	1.64	INESTABLE
5686	0.16	1.69	1.41	INESTABLE
5687	0.33	1.89	1.81	ESTABLE
5688	0.169	1.75	1.7	ESTABLE
5689	0.214	2.02	1.86	INESTABLE
5690	0.216	1.6	1.42	INESTABLE
5691	0.329	1.58	2.03	INESTABLE
5692	0.161	2.06	1.5	INESTABLE
5693	0.221	1.61	2.15	INESTABLE
5694	0.278	1.62	1.6	ESTABLE
5695	0.158	1.56	1.92	INESTABLE
5696	0.203	1.64	1.72	ESTABLE
5697	0.158	1.59	1.42	INESTABLE
5698	0.155	1.73	2.18	INESTABLE
5699	0.279	2.17	2.16	ESTABLE
5700	0.302	1.74	1.49	INESTABLE
5701	0.322	1.83	1.41	INESTABLE
5702	0.197	2.08	1.49	INESTABLE
5703	0.213	1.41	1.88	INESTABLE
5704	0.249	1.77	1.82	ESTABLE
5705	0.208	2.06	1.95	ESTABLE
5706	0.209	1.63	1.48	ESTABLE
5707	0.174	2	1.61	INESTABLE
5708	0.304	1.6	2.08	INESTABLE
5709	0.324	1.92	1.86	ESTABLE
5710	0.321	2.16	1.43	INESTABLE
5711	0.233	1.64	1.7	ESTABLE
5712	0.202	1.9	1.44	INESTABLE
5713	0.154	1.93	1.81	ESTABLE
5714	0.248	1.69	2.11	INESTABLE
5715	0.216	2.1	1.62	INESTABLE
5716	0.207	1.87	1.95	ESTABLE
5717	0.282	1.45	1.64	INESTABLE
5718	0.266	1.82	2.06	INESTABLE
5719	0.155	1.4	1.42	ESTABLE
5720	0.173	1.43	1.88	INESTABLE
5721	0.185	1.98	1.43	INESTABLE
5722	0.286	1.58	1.59	ESTABLE
5723	0.177	1.82	1.89	ESTABLE
5724	0.167	1.85	1.49	INESTABLE
5725	0.21	1.84	1.77	ESTABLE
5726	0.317	1.56	2.1	INESTABLE
5727	0.319	1.74	2.16	INESTABLE
5728	0.29	1.46	2.1	INESTABLE
5729	0.271	1.92	2.15	INESTABLE
5730	0.231	1.55	1.98	INESTABLE
5731	0.15	1.89	1.83	ESTABLE
5732	0.21	2.05	1.56	INESTABLE
5733	0.249	1.66	1.94	INESTABLE
5734	0.318	1.7	1.52	INESTABLE
5735	0.286	2.18	1.71	INESTABLE
5736	0.3	2.03	1.69	INESTABLE
5737	0.194	1.83	1.75	ESTABLE
5738	0.269	1.99	1.67	INESTABLE
5739	0.208	2.01	1.76	INESTABLE
5740	0.188	1.77	2.05	INESTABLE
5741	0.31	2.04	1.85	INESTABLE
5742	0.225	1.96	1.87	ESTABLE
5743	0.289	2.16	1.42	INESTABLE
5744	0.175	2.03	1.6	INESTABLE
5745	0.229	1.63	1.52	ESTABLE
5746	0.316	2.16	1.41	INESTABLE
5747	0.321	1.81	1.61	INESTABLE
5748	0.263	1.99	1.49	INESTABLE
5749	0.222	1.87	2.05	INESTABLE
5750	0.343	2.04	1.96	ESTABLE
5751	0.246	1.61	2.03	INESTABLE
5752	0.337	1.69	1.77	ESTABLE
5753	0.287	1.82	1.72	ESTABLE
5754	0.193	1.98	1.71	INESTABLE
5755	0.193	1.51	1.68	INESTABLE
5756	0.322	2.02	2.01	ESTABLE
5757	0.327	2.17	1.61	INESTABLE
5758	0.286	1.81	1.75	ESTABLE
5759	0.315	1.61	1.47	ESTABLE
5760	0.269	2.05	2.09	ESTABLE
5761	0.346	1.94	1.88	ESTABLE
5762	0.314	1.97	1.98	ESTABLE
5763	0.302	1.77	2.05	INESTABLE
5764	0.206	1.92	1.68	INESTABLE
5765	0.161	2.07	1.89	INESTABLE
5766	0.216	2.18	1.66	INESTABLE
5767	0.179	2.17	1.71	INESTABLE
5768	0.176	2.02	2.04	ESTABLE
5769	0.347	1.78	1.47	INESTABLE
5770	0.271	1.63	2.12	INESTABLE
5771	0.183	1.91	1.88	ESTABLE
5772	0.247	2.19	2.2	ESTABLE
5773	0.216	1.81	1.71	ESTABLE
5774	0.17	2.12	1.82	INESTABLE
5775	0.213	1.47	2.17	INESTABLE
5776	0.328	2.17	1.4	INESTABLE
5777	0.327	1.51	1.94	INESTABLE
5778	0.306	1.42	1.42	ESTABLE
5779	0.299	1.96	1.93	ESTABLE
5780	0.177	2.16	1.69	INESTABLE
5781	0.325	1.68	1.42	INESTABLE
5782	0.22	2.14	1.91	INESTABLE
5783	0.173	1.85	2.19	INESTABLE
5784	0.316	2.15	1.45	INESTABLE
5785	0.235	2.04	1.62	INESTABLE
5786	0.243	1.59	2.07	INESTABLE
5787	0.157	2.18	1.71	INESTABLE
5788	0.304	1.75	1.89	ESTABLE
5789	0.177	1.95	1.52	INESTABLE
5790	0.325	1.55	2.09	INESTABLE
5791	0.307	1.82	2.17	INESTABLE
5792	0.275	2.19	1.62	INESTABLE
5793	0.225	1.63	2.11	INESTABLE
5794	0.265	1.92	1.78	ESTABLE
5795	0.201	1.49	1.45	ESTABLE
5796	0.232	2.15	2.15	ESTABLE
5797	0.154	2	2.17	INESTABLE
5798	0.33	1.4	1.66	INESTABLE
5799	0.286	1.61	2.1	INESTABLE
5800	0.275	1.91	2.15	INESTABLE
5801	0.296	2.1	1.53	INESTABLE
5802	0.337	1.49	2.12	INESTABLE
5803	0.28	1.77	2.03	INESTABLE
5804	0.24	2.05	1.57	INESTABLE
5805	0.194	1.57	1.97	INESTABLE
5806	0.169	1.79	2.08	INESTABLE
5807	0.179	1.77	1.85	ESTABLE
5808	0.298	1.67	1.68	ESTABLE
5809	0.245	1.52	1.95	INESTABLE
5810	0.301	1.84	1.79	ESTABLE
5811	0.245	1.8	2.01	INESTABLE
5812	0.187	2.15	1.8	INESTABLE
5813	0.27	1.49	1.43	ESTABLE
5814	0.23	1.46	1.67	INESTABLE
5815	0.333	1.81	2	INESTABLE
5816	0.337	1.82	1.76	ESTABLE
5817	0.308	2.09	2.19	ESTABLE
5818	0.341	1.52	1.55	ESTABLE
5819	0.322	1.7	2.12	INESTABLE
5820	0.346	1.47	1.65	INESTABLE
5821	0.306	1.85	1.8	ESTABLE
5822	0.216	1.95	1.48	INESTABLE
5823	0.15	1.79	1.81	ESTABLE
5824	0.254	2	2.01	ESTABLE
5825	0.205	1.52	1.66	ESTABLE
5826	0.256	1.63	1.87	INESTABLE
5827	0.324	1.45	2.01	INESTABLE
5828	0.251	1.85	1.55	INESTABLE
5829	0.251	1.54	1.87	INESTABLE
5830	0.204	1.69	1.62	ESTABLE
5831	0.199	1.64	1.74	ESTABLE
5832	0.175	1.62	1.47	ESTABLE
5833	0.319	1.63	1.83	INESTABLE
5834	0.335	1.81	1.61	INESTABLE
5835	0.267	2	1.87	ESTABLE
5836	0.19	1.59	1.59	ESTABLE
5837	0.225	1.74	1.43	INESTABLE
5838	0.218	2.1	2	ESTABLE
5839	0.196	1.98	1.98	ESTABLE
5840	0.265	1.57	1.83	INESTABLE
5841	0.303	1.43	2.1	INESTABLE
5842	0.152	1.68	2.03	INESTABLE
5843	0.162	2.19	2.02	INESTABLE
5844	0.202	2	1.84	INESTABLE
5845	0.189	1.42	2.13	INESTABLE
5846	0.196	2.06	1.83	INESTABLE
5847	0.212	1.41	1.82	INESTABLE
5848	0.31	1.74	1.49	INESTABLE
5849	0.257	1.71	1.95	INESTABLE
5850	0.31	2.16	2.03	ESTABLE
5851	0.283	1.75	1.85	ESTABLE
5852	0.19	1.53	1.6	ESTABLE
5853	0.223	1.97	2.1	ESTABLE
5854	0.174	1.52	1.53	ESTABLE
5855	0.247	1.4	2.16	INESTABLE
5856	0.264	1.92	1.58	INESTABLE
5857	0.218	1.59	1.93	INESTABLE
5858	0.297	1.57	1.59	ESTABLE
5859	0.187	2.01	1.43	INESTABLE
5860	0.316	1.89	1.53	INESTABLE
5861	0.282	1.48	1.86	INESTABLE
5862	0.329	1.78	2.09	INESTABLE
5863	0.295	1.41	1.5	ESTABLE
5864	0.215	1.56	1.8	INESTABLE
5865	0.304	1.43	1.87	INESTABLE
5866	0.179	2.1	2.16	ESTABLE
5867	0.347	1.93	2.15	INESTABLE
5868	0.328	2.11	1.67	INESTABLE
5869	0.165	1.82	2.06	INESTABLE
5870	0.297	1.6	1.58	ESTABLE
5871	0.223	1.9	1.46	INESTABLE
5872	0.237	1.95	1.99	ESTABLE
5873	0.318	1.99	1.91	ESTABLE
5874	0.285	1.55	1.46	ESTABLE
5875	0.253	1.82	1.58	INESTABLE
5876	0.16	2.13	1.68	INESTABLE
5877	0.311	1.8	2.14	INESTABLE
5878	0.252	1.7	1.63	ESTABLE
5879	0.286	1.51	1.97	INESTABLE
5880	0.342	2.06	2.1	ESTABLE
5881	0.306	1.46	2.08	INESTABLE
5882	0.281	1.41	2.14	INESTABLE
5883	0.311	1.94	1.53	INESTABLE
5884	0.262	1.54	1.72	INESTABLE
5885	0.219	1.98	1.67	INESTABLE
5886	0.303	1.83	1.49	INESTABLE
5887	0.253	1.42	2.16	INESTABLE
5888	0.262	2.01	1.63	INESTABLE
5889	0.177	2.12	1.93	INESTABLE
5890	0.197	1.46	1.61	ESTABLE
5891	0.208	1.58	1.98	INESTABLE
5892	0.201	1.64	1.4	INESTABLE
5893	0.249	1.7	2.19	INESTABLE
5894	0.296	2.02	1.93	ESTABLE
5895	0.311	1.95	1.92	ESTABLE
5896	0.255	1.79	1.72	ESTABLE
5897	0.154	1.76	1.45	INESTABLE
5898	0.268	1.99	1.69	INESTABLE
5899	0.29	1.76	1.74	ESTABLE
5900	0.175	1.57	1.77	INESTABLE
5901	0.327	1.78	1.79	ESTABLE
5902	0.341	2.03	1.59	INESTABLE
5903	0.157	2.2	1.98	INESTABLE
5904	0.31	1.74	1.64	ESTABLE
5905	0.235	1.55	1.6	ESTABLE
5906	0.221	1.86	1.66	INESTABLE
5907	0.243	1.48	2.15	INESTABLE
5908	0.188	1.68	1.72	ESTABLE
5909	0.227	2.11	1.42	INESTABLE
5910	0.286	1.6	1.47	ESTABLE
5911	0.253	2.06	2.18	ESTABLE
5912	0.291	1.43	1.94	INESTABLE
5913	0.154	1.85	1.86	ESTABLE
5914	0.261	1.53	1.51	ESTABLE
5915	0.301	1.52	2.13	INESTABLE
5916	0.277	1.93	1.41	INESTABLE
5917	0.213	1.71	1.53	INESTABLE
5918	0.214	2.18	1.82	INESTABLE
5919	0.269	1.53	1.59	ESTABLE
5920	0.23	2.01	1.63	INESTABLE
5921	0.283	1.5	1.98	INESTABLE
5922	0.237	1.72	1.59	ESTABLE
5923	0.229	1.73	1.69	ESTABLE
5924	0.254	2.07	1.62	INESTABLE
5925	0.213	2.18	1.64	INESTABLE
5926	0.281	1.91	2.09	INESTABLE
5927	0.294	2.08	1.58	INESTABLE
5928	0.191	1.47	1.59	ESTABLE
5929	0.341	1.77	1.67	ESTABLE
5930	0.271	1.64	2.17	INESTABLE
5931	0.281	1.69	2.04	INESTABLE
5932	0.259	1.49	1.66	INESTABLE
5933	0.275	2	1.48	INESTABLE
5934	0.214	1.65	2.05	INESTABLE
5935	0.198	2.11	1.55	INESTABLE
5936	0.264	1.56	1.7	ESTABLE
5937	0.179	1.4	1.66	INESTABLE
5938	0.205	1.47	1.81	INESTABLE
5939	0.222	1.64	1.59	ESTABLE
5940	0.291	2.15	1.56	INESTABLE
5941	0.324	1.53	1.9	INESTABLE
5942	0.235	1.96	2.17	INESTABLE
5943	0.349	1.48	1.49	ESTABLE
5944	0.286	1.65	1.85	INESTABLE
5945	0.198	2.18	2.09	ESTABLE
5946	0.242	1.81	2.13	INESTABLE
5947	0.285	2.19	1.57	INESTABLE
5948	0.31	1.93	1.73	INESTABLE
5949	0.29	1.48	1.99	INESTABLE
5950	0.273	1.45	2.07	INESTABLE
5951	0.34	1.72	1.68	ESTABLE
5952	0.27	2.19	1.51	INESTABLE
5953	0.203	1.4	1.98	INESTABLE
5954	0.169	1.52	2.04	INESTABLE
5955	0.156	1.91	1.63	INESTABLE
5956	0.274	1.48	1.63	ESTABLE
5957	0.268	2.03	1.47	INESTABLE
5958	0.168	1.75	1.42	INESTABLE
5959	0.166	1.47	2.17	INESTABLE
5960	0.214	1.44	2.11	INESTABLE
5961	0.305	2.03	1.98	ESTABLE
5962	0.233	1.54	1.65	ESTABLE
5963	0.288	1.85	1.98	ESTABLE
5964	0.189	1.93	1.42	INESTABLE
5965	0.162	1.55	1.81	INESTABLE
5966	0.267	2.1	1.42	INESTABLE
5967	0.188	1.62	1.67	ESTABLE
5968	0.257	1.49	1.49	ESTABLE
5969	0.199	2.09	1.74	INESTABLE
5970	0.339	1.47	2.02	INESTABLE
5971	0.286	2.12	2.09	ESTABLE
5972	0.299	1.72	1.76	ESTABLE
5973	0.221	1.99	1.72	INESTABLE
5974	0.189	2.18	1.46	INESTABLE
5975	0.161	2.17	2.01	INESTABLE
5976	0.276	2.07	2.05	ESTABLE
5977	0.203	1.58	1.43	INESTABLE
5978	0.198	1.48	2.19	INESTABLE
5979	0.255	1.43	1.48	ESTABLE
5980	0.296	2.19	1.96	INESTABLE
5981	0.279	1.65	2.11	INESTABLE
5982	0.237	2.08	2.06	ESTABLE
5983	0.253	2.18	2.14	ESTABLE
5984	0.251	1.72	1.65	ESTABLE
5985	0.191	1.5	2.03	INESTABLE
5986	0.155	2.16	1.76	INESTABLE
5987	0.3	1.72	1.99	INESTABLE
5988	0.216	2.07	1.61	INESTABLE
5989	0.196	1.59	1.92	INESTABLE
5990	0.333	1.72	1.97	INESTABLE
5991	0.302	1.58	2.03	INESTABLE
5992	0.259	1.63	2.12	INESTABLE
5993	0.234	2.19	1.57	INESTABLE
5994	0.156	1.82	1.84	ESTABLE
5995	0.212	2.08	2.18	ESTABLE
5996	0.286	1.4	1.53	ESTABLE
5997	0.308	1.85	1.58	INESTABLE
5998	0.18	2.08	1.7	INESTABLE
5999	0.196	1.58	2.08	INESTABLE
6000	0.158	1.59	1.54	ESTABLE
2984	0.215	1.644	1.57	ESTABLE
19484	0.21	1.465	1.563	ESTABLE
17787	0.255	2	1.947	ESTABLE
12181	0.232	1.63	1.695	ESTABLE
4887	0.255	1.87	1.906	ESTABLE
1734	0.236	1.672	1.738	ESTABLE
6546	0.226	1.563	1.619	ESTABLE
11890	0.236	1.666	1.734	ESTABLE
2108	0.216	1.489	1.485	ESTABLE
8923	0.213	1.545	1.593	ESTABLE
11723	0.24	1.661	1.692	ESTABLE
11696	0.223	1.639	1.731	ESTABLE
1054	0.241	1.802	1.805	ESTABLE
1266	0.253	1.798	1.929	ESTABLE
19956	0.22	1.609	1.679	ESTABLE
6060	0.223	1.547	1.586	ESTABLE
13132	0.232	1.72	1.723	ESTABLE
15307	0.235	1.69	1.687	ESTABLE
14895	0.23	1.656	1.664	ESTABLE
2513	0.219	1.57	1.577	ESTABLE
9378	0.214	1.605	1.525	ESTABLE
8127	0.244	1.769	1.811	ESTABLE
3039	0.214	1.534	1.665	ESTABLE
4757	0.252	1.866	1.888	ESTABLE
13748	0.252	1.812	1.92	ESTABLE
4667	0.227	1.723	1.755	ESTABLE
7124	0.251	1.873	1.822	ESTABLE
16895	0.247	1.818	1.802	ESTABLE
15216	0.233	1.583	1.619	ESTABLE
6983	0.246	1.735	1.778	ESTABLE
9910	0.239	1.792	1.767	ESTABLE
4866	0.245	1.854	1.894	ESTABLE
3690	0.246	1.873	1.86	ESTABLE
17241	0.244	1.789	1.834	ESTABLE
3643	0.261	1.989	1.904	ESTABLE
18651	0.223	1.557	1.474	ESTABLE
7866	0.24	1.755	1.78	ESTABLE
2130	0.209	1.522	1.51	ESTABLE
13187	0.24	1.797	1.714	ESTABLE
4027	0.253	1.967	1.834	ESTABLE
19358	0.239	1.637	1.628	ESTABLE
16712	0.247	1.915	1.807	ESTABLE
10920	0.269	1.971	2.025	ESTABLE
11443	0.223	1.702	1.715	ESTABLE
13151	0.231	1.692	1.69	ESTABLE
1722	0.228	1.688	1.658	ESTABLE
5189	0.237	1.69	1.652	ESTABLE
9125	0.215	1.552	1.439	ESTABLE
6165	0.226	1.633	1.667	ESTABLE
19315	0.228	1.588	1.748	INESTABLE
15220	0.223	1.643	1.629	ESTABLE
11701	0.235	1.662	1.641	ESTABLE
1385	0.261	1.899	1.965	ESTABLE
16670	0.252	1.829	1.801	ESTABLE
14341	0.273	2.016	1.96	ESTABLE
1196	0.241	1.807	1.811	ESTABLE
6601	0.243	1.675	1.694	ESTABLE
9456	0.214	1.608	1.534	ESTABLE
12295	0.212	1.505	1.611	ESTABLE
3605	0.25	1.831	1.829	ESTABLE
10294	0.236	1.605	1.723	ESTABLE
16162	0.209	1.465	1.501	ESTABLE
19936	0.226	1.631	1.589	ESTABLE
4858	0.251	1.835	1.866	ESTABLE
16642	0.239	1.806	1.733	ESTABLE
15700	0.222	1.606	1.743	ESTABLE
19268	0.221	1.531	1.543	ESTABLE
16686	0.239	1.751	1.765	ESTABLE
5807	0.188	1.453	1.353	ESTABLE
10895	0.266	1.974	1.957	ESTABLE
12672	0.203	1.408	1.387	ESTABLE
18318	0.224	1.628	1.572	ESTABLE
4402	0.261	1.838	1.906	ESTABLE
18722	0.224	1.708	1.532	INESTABLE
18584	0.218	1.55	1.445	ESTABLE
577	0.251	1.885	1.885	ESTABLE
8816	0.224	1.535	1.528	ESTABLE
5685	0.218	1.535	1.463	ESTABLE
4258	0.257	1.886	1.8	ESTABLE
18308	0.232	1.785	1.697	ESTABLE
14845	0.237	1.729	1.725	ESTABLE
12898	0.22	1.642	1.609	ESTABLE
573	0.249	1.906	1.888	ESTABLE
19840	0.233	1.613	1.668	ESTABLE
8478	0.25	1.693	1.788	ESTABLE
1305	0.246	1.805	1.853	ESTABLE
6828	0.217	1.651	1.662	ESTABLE
911	0.245	1.803	1.819	ESTABLE
15863	0.21	1.585	1.619	ESTABLE
16142	0.216	1.514	1.517	ESTABLE
1449	0.262	1.847	1.988	ESTABLE
7567	0.257	2.002	1.992	ESTABLE
16726	0.239	1.804	1.746	ESTABLE
2008	0.226	1.533	1.505	ESTABLE
7469	0.27	1.994	1.909	ESTABLE
6711	0.233	1.661	1.704	ESTABLE
1696	0.233	1.74	1.726	ESTABLE
15178	0.22	1.641	1.575	ESTABLE
531	0.252	1.883	1.953	ESTABLE
13945	0.244	1.824	1.849	ESTABLE
1087	0.247	1.817	1.909	ESTABLE
10163	0.24	1.664	1.792	ESTABLE
10096	0.242	1.704	1.698	ESTABLE
10404	0.24	1.732	1.841	ESTABLE
11321	0.245	1.8	1.732	ESTABLE
14187	0.257	1.952	1.997	ESTABLE
4939	0.233	1.696	1.804	ESTABLE
3751	0.273	2.023	1.979	ESTABLE
5552	0.207	1.473	1.481	ESTABLE
17960	0.248	2.016	1.897	ESTABLE
4189	0.256	1.879	1.976	ESTABLE
4523	0.247	1.791	1.805	ESTABLE
3190	0.223	1.498	1.626	ESTABLE
187	0.249	1.87	1.913	ESTABLE
7709	0.258	1.954	1.862	ESTABLE
10133	0.234	1.669	1.719	ESTABLE
16312	0.207	1.576	1.635	ESTABLE
5006	0.247	1.78	1.787	ESTABLE
5449	0.213	1.553	1.556	ESTABLE
2663	0.226	1.602	1.701	ESTABLE
7831	0.232	1.818	1.74	ESTABLE
10756	0.259	1.995	1.905	ESTABLE
17519	0.257	1.868	1.88	ESTABLE
7637	0.257	1.909	1.848	ESTABLE
9297	0.225	1.603	1.568	ESTABLE
1837	0.224	1.61	1.659	ESTABLE
9949	0.239	1.74	1.699	ESTABLE
1548	0.241	1.807	1.751	ESTABLE
6858	0.236	1.689	1.702	ESTABLE
3427	0.232	1.708	1.684	ESTABLE
14828	0.229	1.736	1.766	ESTABLE
8487	0.239	1.736	1.757	ESTABLE
806	0.246	1.856	1.816	ESTABLE
1412	0.25	1.834	1.849	ESTABLE
3802	0.251	1.921	1.844	ESTABLE
8697	0.224	1.578	1.702	ESTABLE
4364	0.257	1.785	1.894	ESTABLE
16603	0.238	1.79	1.726	ESTABLE
6807	0.229	1.648	1.724	ESTABLE
16807	0.256	1.864	1.874	ESTABLE
1456	0.263	1.83	1.935	ESTABLE
16075	0.2	1.529	1.436	ESTABLE
12868	0.221	1.545	1.523	ESTABLE
12432	0.212	1.478	1.588	ESTABLE
6550	0.225	1.693	1.714	ESTABLE
18071	0.266	1.894	1.898	ESTABLE
14630	0.256	1.858	1.793	ESTABLE
1845	0.224	1.544	1.539	ESTABLE
14876	0.217	1.763	1.581	INESTABLE
13840	0.251	1.747	1.813	ESTABLE
4388	0.243	1.775	1.785	ESTABLE
4115	0.244	1.979	1.862	ESTABLE
7256	0.259	2.018	1.929	ESTABLE
12925	0.223	1.679	1.573	ESTABLE
14246	0.27	2.01	2.023	ESTABLE
2617	0.214	1.553	1.661	ESTABLE
11868	0.237	1.615	1.694	ESTABLE
5390	0.212	1.494	1.478	ESTABLE
15274	0.218	1.596	1.564	ESTABLE
8307	0.246	1.77	1.721	ESTABLE
18160	0.252	1.907	1.843	ESTABLE
4507	0.244	1.814	1.859	ESTABLE
19123	0.233	1.628	1.691	ESTABLE
14919	0.227	1.659	1.64	ESTABLE
17638	0.244	1.835	1.858	ESTABLE
8276	0.244	1.799	1.847	ESTABLE
9301	0.22	1.523	1.466	ESTABLE
18476	0.232	1.674	1.604	ESTABLE
1732	0.233	1.714	1.732	ESTABLE
17061	0.243	1.83	1.861	ESTABLE
12448	0.222	1.453	1.473	ESTABLE
795	0.252	1.8	1.854	ESTABLE
17340	0.25	1.741	1.827	ESTABLE
3101	0.233	1.512	1.603	ESTABLE
11149	0.236	1.913	1.814	ESTABLE
7894	0.238	1.766	1.703	ESTABLE
15796	0.22	1.557	1.636	ESTABLE
17332	0.241	1.772	1.824	ESTABLE
4021	0.272	2.011	1.918	ESTABLE
6423	0.225	1.573	1.624	ESTABLE
2326	0.22	1.585	1.502	ESTABLE
16689	0.238	1.853	1.8	ESTABLE
5688	0.212	1.499	1.371	ESTABLE
3536	0.238	1.8	1.809	ESTABLE
18562	0.222	1.612	1.562	ESTABLE
2881	0.232	1.527	1.623	ESTABLE
6935	0.245	1.677	1.754	ESTABLE
1278	0.26	1.876	1.96	ESTABLE
18177	0.244	1.824	1.759	ESTABLE
11939	0.229	1.664	1.709	ESTABLE
8220	0.24	1.658	1.764	ESTABLE
18325	0.231	1.727	1.592	ESTABLE
2391	0.226	1.539	1.524	ESTABLE
17508	0.26	1.807	1.931	ESTABLE
19645	0.222	1.608	1.534	ESTABLE
13264	0.254	1.72	1.72	ESTABLE
1701	0.224	1.801	1.778	ESTABLE
681	0.245	1.775	1.808	ESTABLE
2829	0.226	1.586	1.714	ESTABLE
4599	0.241	1.773	1.813	ESTABLE
6881	0.233	1.696	1.737	ESTABLE
13472	0.244	1.717	1.764	ESTABLE
4681	0.258	1.768	1.832	ESTABLE
6326	0.233	1.61	1.752	ESTABLE
14756	0.24	1.886	1.779	ESTABLE
8488	0.237	1.642	1.725	ESTABLE
3196	0.243	1.666	1.654	ESTABLE
9237	0.222	1.587	1.463	ESTABLE
4361	0.246	1.766	1.85	ESTABLE
8381	0.24	1.786	1.859	ESTABLE
6156	0.227	1.699	1.633	ESTABLE
17705	0.258	1.865	1.889	ESTABLE
11954	0.227	1.65	1.711	ESTABLE
6973	0.25	1.804	1.764	ESTABLE
2838	0.219	1.661	1.644	ESTABLE
2619	0.213	1.557	1.592	ESTABLE
13700	0.239	1.757	1.806	ESTABLE
15941	0.22	1.552	1.621	ESTABLE
103	0.231	1.77	1.729	ESTABLE
15546	0.218	1.593	1.66	ESTABLE
3897	0.256	1.949	1.927	ESTABLE
11568	0.231	1.712	1.691	ESTABLE
6187	0.222	1.599	1.635	ESTABLE
2694	0.231	1.616	1.64	ESTABLE
13170	0.243	1.81	1.781	ESTABLE
4989	0.242	1.783	1.795	ESTABLE
12501	0.202	1.438	1.401	ESTABLE
523	0.268	1.904	1.904	ESTABLE
1811	0.239	1.696	1.763	ESTABLE
18694	0.214	1.578	1.518	ESTABLE
11612	0.218	1.628	1.646	ESTABLE
17199	0.234	1.763	1.773	ESTABLE
16595	0.249	1.848	1.767	ESTABLE
16646	0.246	1.816	1.748	ESTABLE
7548	0.258	1.905	1.991	ESTABLE
18520	0.224	1.647	1.634	ESTABLE
11058	0.265	1.97	1.919	ESTABLE
17488	0.247	1.779	1.852	ESTABLE
13293	0.241	1.761	1.787	ESTABLE
12350	0.207	1.502	1.555	ESTABLE
18734	0.212	1.591	1.544	ESTABLE
15800	0.225	1.591	1.639	ESTABLE
16191	0.208	1.544	1.483	ESTABLE
16455	0.232	1.681	1.518	INESTABLE
7098	0.256	1.765	1.88	ESTABLE
4917	0.242	1.803	1.878	ESTABLE
17784	0.262	1.909	1.957	ESTABLE
5597	0.209	1.532	1.551	ESTABLE
8092	0.24	1.768	1.74	ESTABLE
15252	0.231	1.595	1.634	ESTABLE
12039	0.231	1.634	1.655	ESTABLE
1522	0.241	1.799	1.832	ESTABLE
2252	0.212	1.449	1.544	ESTABLE
7086	0.258	1.942	1.884	ESTABLE
5609	0.214	1.481	1.468	ESTABLE
10771	0.25	1.872	1.947	ESTABLE
4697	0.247	1.847	1.874	ESTABLE
10205	0.239	1.687	1.729	ESTABLE
401	0.249	1.935	1.957	ESTABLE
1997	0.216	1.613	1.547	ESTABLE
4417	0.244	1.804	1.861	ESTABLE
4212	0.247	1.881	1.833	ESTABLE
14068	0.255	1.812	1.847	ESTABLE
6455	0.236	1.645	1.672	ESTABLE
4677	0.253	1.807	1.933	ESTABLE
1570	0.255	1.758	1.852	ESTABLE
13278	0.245	1.77	1.786	ESTABLE
18205	0.239	1.788	1.764	ESTABLE
650	0.251	1.825	1.837	ESTABLE
19441	0.229	1.508	1.602	ESTABLE
13879	0.237	1.754	1.85	ESTABLE
17058	0.258	1.855	1.831	ESTABLE
5011	0.248	1.846	1.794	ESTABLE
6740	0.226	1.648	1.644	ESTABLE
15098	0.225	1.693	1.647	ESTABLE
15966	0.215	1.487	1.575	ESTABLE
12644	0.205	1.489	1.489	ESTABLE
14538	0.256	1.953	1.921	ESTABLE
3129	0.226	1.608	1.576	ESTABLE
829	0.252	1.854	1.844	ESTABLE
19110	0.227	1.615	1.698	ESTABLE
7856	0.25	1.801	1.78	ESTABLE
9064	0.211	1.5	1.465	ESTABLE
15951	0.206	1.475	1.501	ESTABLE
5520	0.211	1.538	1.468	ESTABLE
19294	0.226	1.578	1.651	ESTABLE
14688	0.249	1.839	1.758	ESTABLE
10395	0.244	1.784	1.804	ESTABLE
19690	0.211	1.527	1.534	ESTABLE
7769	0.234	1.826	1.787	ESTABLE
18423	0.22	1.655	1.529	ESTABLE
2830	0.233	1.698	1.724	ESTABLE
12343	0.203	1.5	1.456	ESTABLE
8644	0.23	1.757	1.695	ESTABLE
10779	0.27	2.067	2.08	ESTABLE
8245	0.241	1.73	1.778	ESTABLE
12405	0.212	1.537	1.474	ESTABLE
775	0.258	1.873	1.896	ESTABLE
4878	0.242	1.733	1.821	ESTABLE
7024	0.246	1.805	1.814	ESTABLE
10694	0.248	1.993	1.961	ESTABLE
2037	0.229	1.63	1.52	ESTABLE
13796	0.245	1.821	1.914	ESTABLE
4353	0.244	1.876	1.815	ESTABLE
15284	0.222	1.568	1.642	ESTABLE
15817	0.203	1.479	1.538	ESTABLE
4876	0.235	1.782	1.801	ESTABLE
14120	0.243	1.91	1.868	ESTABLE
12481	0.193	1.495	1.437	ESTABLE
2660	0.227	1.627	1.688	ESTABLE
3660	0.261	1.872	1.897	ESTABLE
144	0.248	1.884	1.818	ESTABLE
3417	0.239	1.729	1.711	ESTABLE
19880	0.212	1.608	1.539	ESTABLE
2403	0.225	1.595	1.582	ESTABLE
6064	0.219	1.573	1.583	ESTABLE
18897	0.221	1.563	1.621	ESTABLE
14174	0.262	1.869	1.982	ESTABLE
193	0.25	1.9	1.861	ESTABLE
8934	0.206	1.485	1.486	ESTABLE
12003	0.236	1.754	1.699	ESTABLE
15199	0.235	1.644	1.683	ESTABLE
18322	0.24	1.744	1.597	ESTABLE
3026	0.222	1.512	1.647	ESTABLE
411	0.266	1.993	1.961	ESTABLE
9329	0.216	1.502	1.573	ESTABLE
11106	0.262	2.047	1.904	ESTABLE
4011	0.241	1.892	1.746	ESTABLE
7428	0.259	1.956	1.943	ESTABLE
12625	0.209	1.504	1.505	ESTABLE
2308	0.217	1.52	1.546	ESTABLE
13733	0.238	1.815	1.834	ESTABLE
398	0.238	1.861	1.837	ESTABLE
19904	0.231	1.666	1.702	ESTABLE
10516	0.257	1.927	1.897	ESTABLE
15327	0.227	1.587	1.655	ESTABLE
1619	0.241	1.806	1.81	ESTABLE
8472	0.23	1.661	1.75	ESTABLE
13767	0.24	1.742	1.785	ESTABLE
15005	0.248	1.639	1.618	ESTABLE
57	0.242	1.819	1.793	ESTABLE
9583	0.226	1.689	1.612	ESTABLE
656	0.251	1.778	1.842	ESTABLE
3142	0.221	1.5	1.569	ESTABLE
13341	0.253	1.937	1.782	INESTABLE
10441	0.234	1.714	1.798	ESTABLE
9066	0.203	1.414	1.46	ESTABLE
9950	0.222	1.624	1.69	ESTABLE
8208	0.237	1.668	1.736	ESTABLE
9918	0.233	1.738	1.726	ESTABLE
5978	0.205	1.501	1.559	ESTABLE
18247	0.246	1.762	1.749	ESTABLE
13666	0.252	1.766	1.863	ESTABLE
19075	0.226	1.648	1.628	ESTABLE
3689	0.262	1.999	1.928	ESTABLE
950	0.238	1.825	1.762	ESTABLE
10838	0.263	1.948	1.916	ESTABLE
3482	0.248	1.831	1.717	ESTABLE
6496	0.219	1.648	1.654	ESTABLE
447	0.248	1.908	1.762	ESTABLE
12824	0.205	1.597	1.461	ESTABLE
3291	0.237	1.652	1.64	ESTABLE
13740	0.255	1.754	1.848	ESTABLE
7519	0.246	1.938	1.931	ESTABLE
12983	0.234	1.662	1.668	ESTABLE
14937	0.23	1.648	1.675	ESTABLE
10581	0.242	1.838	1.858	ESTABLE
18115	0.239	1.768	1.746	ESTABLE
1055	0.246	1.77	1.814	ESTABLE
2614	0.232	1.628	1.645	ESTABLE
1318	0.248	1.877	1.917	ESTABLE
13206	0.228	1.744	1.671	ESTABLE
12179	0.212	1.632	1.662	ESTABLE
831	0.25	1.844	1.822	ESTABLE
2837	0.224	1.567	1.574	ESTABLE
677	0.247	1.929	1.842	ESTABLE
13386	0.222	1.77	1.77	ESTABLE
18185	0.239	1.733	1.744	ESTABLE
11712	0.21	1.646	1.612	ESTABLE
5209	0.23	1.664	1.673	ESTABLE
13766	0.247	1.804	1.852	ESTABLE
1471	0.242	1.847	1.873	ESTABLE
10275	0.243	1.735	1.8	ESTABLE
12365	0.206	1.492	1.514	ESTABLE
286	0.256	1.862	1.809	ESTABLE
15544	0.229	1.55	1.684	ESTABLE
16587	0.224	1.744	1.699	ESTABLE
14338	0.26	1.965	1.966	ESTABLE
7671	0.261	1.967	1.938	ESTABLE
12581	0.208	1.483	1.534	ESTABLE
13084	0.229	1.68	1.678	ESTABLE
5871	0.225	1.564	1.578	ESTABLE
5788	0.217	1.491	1.464	ESTABLE
11351	0.23	1.721	1.692	ESTABLE
7460	0.264	1.998	1.903	ESTABLE
11360	0.246	1.792	1.771	ESTABLE
18261	0.231	1.735	1.744	ESTABLE
1731	0.231	1.698	1.726	ESTABLE
14285	0.262	1.948	1.962	ESTABLE
14349	0.27	1.946	1.975	ESTABLE
9994	0.232	1.693	1.749	ESTABLE
8029	0.229	1.697	1.812	ESTABLE
11923	0.234	1.692	1.735	ESTABLE
15933	0.206	1.468	1.473	ESTABLE
5620	0.209	1.529	1.486	ESTABLE
14352	0.256	1.945	2.003	ESTABLE
19401	0.231	1.657	1.683	ESTABLE
16319	0.21	1.504	1.471	ESTABLE
17035	0.241	1.841	1.803	ESTABLE
12149	0.226	1.621	1.703	ESTABLE
3024	0.222	1.542	1.567	ESTABLE
18843	0.221	1.581	1.625	ESTABLE
13433	0.249	1.737	1.786	ESTABLE
15830	0.229	1.513	1.628	ESTABLE
221	0.253	1.949	1.812	ESTABLE
4805	0.245	1.751	1.804	ESTABLE
5745	0.209	1.503	1.43	ESTABLE
5080	0.239	1.805	1.766	ESTABLE
10906	0.261	2.093	1.953	ESTABLE
12598	0.201	1.506	1.416	ESTABLE
3227	0.228	1.574	1.667	ESTABLE
6735	0.231	1.655	1.73	ESTABLE
13221	0.23	1.803	1.727	ESTABLE
10297	0.227	1.7	1.792	ESTABLE
7231	0.261	2.012	1.977	ESTABLE
15708	0.242	1.626	1.687	ESTABLE
16868	0.25	1.911	1.82	ESTABLE
2608	0.225	1.649	1.641	ESTABLE
15011	0.236	1.718	1.625	ESTABLE
19564	0.212	1.458	1.548	ESTABLE
785	0.247	1.712	1.826	ESTABLE
1989	0.215	1.635	1.523	ESTABLE
11729	0.228	1.714	1.732	ESTABLE
9034	0.203	1.516	1.465	ESTABLE
5931	0.21	1.571	1.443	ESTABLE
19253	0.224	1.506	1.627	ESTABLE
3229	0.213	1.5	1.566	ESTABLE
13619	0.245	1.703	1.792	ESTABLE
7780	0.243	1.86	1.747	ESTABLE
19034	0.224	1.55	1.656	ESTABLE
2824	0.223	1.577	1.682	ESTABLE
17038	0.246	1.832	1.792	ESTABLE
8259	0.249	1.807	1.783	ESTABLE
10234	0.244	1.805	1.813	ESTABLE
16766	0.241	1.806	1.766	ESTABLE
17450	0.255	1.858	1.979	ESTABLE
18154	0.243	1.776	1.791	ESTABLE
10308	0.238	1.771	1.783	ESTABLE
13588	0.252	1.79	1.858	ESTABLE
14974	0.227	1.655	1.564	ESTABLE
1666	0.23	1.778	1.745	ESTABLE
10346	0.233	1.732	1.765	ESTABLE
10538	0.255	1.836	1.83	ESTABLE
659	0.254	1.914	1.86	ESTABLE
12915	0.225	1.597	1.506	ESTABLE
19318	0.224	1.498	1.62	ESTABLE
1410	0.258	1.917	1.94	ESTABLE
6566	0.232	1.637	1.715	ESTABLE
18662	0.214	1.593	1.489	ESTABLE
7	0.239	1.733	1.651	ESTABLE
16817	0.248	1.857	1.832	ESTABLE
1355	0.255	1.825	1.894	ESTABLE
3244	0.229	1.594	1.669	ESTABLE
7751	0.248	1.862	1.865	ESTABLE
12916	0.227	1.628	1.599	ESTABLE
10831	0.272	2.011	2.044	ESTABLE
11280	0.243	1.847	1.746	ESTABLE
17327	0.243	1.764	1.854	ESTABLE
10373	0.234	1.723	1.818	ESTABLE
2730	0.228	1.646	1.704	ESTABLE
1065	0.244	1.774	1.82	ESTABLE
15319	0.225	1.632	1.648	ESTABLE
4653	0.255	1.716	1.838	ESTABLE
6009	0.224	1.569	1.574	ESTABLE
19087	0.218	1.502	1.663	INESTABLE
13327	0.242	1.832	1.801	ESTABLE
2463	0.225	1.569	1.587	ESTABLE
13048	0.226	1.716	1.61	ESTABLE
6675	0.232	1.566	1.651	ESTABLE
15270	0.228	1.652	1.633	ESTABLE
234	0.253	1.96	1.853	ESTABLE
14000	0.262	1.804	1.965	INESTABLE
11071	0.271	1.995	1.93	ESTABLE
17724	0.258	1.866	1.949	ESTABLE
2207	0.207	1.496	1.529	ESTABLE
16406	0.214	1.601	1.583	ESTABLE
7341	0.254	1.945	1.903	ESTABLE
19404	0.217	1.485	1.596	ESTABLE
9658	0.235	1.78	1.719	ESTABLE
16770	0.244	1.763	1.823	ESTABLE
329	0.25	1.967	1.796	INESTABLE
14242	0.248	1.867	1.929	ESTABLE
3287	0.225	1.647	1.672	ESTABLE
19260	0.23	1.57	1.635	ESTABLE
7483	0.267	1.955	1.915	ESTABLE
17853	0.24	1.864	1.938	ESTABLE
14122	0.256	1.812	1.874	ESTABLE
13294	0.224	1.771	1.716	ESTABLE
16963	0.24	1.873	1.799	ESTABLE
5444	0.217	1.507	1.505	ESTABLE
18870	0.216	1.631	1.632	ESTABLE
3564	0.254	1.837	1.829	ESTABLE
17573	0.255	1.891	1.917	ESTABLE
5815	0.209	1.518	1.423	ESTABLE
14481	0.256	1.949	1.965	ESTABLE
15768	0.223	1.529	1.602	ESTABLE
8192	0.239	1.752	1.785	ESTABLE
16955	0.255	1.932	1.814	ESTABLE
4480	0.235	1.704	1.805	ESTABLE
3825	0.256	1.968	1.965	ESTABLE
18792	0.22	1.595	1.54	ESTABLE
15900	0.22	1.485	1.532	ESTABLE
13929	0.241	1.802	1.713	ESTABLE
9541	0.229	1.668	1.63	ESTABLE
16112	0.219	1.515	1.47	ESTABLE
2759	0.238	1.619	1.638	ESTABLE
17143	0.232	1.803	1.798	ESTABLE
7100	0.254	1.898	1.907	ESTABLE
7960	0.236	1.735	1.725	ESTABLE
15769	0.224	1.605	1.642	ESTABLE
65	0.244	1.782	1.755	ESTABLE
12303	0.22	1.566	1.602	ESTABLE
9726	0.237	1.679	1.745	ESTABLE
5381	0.221	1.537	1.529	ESTABLE
16447	0.226	1.638	1.664	ESTABLE
4821	0.231	1.708	1.838	ESTABLE
18145	0.251	1.907	1.851	ESTABLE
10788	0.262	1.993	2.004	ESTABLE
17463	0.234	1.791	1.781	ESTABLE
2646	0.23	1.633	1.676	ESTABLE
13671	0.242	1.777	1.778	ESTABLE
3828	0.254	1.947	1.823	ESTABLE
6583	0.229	1.598	1.713	ESTABLE
15675	0.224	1.636	1.592	ESTABLE
19950	0.243	1.78	1.709	ESTABLE
4236	0.247	1.824	1.751	ESTABLE
945	0.24	1.82	1.897	ESTABLE
7423	0.26	2.064	1.984	ESTABLE
13801	0.247	1.677	1.788	ESTABLE
19472	0.216	1.54	1.651	ESTABLE
1788	0.236	1.723	1.679	ESTABLE
9578	0.22	1.702	1.626	ESTABLE
7132	0.249	1.966	1.84	ESTABLE
4205	0.253	1.853	1.914	ESTABLE
744	0.235	1.796	1.801	ESTABLE
13695	0.238	1.726	1.795	ESTABLE
12052	0.235	1.651	1.774	ESTABLE
18818	0.201	1.529	1.451	ESTABLE
8441	0.247	1.776	1.864	ESTABLE
8770	0.219	1.632	1.588	ESTABLE
10354	0.242	1.709	1.778	ESTABLE
16915	0.247	1.87	1.832	ESTABLE
3555	0.248	1.863	1.777	ESTABLE
13103	0.23	1.693	1.749	ESTABLE
17886	0.251	1.906	1.964	ESTABLE
6633	0.214	1.558	1.592	ESTABLE
17434	0.237	1.708	1.87	INESTABLE
3160	0.22	1.547	1.642	ESTABLE
10379	0.246	1.714	1.806	ESTABLE
301	0.26	1.979	1.818	INESTABLE
7570	0.246	1.976	1.927	ESTABLE
3684	0.26	1.966	1.911	ESTABLE
18110	0.233	1.867	1.823	ESTABLE
19856	0.234	1.692	1.693	ESTABLE
15473	0.227	1.637	1.61	ESTABLE
4741	0.252	1.762	1.907	ESTABLE
2910	0.232	1.593	1.643	ESTABLE
4014	0.255	2.027	1.921	ESTABLE
14406	0.256	1.932	2.019	ESTABLE
10650	0.255	1.879	1.888	ESTABLE
5276	0.225	1.649	1.585	ESTABLE
2125	0.201	1.429	1.467	ESTABLE
5734	0.219	1.59	1.498	ESTABLE
18030	0.255	1.964	1.935	ESTABLE
13886	0.231	1.739	1.768	ESTABLE
16995	0.247	1.864	1.835	ESTABLE
1543	0.25	1.878	1.885	ESTABLE
5333	0.212	1.621	1.596	ESTABLE
18855	0.228	1.621	1.601	ESTABLE
12309	0.224	1.592	1.556	ESTABLE
4629	0.251	1.776	1.9	ESTABLE
19302	0.212	1.571	1.611	ESTABLE
2286	0.223	1.598	1.592	ESTABLE
6861	0.221	1.668	1.709	ESTABLE
14654	0.251	1.873	1.906	ESTABLE
8662	0.226	1.592	1.658	ESTABLE
437	0.264	2.003	1.934	ESTABLE
2544	0.22	1.565	1.605	ESTABLE
11093	0.253	1.903	1.864	ESTABLE
7167	0.244	1.894	1.915	ESTABLE
14158	0.246	1.909	1.85	ESTABLE
2022	0.226	1.6	1.459	ESTABLE
13160	0.233	1.783	1.684	ESTABLE
11486	0.227	1.676	1.697	ESTABLE
3069	0.228	1.549	1.663	ESTABLE
16294	0.214	1.544	1.548	ESTABLE
11512	0.228	1.721	1.631	ESTABLE
17905	0.266	1.86	1.948	ESTABLE
16246	0.214	1.563	1.547	ESTABLE
7238	0.27	1.989	1.925	ESTABLE
11784	0.229	1.629	1.673	ESTABLE
10437	0.231	1.755	1.738	ESTABLE
708	0.264	1.863	1.842	ESTABLE
1496	0.246	1.779	1.864	ESTABLE
10731	0.268	1.933	1.946	ESTABLE
953	0.251	1.774	1.862	ESTABLE
13268	0.256	1.786	1.757	ESTABLE
3793	0.262	1.92	1.915	ESTABLE
17077	0.249	1.813	1.798	ESTABLE
706	0.259	1.898	1.846	ESTABLE
8342	0.242	1.73	1.783	ESTABLE
9942	0.249	1.786	1.751	ESTABLE
8772	0.239	1.58	1.567	ESTABLE
965	0.234	1.725	1.798	ESTABLE
12749	0.207	1.553	1.497	ESTABLE
4593	0.238	1.822	1.87	ESTABLE
18992	0.233	1.61	1.603	ESTABLE
8970	0.208	1.452	1.462	ESTABLE
8147	0.244	1.83	1.802	ESTABLE
19165	0.226	1.64	1.645	ESTABLE
16433	0.223	1.655	1.537	ESTABLE
15354	0.237	1.602	1.664	ESTABLE
14670	0.248	1.865	1.847	ESTABLE
18538	0.226	1.619	1.542	ESTABLE
8230	0.246	1.73	1.813	ESTABLE
11336	0.238	1.874	1.735	ESTABLE
11695	0.23	1.682	1.623	ESTABLE
1414	0.267	1.868	1.922	ESTABLE
5448	0.222	1.597	1.552	ESTABLE
17370	0.239	1.757	1.828	ESTABLE
7749	0.258	1.928	1.828	ESTABLE
5540	0.206	1.59	1.456	ESTABLE
1581	0.242	1.717	1.777	ESTABLE
18339	0.236	1.724	1.596	ESTABLE
504	0.27	1.943	1.943	ESTABLE
5356	0.217	1.635	1.592	ESTABLE
5446	0.215	1.528	1.549	ESTABLE
18236	0.24	1.875	1.781	ESTABLE
17972	0.241	1.826	1.904	ESTABLE
10907	0.273	2.033	1.936	ESTABLE
7321	0.269	2.015	1.961	ESTABLE
9050	0.207	1.452	1.455	ESTABLE
19751	0.212	1.6	1.542	ESTABLE
14213	0.254	1.904	1.93	ESTABLE
15812	0.229	1.549	1.6	ESTABLE
5371	0.23	1.561	1.611	ESTABLE
1591	0.254	1.848	1.809	ESTABLE
2274	0.208	1.511	1.532	ESTABLE
4458	0.241	1.769	1.862	ESTABLE
7736	0.25	1.941	1.811	ESTABLE
2575	0.221	1.623	1.706	ESTABLE
19259	0.233	1.593	1.669	ESTABLE
18369	0.227	1.659	1.607	ESTABLE
460	0.247	1.874	1.86	ESTABLE
979	0.243	1.808	1.826	ESTABLE
9757	0.242	1.743	1.655	ESTABLE
17932	0.263	1.963	1.987	ESTABLE
17530	0.26	1.743	1.874	ESTABLE
7678	0.245	1.926	1.827	ESTABLE
1255	0.25	1.808	1.921	ESTABLE
11944	0.231	1.696	1.749	ESTABLE
237	0.249	1.96	1.833	ESTABLE
19010	0.225	1.554	1.591	ESTABLE
15638	0.215	1.582	1.665	ESTABLE
852	0.246	1.767	1.769	ESTABLE
7031	0.252	1.85	1.866	ESTABLE
14216	0.267	1.925	1.98	ESTABLE
19648	0.212	1.485	1.533	ESTABLE
16500	0.23	1.675	1.697	ESTABLE
12384	0.211	1.51	1.571	ESTABLE
18122	0.255	1.88	1.749	ESTABLE
4978	0.248	1.813	1.862	ESTABLE
3857	0.256	1.977	1.926	ESTABLE
13051	0.236	1.717	1.665	ESTABLE
7569	0.264	1.939	1.945	ESTABLE
14413	0.261	1.935	1.959	ESTABLE
5580	0.214	1.52	1.448	ESTABLE
10256	0.231	1.64	1.679	ESTABLE
16235	0.221	1.521	1.535	ESTABLE
16230	0.193	1.465	1.425	ESTABLE
11403	0.238	1.793	1.707	ESTABLE
6213	0.229	1.659	1.655	ESTABLE
7479	0.263	2.04	1.912	ESTABLE
275	0.253	1.929	1.907	ESTABLE
9490	0.226	1.58	1.603	ESTABLE
13570	0.23	1.687	1.771	ESTABLE
19864	0.23	1.611	1.601	ESTABLE
12236	0.225	1.603	1.579	ESTABLE
2079	0.227	1.588	1.572	ESTABLE
7164	0.265	1.967	1.909	ESTABLE
18620	0.226	1.614	1.514	ESTABLE
2691	0.224	1.572	1.646	ESTABLE
2543	0.231	1.619	1.714	ESTABLE
9158	0.214	1.512	1.446	ESTABLE
5351	0.231	1.562	1.565	ESTABLE
10892	0.265	2.042	1.952	ESTABLE
4310	0.241	1.725	1.848	ESTABLE
11665	0.219	1.625	1.592	ESTABLE
12065	0.23	1.63	1.751	ESTABLE
8890	0.217	1.585	1.561	ESTABLE
8879	0.206	1.522	1.515	ESTABLE
15491	0.232	1.693	1.69	ESTABLE
3066	0.212	1.61	1.661	ESTABLE
11825	0.245	1.732	1.709	ESTABLE
18374	0.229	1.658	1.608	ESTABLE
16413	0.216	1.607	1.585	ESTABLE
18460	0.231	1.713	1.588	ESTABLE
7286	0.276	1.994	2.062	ESTABLE
13915	0.247	1.83	1.835	ESTABLE
2835	0.233	1.594	1.717	ESTABLE
9593	0.238	1.702	1.63	ESTABLE
2996	0.21	1.494	1.563	ESTABLE
10985	0.247	1.904	1.904	ESTABLE
16234	0.213	1.523	1.459	ESTABLE
2853	0.228	1.547	1.644	ESTABLE
3567	0.242	1.809	1.76	ESTABLE
4571	0.243	1.826	1.799	ESTABLE
12051	0.243	1.736	1.876	ESTABLE
15363	0.227	1.453	1.57	ESTABLE
8051	0.229	1.748	1.84	ESTABLE
15851	0.222	1.515	1.612	ESTABLE
14202	0.269	1.98	1.934	ESTABLE
9743	0.232	1.692	1.737	ESTABLE
1171	0.242	1.791	1.862	ESTABLE
18286	0.234	1.663	1.725	ESTABLE
17806	0.254	1.899	1.911	ESTABLE
11101	0.241	1.88	1.896	ESTABLE
12948	0.208	1.592	1.539	ESTABLE
19655	0.214	1.502	1.604	ESTABLE
16370	0.222	1.608	1.535	ESTABLE
4348	0.251	1.785	1.801	ESTABLE
8903	0.226	1.52	1.61	ESTABLE
4277	0.247	1.827	1.773	ESTABLE
9286	0.218	1.53	1.523	ESTABLE
2909	0.214	1.533	1.586	ESTABLE
3887	0.268	2.058	1.913	ESTABLE
8523	0.238	1.721	1.724	ESTABLE
13623	0.25	1.732	1.818	ESTABLE
18276	0.229	1.755	1.704	ESTABLE
18329	0.236	1.69	1.65	ESTABLE
14632	0.251	1.873	1.821	ESTABLE
14266	0.259	1.979	2.02	ESTABLE
4100	0.255	1.914	1.843	ESTABLE
10917	0.267	2.029	1.929	ESTABLE
18802	0.223	1.585	1.515	ESTABLE
16707	0.239	1.838	1.782	ESTABLE
3485	0.239	1.792	1.712	ESTABLE
17993	0.252	1.875	1.879	ESTABLE
4192	0.26	1.941	1.91	ESTABLE
1123	0.245	1.856	1.837	ESTABLE
16065	0.206	1.493	1.533	ESTABLE
16033	0.221	1.481	1.533	ESTABLE
2649	0.233	1.597	1.687	ESTABLE
15923	0.212	1.509	1.524	ESTABLE
7789	0.232	1.828	1.801	ESTABLE
8138	0.247	1.726	1.811	ESTABLE
1175	0.258	1.827	1.866	ESTABLE
8150	0.247	1.774	1.741	ESTABLE
5038	0.239	1.741	1.836	ESTABLE
749	0.254	1.854	1.841	ESTABLE
18434	0.223	1.629	1.631	ESTABLE
5649	0.216	1.51	1.456	ESTABLE
22	0.244	1.773	1.733	ESTABLE
1378	0.255	1.795	1.888	ESTABLE
1715	0.239	1.71	1.709	ESTABLE
9575	0.232	1.673	1.576	ESTABLE
9202	0.211	1.51	1.392	ESTABLE
12090	0.227	1.571	1.701	ESTABLE
4955	0.239	1.858	1.822	ESTABLE
4852	0.247	1.804	1.914	ESTABLE
4716	0.233	1.768	1.79	ESTABLE
9032	0.205	1.437	1.488	ESTABLE
7336	0.263	2.062	1.996	ESTABLE
14860	0.244	1.784	1.712	ESTABLE
4812	0.247	1.774	1.744	ESTABLE
15095	0.215	1.594	1.543	ESTABLE
15022	0.232	1.705	1.587	ESTABLE
839	0.265	1.866	1.908	ESTABLE
18533	0.227	1.642	1.57	ESTABLE
7921	0.244	1.775	1.815	ESTABLE
14074	0.246	1.829	1.974	ESTABLE
10393	0.228	1.722	1.751	ESTABLE
12187	0.215	1.55	1.613	ESTABLE
7272	0.256	2.022	1.954	ESTABLE
13447	0.242	1.841	1.858	ESTABLE
4855	0.248	1.858	1.903	ESTABLE
5410	0.228	1.566	1.622	ESTABLE
10964	0.254	1.949	1.908	ESTABLE
5256	0.229	1.69	1.682	ESTABLE
4433	0.238	1.777	1.834	ESTABLE
14223	0.252	1.967	1.898	ESTABLE
2087	0.207	1.563	1.452	ESTABLE
3304	0.227	1.67	1.593	ESTABLE
10434	0.256	1.813	1.899	ESTABLE
3009	0.227	1.599	1.69	ESTABLE
2505	0.227	1.603	1.594	ESTABLE
4788	0.243	1.766	1.874	ESTABLE
18148	0.244	1.845	1.816	ESTABLE
10318	0.242	1.698	1.729	ESTABLE
8368	0.235	1.718	1.79	ESTABLE
7564	0.257	1.943	1.939	ESTABLE
116	0.24	1.842	1.775	ESTABLE
14747	0.236	1.813	1.69	ESTABLE
17012	0.25	1.888	1.838	ESTABLE
1852	0.231	1.663	1.614	ESTABLE
16838	0.246	1.779	1.787	ESTABLE
15362	0.226	1.63	1.692	ESTABLE
2871	0.214	1.616	1.584	ESTABLE
14952	0.222	1.643	1.576	ESTABLE
10813	0.26	2.098	2.05	ESTABLE
19042	0.229	1.61	1.703	ESTABLE
3840	0.263	2.096	1.934	INESTABLE
11411	0.235	1.808	1.687	ESTABLE
501	0.256	1.895	1.871	ESTABLE
11937	0.232	1.772	1.784	ESTABLE
14725	0.246	1.847	1.696	INESTABLE
3757	0.256	2.004	1.941	ESTABLE
4406	0.244	1.774	1.861	ESTABLE
769	0.244	1.805	1.832	ESTABLE
7383	0.263	2.018	2.012	ESTABLE
15056	0.202	1.596	1.581	ESTABLE
7071	0.247	1.84	1.833	ESTABLE
13991	0.256	1.845	1.881	ESTABLE
14229	0.253	1.897	1.942	ESTABLE
14180	0.263	1.94	1.993	ESTABLE
1232	0.251	1.929	1.883	ESTABLE
12919	0.216	1.547	1.563	ESTABLE
11178	0.253	1.871	1.789	ESTABLE
2603	0.218	1.554	1.668	ESTABLE
81	0.244	1.785	1.791	ESTABLE
19135	0.206	1.505	1.634	ESTABLE
4296	0.242	1.844	1.771	ESTABLE
7049	0.259	1.876	1.801	ESTABLE
13297	0.237	1.753	1.749	ESTABLE
2705	0.217	1.586	1.619	ESTABLE
6954	0.235	1.794	1.693	ESTABLE
15500	0.236	1.693	1.69	ESTABLE
15626	0.234	1.619	1.794	INESTABLE
18370	0.222	1.662	1.588	ESTABLE
16588	0.232	1.746	1.621	ESTABLE
16177	0.213	1.466	1.533	ESTABLE
13049	0.233	1.599	1.609	ESTABLE
10114	0.22	1.68	1.769	ESTABLE
1675	0.238	1.721	1.792	ESTABLE
9249	0.205	1.478	1.459	ESTABLE
5553	0.208	1.551	1.41	ESTABLE
1160	0.252	1.866	1.866	ESTABLE
1360	0.254	1.777	1.915	ESTABLE
14510	0.26	1.888	1.92	ESTABLE
18182	0.247	1.813	1.776	ESTABLE
17755	0.26	1.915	1.941	ESTABLE
5039	0.246	1.718	1.854	ESTABLE
19448	0.214	1.458	1.517	ESTABLE
12669	0.213	1.421	1.395	ESTABLE
2221	0.208	1.588	1.507	ESTABLE
2411	0.219	1.552	1.568	ESTABLE
3568	0.253	1.845	1.778	ESTABLE
9077	0.208	1.475	1.477	ESTABLE
15771	0.223	1.538	1.632	ESTABLE
76	0.239	1.804	1.794	ESTABLE
16547	0.244	1.752	1.728	ESTABLE
5664	0.211	1.471	1.372	ESTABLE
15028	0.224	1.643	1.627	ESTABLE
17673	0.256	1.9	1.94	ESTABLE
12317	0.222	1.649	1.599	ESTABLE
4298	0.245	1.805	1.793	ESTABLE
9655	0.231	1.612	1.645	ESTABLE
14509	0.255	1.955	1.877	ESTABLE
10375	0.258	1.819	1.9	ESTABLE
3475	0.233	1.72	1.787	ESTABLE
320	0.257	1.965	1.818	ESTABLE
12556	0.213	1.426	1.53	ESTABLE
6418	0.24	1.659	1.701	ESTABLE
11397	0.244	1.754	1.699	ESTABLE
12115	0.229	1.634	1.695	ESTABLE
996	0.243	1.807	1.89	ESTABLE
11942	0.229	1.61	1.744	ESTABLE
12470	0.207	1.41	1.512	ESTABLE
8351	0.251	1.782	1.819	ESTABLE
8975	0.21	1.49	1.573	ESTABLE
17247	0.253	1.901	1.891	ESTABLE
10402	0.249	1.726	1.883	INESTABLE
3488	0.229	1.755	1.679	ESTABLE
16216	0.224	1.529	1.492	ESTABLE
19243	0.228	1.59	1.657	ESTABLE
8834	0.213	1.529	1.556	ESTABLE
4215	0.255	1.867	1.884	ESTABLE
16869	0.258	1.908	1.823	ESTABLE
19483	0.213	1.471	1.625	INESTABLE
15612	0.232	1.633	1.658	ESTABLE
8689	0.236	1.674	1.728	ESTABLE
5976	0.217	1.61	1.62	ESTABLE
10522	0.248	1.79	1.912	ESTABLE
14335	0.255	1.979	1.925	ESTABLE
10881	0.268	2.058	1.907	INESTABLE
4004	0.25	1.984	1.942	ESTABLE
17860	0.256	1.925	1.912	ESTABLE
1714	0.239	1.733	1.641	ESTABLE
13538	0.246	1.832	1.846	ESTABLE
46	0.242	1.81	1.786	ESTABLE
11670	0.238	1.646	1.7	ESTABLE
13173	0.235	1.763	1.739	ESTABLE
5942	0.221	1.58	1.553	ESTABLE
19265	0.22	1.59	1.601	ESTABLE
17594	0.249	1.865	1.943	ESTABLE
7020	0.246	1.855	1.861	ESTABLE
2768	0.23	1.608	1.698	ESTABLE
14370	0.259	1.974	1.967	ESTABLE
15324	0.225	1.666	1.637	ESTABLE
7825	0.241	1.869	1.802	ESTABLE
4043	0.257	1.969	1.934	ESTABLE
13634	0.249	1.737	1.792	ESTABLE
17674	0.261	1.927	1.936	ESTABLE
12563	0.206	1.457	1.527	ESTABLE
11690	0.234	1.637	1.646	ESTABLE
3880	0.249	1.978	1.943	ESTABLE
10671	0.259	1.938	1.988	ESTABLE
7550	0.261	1.996	2.011	ESTABLE
16405	0.219	1.608	1.554	ESTABLE
10537	0.243	1.75	1.807	ESTABLE
16890	0.238	1.839	1.845	ESTABLE
8333	0.247	1.78	1.804	ESTABLE
9306	0.214	1.494	1.458	ESTABLE
1702	0.24	1.721	1.755	ESTABLE
8868	0.211	1.472	1.538	ESTABLE
19151	0.235	1.632	1.631	ESTABLE
12543	0.205	1.497	1.47	ESTABLE
9142	0.195	1.508	1.421	ESTABLE
5161	0.238	1.688	1.818	ESTABLE
11146	0.258	1.934	1.787	ESTABLE
2724	0.217	1.597	1.647	ESTABLE
14429	0.272	2.033	2.034	ESTABLE
5266	0.239	1.661	1.613	ESTABLE
14095	0.256	1.832	1.912	ESTABLE
7352	0.278	2.017	1.943	ESTABLE
12745	0.207	1.497	1.473	ESTABLE
9091	0.195	1.449	1.52	ESTABLE
9042	0.204	1.498	1.463	ESTABLE
17045	0.247	1.923	1.887	ESTABLE
14203	0.264	1.868	1.925	ESTABLE
12113	0.22	1.622	1.688	ESTABLE
12960	0.229	1.666	1.612	ESTABLE
18580	0.223	1.683	1.572	ESTABLE
8647	0.225	1.623	1.665	ESTABLE
7878	0.242	1.756	1.79	ESTABLE
8459	0.244	1.751	1.822	ESTABLE
15897	0.221	1.546	1.622	ESTABLE
19775	0.22	1.579	1.59	ESTABLE
17145	0.231	1.708	1.783	ESTABLE
12321	0.226	1.518	1.601	ESTABLE
7508	0.254	1.992	1.934	ESTABLE
18671	0.225	1.621	1.574	ESTABLE
12535	0.217	1.558	1.495	ESTABLE
11340	0.244	1.804	1.758	ESTABLE
7225	0.256	1.903	1.946	ESTABLE
3960	0.251	1.945	1.838	ESTABLE
15567	0.234	1.605	1.658	ESTABLE
9351	0.207	1.551	1.443	ESTABLE
11515	0.248	1.653	1.678	ESTABLE
12170	0.226	1.601	1.601	ESTABLE
763	0.255	1.856	1.827	ESTABLE
3519	0.246	1.809	1.723	ESTABLE
9898	0.237	1.696	1.769	ESTABLE
19192	0.225	1.693	1.679	ESTABLE
3862	0.257	1.945	1.948	ESTABLE
18453	0.233	1.694	1.622	ESTABLE
5375	0.217	1.559	1.588	ESTABLE
2165	0.209	1.547	1.473	ESTABLE
11528	0.232	1.699	1.713	ESTABLE
8660	0.226	1.632	1.686	ESTABLE
18371	0.216	1.62	1.559	ESTABLE
19713	0.214	1.565	1.572	ESTABLE
8304	0.233	1.798	1.809	ESTABLE
192	0.258	1.881	1.844	ESTABLE
4198	0.25	1.919	1.847	ESTABLE
18425	0.224	1.674	1.579	ESTABLE
13493	0.246	1.776	1.821	ESTABLE
6338	0.227	1.598	1.644	ESTABLE
10700	0.248	1.949	1.87	ESTABLE
14002	0.256	1.853	1.895	ESTABLE
6554	0.235	1.652	1.735	ESTABLE
6152	0.224	1.639	1.573	ESTABLE
9455	0.219	1.571	1.535	ESTABLE
15085	0.226	1.561	1.585	ESTABLE
5574	0.218	1.504	1.467	ESTABLE
17772	0.251	1.829	1.962	ESTABLE
19023	0.219	1.528	1.596	ESTABLE
166	0.245	1.891	1.904	ESTABLE
16146	0.21	1.531	1.497	ESTABLE
7065	0.251	1.873	1.821	ESTABLE
15916	0.216	1.551	1.518	ESTABLE
15394	0.232	1.583	1.672	ESTABLE
696	0.259	1.887	1.835	ESTABLE
10486	0.242	1.838	1.751	ESTABLE
8015	0.245	1.718	1.725	ESTABLE
9878	0.239	1.681	1.72	ESTABLE
7068	0.248	1.82	1.92	ESTABLE
11756	0.235	1.601	1.703	ESTABLE
1013	0.259	1.852	1.975	ESTABLE
2232	0.216	1.477	1.483	ESTABLE
9137	0.221	1.522	1.461	ESTABLE
7656	0.251	1.97	1.854	ESTABLE
10157	0.222	1.652	1.701	ESTABLE
8579	0.244	1.621	1.685	ESTABLE
6406	0.237	1.65	1.71	ESTABLE
18569	0.227	1.598	1.547	ESTABLE
5984	0.223	1.633	1.563	ESTABLE
18755	0.223	1.584	1.563	ESTABLE
8603	0.233	1.642	1.741	ESTABLE
6660	0.232	1.685	1.726	ESTABLE
16508	0.225	1.721	1.645	ESTABLE
4109	0.251	1.867	1.897	ESTABLE
840	0.236	1.736	1.838	ESTABLE
6703	0.237	1.657	1.71	ESTABLE
165	0.242	1.866	1.844	ESTABLE
9475	0.22	1.665	1.501	INESTABLE
17449	0.236	1.794	1.92	ESTABLE
6745	0.226	1.66	1.673	ESTABLE
12833	0.21	1.579	1.527	ESTABLE
16358	0.211	1.589	1.569	ESTABLE
3387	0.238	1.707	1.692	ESTABLE
2716	0.223	1.667	1.632	ESTABLE
15114	0.214	1.535	1.512	ESTABLE
17557	0.247	1.806	1.837	ESTABLE
19686	0.206	1.476	1.536	ESTABLE
9491	0.221	1.666	1.667	ESTABLE
3241	0.215	1.617	1.563	ESTABLE
14312	0.265	2.034	1.944	ESTABLE
14760	0.231	1.758	1.686	ESTABLE
1626	0.248	1.838	1.816	ESTABLE
19041	0.235	1.617	1.605	ESTABLE
2967	0.226	1.614	1.559	ESTABLE
13410	0.246	1.837	1.83	ESTABLE
18742	0.216	1.506	1.501	ESTABLE
404	0.255	1.934	1.879	ESTABLE
5366	0.212	1.524	1.477	ESTABLE
14259	0.249	1.898	1.932	ESTABLE
8946	0.218	1.587	1.565	ESTABLE
2890	0.227	1.605	1.663	ESTABLE
14332	0.269	1.955	1.955	ESTABLE
11380	0.241	1.745	1.689	ESTABLE
11830	0.238	1.67	1.753	ESTABLE
17396	0.238	1.82	1.865	ESTABLE
164	0.251	1.931	1.829	ESTABLE
13519	0.249	1.842	1.848	ESTABLE
4956	0.254	1.804	1.883	ESTABLE
10301	0.242	1.757	1.855	ESTABLE
19654	0.206	1.52	1.484	ESTABLE
17028	0.253	1.917	1.845	ESTABLE
5661	0.207	1.56	1.396	INESTABLE
904	0.257	1.798	1.928	ESTABLE
15659	0.225	1.606	1.601	ESTABLE
13079	0.231	1.739	1.569	INESTABLE
4392	0.238	1.733	1.691	ESTABLE
8824	0.221	1.57	1.627	ESTABLE
18961	0.225	1.586	1.585	ESTABLE
1813	0.232	1.661	1.654	ESTABLE
7320	0.255	1.939	1.886	ESTABLE
3668	0.253	1.905	1.892	ESTABLE
15401	0.234	1.666	1.704	ESTABLE
16685	0.251	1.834	1.808	ESTABLE
11721	0.223	1.59	1.64	ESTABLE
10947	0.266	1.998	2.014	ESTABLE
16808	0.259	1.905	1.824	ESTABLE
3978	0.248	1.951	1.862	ESTABLE
9336	0.224	1.611	1.563	ESTABLE
8137	0.24	1.791	1.81	ESTABLE
18321	0.237	1.776	1.731	ESTABLE
3266	0.229	1.561	1.654	ESTABLE
18250	0.24	1.789	1.707	ESTABLE
17652	0.252	1.897	1.867	ESTABLE
7565	0.26	1.901	1.915	ESTABLE
15486	0.233	1.665	1.706	ESTABLE
5702	0.213	1.47	1.383	ESTABLE
13966	0.247	1.855	1.891	ESTABLE
2144	0.223	1.466	1.535	ESTABLE
18764	0.229	1.643	1.503	ESTABLE
15876	0.222	1.552	1.556	ESTABLE
12123	0.229	1.62	1.752	ESTABLE
7940	0.249	1.788	1.748	ESTABLE
7300	0.272	1.99	1.969	ESTABLE
7602	0.256	1.908	1.844	ESTABLE
2195	0.219	1.567	1.561	ESTABLE
2384	0.208	1.526	1.558	ESTABLE
12145	0.217	1.613	1.627	ESTABLE
13927	0.251	1.781	1.874	ESTABLE
3376	0.239	1.776	1.719	ESTABLE
4924	0.251	1.84	1.905	ESTABLE
4008	0.251	1.867	1.946	ESTABLE
6492	0.218	1.6	1.603	ESTABLE
17009	0.246	1.829	1.884	ESTABLE
8080	0.232	1.709	1.763	ESTABLE
6957	0.241	1.829	1.75	ESTABLE
7745	0.251	1.864	1.899	ESTABLE
5412	0.21	1.582	1.508	ESTABLE
17099	0.247	1.874	1.866	ESTABLE
12469	0.221	1.52	1.533	ESTABLE
16969	0.249	1.858	1.942	ESTABLE
16491	0.216	1.696	1.634	ESTABLE
17401	0.25	1.776	1.866	ESTABLE
14003	0.25	1.775	1.854	ESTABLE
2027	0.209	1.545	1.454	ESTABLE
2666	0.232	1.712	1.645	ESTABLE
3664	0.251	1.907	1.88	ESTABLE
12030	0.242	1.676	1.731	ESTABLE
15102	0.229	1.581	1.612	ESTABLE
921	0.237	1.813	1.86	ESTABLE
11566	0.235	1.729	1.694	ESTABLE
6464	0.238	1.699	1.758	ESTABLE
11246	0.242	1.848	1.718	ESTABLE
15683	0.226	1.504	1.616	ESTABLE
4452	0.242	1.782	1.813	ESTABLE
9819	0.238	1.744	1.865	ESTABLE
15770	0.223	1.56	1.613	ESTABLE
14501	0.261	1.99	1.997	ESTABLE
16716	0.243	1.777	1.777	ESTABLE
4016	0.256	1.95	1.896	ESTABLE
8234	0.248	1.792	1.806	ESTABLE
5473	0.225	1.642	1.509	ESTABLE
16892	0.244	1.867	1.884	ESTABLE
1900	0.205	1.572	1.552	ESTABLE
18887	0.229	1.594	1.661	ESTABLE
13824	0.243	1.781	1.851	ESTABLE
10798	0.263	1.964	1.894	ESTABLE
16946	0.259	1.879	1.842	ESTABLE
18968	0.221	1.556	1.548	ESTABLE
2857	0.218	1.559	1.557	ESTABLE
6054	0.214	1.583	1.565	ESTABLE
19338	0.218	1.571	1.571	ESTABLE
16499	0.231	1.713	1.601	ESTABLE
10919	0.265	2.044	1.97	ESTABLE
13403	0.249	1.825	1.889	ESTABLE
18593	0.211	1.631	1.522	ESTABLE
13373	0.242	1.752	1.798	ESTABLE
16631	0.231	1.711	1.658	ESTABLE
14673	0.264	1.906	1.845	ESTABLE
19554	0.21	1.449	1.539	ESTABLE
16006	0.208	1.44	1.504	ESTABLE
1709	0.231	1.766	1.698	ESTABLE
6340	0.232	1.648	1.65	ESTABLE
4569	0.243	1.738	1.876	ESTABLE
6887	0.239	1.689	1.753	ESTABLE
552	0.247	1.885	1.874	ESTABLE
3558	0.244	1.818	1.85	ESTABLE
27	0.244	1.799	1.771	ESTABLE
16640	0.246	1.863	1.735	ESTABLE
6631	0.227	1.651	1.647	ESTABLE
727	0.242	1.817	1.86	ESTABLE
5201	0.228	1.625	1.644	ESTABLE
16986	0.258	1.832	1.806	ESTABLE
1080	0.258	1.87	1.859	ESTABLE
19862	0.234	1.637	1.634	ESTABLE
4070	0.255	1.903	1.851	ESTABLE
7035	0.255	1.855	1.826	ESTABLE
12311	0.218	1.523	1.592	ESTABLE
6510	0.243	1.613	1.653	ESTABLE
3852	0.261	1.971	1.937	ESTABLE
14021	0.255	1.838	1.944	ESTABLE
7622	0.256	1.936	1.883	ESTABLE
5517	0.207	1.553	1.542	ESTABLE
10433	0.235	1.724	1.737	ESTABLE
15842	0.224	1.508	1.588	ESTABLE
13587	0.24	1.699	1.798	ESTABLE
14304	0.257	1.897	1.937	ESTABLE
17968	0.263	1.938	1.978	ESTABLE
7907	0.25	1.832	1.807	ESTABLE
12437	0.212	1.506	1.532	ESTABLE
9533	0.224	1.648	1.535	ESTABLE
6288	0.238	1.671	1.729	ESTABLE
19120	0.228	1.651	1.608	ESTABLE
19773	0.21	1.555	1.507	ESTABLE
17978	0.259	1.962	1.93	ESTABLE
1560	0.24	1.793	1.826	ESTABLE
9566	0.234	1.619	1.643	ESTABLE
16506	0.226	1.707	1.65	ESTABLE
823	0.247	1.841	1.799	ESTABLE
14469	0.247	1.995	1.884	ESTABLE
16918	0.249	1.833	1.806	ESTABLE
14534	0.253	1.934	1.916	ESTABLE
17657	0.253	1.941	1.983	ESTABLE
10642	0.254	1.919	1.9	ESTABLE
5506	0.227	1.617	1.476	ESTABLE
13002	0.238	1.723	1.625	ESTABLE
5167	0.232	1.708	1.759	ESTABLE
14159	0.272	1.916	1.995	ESTABLE
17778	0.252	1.97	2.001	ESTABLE
17876	0.26	1.88	1.926	ESTABLE
6484	0.226	1.577	1.719	ESTABLE
1284	0.262	1.859	1.927	ESTABLE
10903	0.267	2.042	1.973	ESTABLE
610	0.241	1.857	1.825	ESTABLE
10050	0.225	1.648	1.673	ESTABLE
648	0.252	1.903	1.922	ESTABLE
14261	0.257	2.015	1.93	ESTABLE
955	0.248	1.85	1.748	ESTABLE
15610	0.23	1.62	1.651	ESTABLE
8348	0.232	1.673	1.816	ESTABLE
9876	0.236	1.693	1.686	ESTABLE
18191	0.248	1.826	1.729	ESTABLE
19585	0.216	1.465	1.504	ESTABLE
4041	0.27	1.971	1.871	ESTABLE
13968	0.247	1.818	1.908	ESTABLE
8787	0.235	1.612	1.658	ESTABLE
7137	0.261	1.876	1.94	ESTABLE
9955	0.237	1.741	1.707	ESTABLE
18181	0.249	1.726	1.84	ESTABLE
9854	0.233	1.719	1.692	ESTABLE
15693	0.218	1.568	1.683	ESTABLE
6174	0.231	1.654	1.658	ESTABLE
9333	0.22	1.589	1.494	ESTABLE
12015	0.241	1.709	1.743	ESTABLE
19918	0.239	1.652	1.629	ESTABLE
2309	0.205	1.457	1.438	ESTABLE
19646	0.221	1.536	1.56	ESTABLE
17464	0.25	1.785	1.793	ESTABLE
11682	0.231	1.711	1.657	ESTABLE
8140	0.232	1.746	1.799	ESTABLE
12457	0.218	1.511	1.535	ESTABLE
1599	0.239	1.784	1.806	ESTABLE
4407	0.249	1.828	1.833	ESTABLE
14583	0.25	1.927	1.811	ESTABLE
326	0.261	1.981	1.866	ESTABLE
16325	0.22	1.637	1.554	ESTABLE
6119	0.222	1.6	1.65	ESTABLE
1384	0.248	1.832	1.876	ESTABLE
14186	0.271	1.976	1.995	ESTABLE
14189	0.26	1.909	1.88	ESTABLE
1695	0.232	1.703	1.722	ESTABLE
15860	0.222	1.558	1.572	ESTABLE
1156	0.258	1.85	1.869	ESTABLE
2283	0.22	1.584	1.513	ESTABLE
19174	0.22	1.624	1.615	ESTABLE
8385	0.246	1.694	1.804	ESTABLE
14888	0.231	1.69	1.683	ESTABLE
7829	0.24	1.762	1.776	ESTABLE
8039	0.246	1.738	1.716	ESTABLE
11163	0.247	1.965	1.853	ESTABLE
12799	0.211	1.609	1.444	INESTABLE
16761	0.249	1.873	1.843	ESTABLE
6373	0.244	1.734	1.696	ESTABLE
3987	0.255	1.986	1.848	ESTABLE
14843	0.231	1.716	1.634	ESTABLE
2359	0.222	1.609	1.52	ESTABLE
11613	0.238	1.634	1.693	ESTABLE
1357	0.256	1.837	1.891	ESTABLE
11027	0.255	1.91	1.968	ESTABLE
19616	0.227	1.561	1.61	ESTABLE
815	0.247	1.857	1.883	ESTABLE
10088	0.241	1.726	1.733	ESTABLE
12402	0.21	1.482	1.477	ESTABLE
4712	0.263	1.817	1.875	ESTABLE
9626	0.225	1.669	1.613	ESTABLE
11727	0.234	1.629	1.664	ESTABLE
17551	0.255	1.823	1.915	ESTABLE
16948	0.261	1.962	1.853	ESTABLE
6018	0.231	1.756	1.66	ESTABLE
13784	0.238	1.72	1.835	ESTABLE
10821	0.242	1.901	1.906	ESTABLE
7291	0.254	2.016	1.848	INESTABLE
6449	0.222	1.511	1.662	INESTABLE
7175	0.254	1.971	1.925	ESTABLE
8355	0.244	1.789	1.838	ESTABLE
15564	0.238	1.635	1.652	ESTABLE
11445	0.235	1.747	1.708	ESTABLE
11709	0.219	1.603	1.702	ESTABLE
12621	0.204	1.448	1.402	ESTABLE
15292	0.231	1.597	1.691	ESTABLE
8383	0.244	1.733	1.83	ESTABLE
17053	0.25	1.914	1.877	ESTABLE
9476	0.212	1.57	1.548	ESTABLE
16760	0.24	1.795	1.734	ESTABLE
16153	0.198	1.4	1.411	ESTABLE
17742	0.253	1.835	1.903	ESTABLE
6604	0.23	1.672	1.722	ESTABLE
18915	0.234	1.622	1.656	ESTABLE
16377	0.217	1.615	1.506	ESTABLE
4168	0.249	1.875	1.896	ESTABLE
7000	0.243	1.689	1.845	INESTABLE
15377	0.227	1.639	1.684	ESTABLE
9062	0.203	1.486	1.407	ESTABLE
10324	0.233	1.699	1.773	ESTABLE
11941	0.242	1.651	1.696	ESTABLE
13885	0.236	1.724	1.859	ESTABLE
11759	0.225	1.63	1.684	ESTABLE
12087	0.23	1.652	1.66	ESTABLE
13284	0.244	1.749	1.815	ESTABLE
4863	0.237	1.749	1.856	ESTABLE
64	0.242	1.791	1.825	ESTABLE
1248	0.244	1.86	1.878	ESTABLE
687	0.245	1.846	1.814	ESTABLE
16705	0.23	1.838	1.741	ESTABLE
4830	0.253	1.847	1.893	ESTABLE
8637	0.228	1.661	1.709	ESTABLE
17388	0.255	1.871	1.846	ESTABLE
5736	0.205	1.535	1.435	ESTABLE
13868	0.253	1.822	1.857	ESTABLE
9887	0.24	1.72	1.718	ESTABLE
15416	0.212	1.555	1.609	ESTABLE
3685	0.256	1.873	1.857	ESTABLE
14663	0.246	1.88	1.851	ESTABLE
17475	0.254	1.836	1.932	ESTABLE
17773	0.26	1.885	1.96	ESTABLE
16688	0.255	1.861	1.78	ESTABLE
12377	0.22	1.463	1.481	ESTABLE
18136	0.253	1.837	1.813	ESTABLE
883	0.248	1.756	1.791	ESTABLE
9451	0.216	1.532	1.474	ESTABLE
13675	0.252	1.803	1.781	ESTABLE
16690	0.244	1.792	1.729	ESTABLE
11179	0.239	1.902	1.69	INESTABLE
9191	0.21	1.579	1.409	INESTABLE
976	0.242	1.783	1.82	ESTABLE
7079	0.255	1.815	1.819	ESTABLE
11711	0.219	1.641	1.631	ESTABLE
6342	0.232	1.619	1.67	ESTABLE
15574	0.229	1.568	1.693	ESTABLE
18793	0.223	1.528	1.611	ESTABLE
3296	0.222	1.635	1.618	ESTABLE
1045	0.246	1.818	1.813	ESTABLE
2903	0.228	1.659	1.69	ESTABLE
3460	0.246	1.795	1.754	ESTABLE
17313	0.243	1.834	1.772	ESTABLE
12513	0.217	1.519	1.523	ESTABLE
4219	0.243	1.909	1.851	ESTABLE
13158	0.239	1.77	1.606	INESTABLE
13094	0.231	1.712	1.62	ESTABLE
1368	0.256	1.871	1.926	ESTABLE
5653	0.211	1.452	1.448	ESTABLE
13037	0.23	1.69	1.616	ESTABLE
6685	0.23	1.64	1.672	ESTABLE
18676	0.214	1.608	1.55	ESTABLE
9433	0.222	1.602	1.519	ESTABLE
6977	0.232	1.756	1.75	ESTABLE
7213	0.25	1.912	1.928	ESTABLE
15329	0.22	1.636	1.635	ESTABLE
12520	0.199	1.49	1.428	ESTABLE
2158	0.218	1.553	1.47	ESTABLE
3430	0.242	1.704	1.726	ESTABLE
990	0.246	1.822	1.839	ESTABLE
1367	0.256	1.869	1.93	ESTABLE
6786	0.232	1.664	1.711	ESTABLE
7069	0.249	1.867	1.826	ESTABLE
15889	0.207	1.539	1.553	ESTABLE
8845	0.227	1.604	1.654	ESTABLE
15302	0.233	1.667	1.661	ESTABLE
19588	0.207	1.49	1.562	ESTABLE
8480	0.236	1.678	1.764	ESTABLE
1216	0.241	1.692	1.822	ESTABLE
8485	0.238	1.658	1.711	ESTABLE
14602	0.242	1.933	1.876	ESTABLE
11984	0.221	1.609	1.69	ESTABLE
19370	0.215	1.558	1.585	ESTABLE
12786	0.218	1.498	1.414	ESTABLE
15970	0.217	1.463	1.488	ESTABLE
12959	0.225	1.62	1.582	ESTABLE
2351	0.22	1.573	1.603	ESTABLE
10468	0.242	1.728	1.819	ESTABLE
11451	0.234	1.7	1.704	ESTABLE
1132	0.249	1.833	1.868	ESTABLE
5456	0.218	1.517	1.593	ESTABLE
4791	0.247	1.79	1.869	ESTABLE
5523	0.203	1.477	1.435	ESTABLE
13720	0.248	1.661	1.737	ESTABLE
2007	0.215	1.559	1.545	ESTABLE
14308	0.259	1.973	1.911	ESTABLE
1027	0.26	1.894	1.867	ESTABLE
14313	0.253	1.945	2.008	ESTABLE
1883	0.228	1.63	1.469	INESTABLE
16872	0.245	1.843	1.833	ESTABLE
15836	0.224	1.532	1.612	ESTABLE
9838	0.236	1.73	1.708	ESTABLE
4958	0.251	1.837	1.832	ESTABLE
19343	0.221	1.608	1.548	ESTABLE
5353	0.228	1.6	1.628	ESTABLE
19452	0.21	1.534	1.577	ESTABLE
627	0.248	1.89	1.87	ESTABLE
4143	0.263	1.874	1.851	ESTABLE
14704	0.255	1.847	1.836	ESTABLE
8586	0.232	1.635	1.77	ESTABLE
653	0.243	1.888	1.788	ESTABLE
2965	0.206	1.504	1.528	ESTABLE
19994	0.238	1.705	1.716	ESTABLE
3646	0.248	1.946	1.927	ESTABLE
13857	0.24	1.76	1.793	ESTABLE
5678	0.219	1.455	1.474	ESTABLE
18439	0.222	1.634	1.573	ESTABLE
15113	0.231	1.699	1.651	ESTABLE
19276	0.232	1.556	1.629	ESTABLE
17793	0.272	1.862	1.937	ESTABLE
2966	0.215	1.549	1.601	ESTABLE
1992	0.216	1.617	1.526	ESTABLE
7869	0.24	1.817	1.675	ESTABLE
16882	0.273	1.964	1.869	ESTABLE
19681	0.211	1.473	1.545	ESTABLE
9721	0.241	1.762	1.72	ESTABLE
1598	0.248	1.758	1.84	ESTABLE
19462	0.205	1.55	1.489	ESTABLE
18387	0.225	1.65	1.639	ESTABLE
3613	0.262	1.94	1.86	ESTABLE
11026	0.259	1.963	1.918	ESTABLE
4297	0.249	1.858	1.804	ESTABLE
11542	0.223	1.633	1.637	ESTABLE
16461	0.236	1.647	1.651	ESTABLE
16276	0.212	1.569	1.592	ESTABLE
12906	0.203	1.546	1.516	ESTABLE
17797	0.252	1.883	1.992	ESTABLE
10184	0.238	1.714	1.76	ESTABLE
13965	0.242	1.802	1.802	ESTABLE
13724	0.236	1.795	1.812	ESTABLE
8473	0.233	1.636	1.762	ESTABLE
15829	0.217	1.577	1.592	ESTABLE
13265	0.242	1.828	1.698	ESTABLE
6186	0.234	1.754	1.679	ESTABLE
16169	0.21	1.442	1.526	ESTABLE
1840	0.23	1.661	1.592	ESTABLE
7459	0.268	1.995	1.967	ESTABLE
19738	0.22	1.542	1.511	ESTABLE
8418	0.235	1.711	1.859	ESTABLE
19985	0.232	1.72	1.682	ESTABLE
14981	0.237	1.73	1.714	ESTABLE
10347	0.234	1.723	1.819	ESTABLE
10735	0.279	1.973	2.006	ESTABLE
19518	0.215	1.485	1.618	ESTABLE
10257	0.251	1.705	1.806	ESTABLE
1761	0.236	1.678	1.679	ESTABLE
2819	0.228	1.616	1.653	ESTABLE
5840	0.211	1.452	1.46	ESTABLE
4764	0.251	1.774	1.876	ESTABLE
4164	0.251	1.924	1.838	ESTABLE
19543	0.218	1.552	1.5	ESTABLE
6637	0.231	1.723	1.659	ESTABLE
2565	0.219	1.658	1.609	ESTABLE
7833	0.234	1.746	1.661	ESTABLE
12860	0.216	1.645	1.564	ESTABLE
6462	0.225	1.596	1.686	ESTABLE
11518	0.242	1.656	1.745	ESTABLE
4844	0.237	1.813	1.793	ESTABLE
16125	0.213	1.463	1.474	ESTABLE
11367	0.237	1.765	1.74	ESTABLE
366	0.268	1.991	1.956	ESTABLE
3018	0.219	1.518	1.678	INESTABLE
11997	0.23	1.618	1.754	ESTABLE
256	0.261	1.897	1.849	ESTABLE
14156	0.255	1.898	2.019	ESTABLE
16186	0.213	1.504	1.487	ESTABLE
12220	0.228	1.559	1.639	ESTABLE
16384	0.227	1.641	1.553	ESTABLE
10950	0.251	1.973	1.984	ESTABLE
3344	0.225	1.654	1.61	ESTABLE
14089	0.255	1.907	1.864	ESTABLE
17909	0.253	1.938	1.86	ESTABLE
4973	0.234	1.699	1.837	ESTABLE
8827	0.219	1.522	1.574	ESTABLE
9218	0.207	1.531	1.466	ESTABLE
1173	0.25	1.859	1.896	ESTABLE
12375	0.213	1.464	1.531	ESTABLE
12333	0.211	1.524	1.6	ESTABLE
8142	0.248	1.769	1.8	ESTABLE
12413	0.209	1.512	1.518	ESTABLE
3408	0.233	1.679	1.743	ESTABLE
10505	0.235	1.848	1.855	ESTABLE
3043	0.22	1.58	1.661	ESTABLE
15731	0.217	1.568	1.602	ESTABLE
10355	0.226	1.799	1.724	ESTABLE
1672	0.234	1.761	1.691	ESTABLE
9798	0.243	1.796	1.773	ESTABLE
6000	0.228	1.7	1.597	ESTABLE
12613	0.209	1.526	1.484	ESTABLE
19900	0.232	1.706	1.697	ESTABLE
6063	0.223	1.626	1.606	ESTABLE
4153	0.26	1.898	1.921	ESTABLE
635	0.243	1.896	1.836	ESTABLE
11901	0.238	1.64	1.679	ESTABLE
18089	0.268	1.897	1.951	ESTABLE
8882	0.217	1.517	1.594	ESTABLE
17326	0.248	1.799	1.858	ESTABLE
367	0.261	1.951	1.883	ESTABLE
5885	0.21	1.558	1.423	ESTABLE
4428	0.231	1.811	1.756	ESTABLE
15550	0.227	1.57	1.623	ESTABLE
10944	0.259	2.045	1.949	ESTABLE
7706	0.257	1.928	1.879	ESTABLE
10008	0.238	1.7	1.794	ESTABLE
2123	0.231	1.569	1.519	ESTABLE
5854	0.221	1.572	1.447	ESTABLE
12204	0.227	1.547	1.634	ESTABLE
19495	0.211	1.495	1.548	ESTABLE
19203	0.231	1.623	1.616	ESTABLE
15290	0.222	1.647	1.576	ESTABLE
11743	0.223	1.652	1.685	ESTABLE
7867	0.238	1.82	1.776	ESTABLE
12436	0.213	1.447	1.429	ESTABLE
3608	0.256	1.925	1.794	ESTABLE
10743	0.262	1.96	1.912	ESTABLE
14148	0.259	1.88	1.99	ESTABLE
1510	0.249	1.851	1.794	ESTABLE
316	0.253	1.914	1.808	ESTABLE
12139	0.235	1.615	1.716	ESTABLE
6442	0.23	1.703	1.787	ESTABLE
1907	0.218	1.666	1.639	ESTABLE
17215	0.251	1.748	1.79	ESTABLE
6508	0.238	1.628	1.703	ESTABLE
14278	0.265	1.924	1.953	ESTABLE
1204	0.247	1.823	1.888	ESTABLE
14914	0.222	1.666	1.716	ESTABLE
13959	0.255	1.815	1.845	ESTABLE
19717	0.22	1.547	1.528	ESTABLE
10214	0.225	1.642	1.767	ESTABLE
8786	0.224	1.653	1.591	ESTABLE
14059	0.253	1.811	1.85	ESTABLE
15879	0.219	1.501	1.582	ESTABLE
17679	0.253	1.862	1.887	ESTABLE
7433	0.268	2.038	1.98	ESTABLE
3609	0.246	1.91	1.821	ESTABLE
525	0.25	1.955	1.942	ESTABLE
14188	0.257	1.949	2.004	ESTABLE
14232	0.262	1.904	2.018	ESTABLE
18617	0.227	1.606	1.588	ESTABLE
8263	0.239	1.798	1.715	ESTABLE
13659	0.24	1.739	1.811	ESTABLE
16847	0.243	1.844	1.814	ESTABLE
17535	0.251	1.767	1.864	ESTABLE
3348	0.219	1.674	1.657	ESTABLE
14761	0.26	1.835	1.756	ESTABLE
4560	0.239	1.648	1.786	ESTABLE
5225	0.232	1.673	1.641	ESTABLE
18903	0.219	1.598	1.512	ESTABLE
13708	0.239	1.641	1.796	INESTABLE
9162	0.206	1.477	1.377	ESTABLE
6692	0.234	1.639	1.66	ESTABLE
73	0.243	1.851	1.794	ESTABLE
15579	0.224	1.584	1.704	ESTABLE
142	0.248	1.876	1.805	ESTABLE
3791	0.24	1.96	1.826	ESTABLE
6597	0.236	1.617	1.646	ESTABLE
17329	0.241	1.748	1.872	ESTABLE
19150	0.231	1.624	1.646	ESTABLE
17765	0.244	1.89	1.842	ESTABLE
5414	0.209	1.52	1.494	ESTABLE
16750	0.253	1.853	1.865	ESTABLE
19867	0.229	1.653	1.608	ESTABLE
13952	0.24	1.711	1.856	ESTABLE
102	0.248	1.83	1.857	ESTABLE
4981	0.249	1.787	1.851	ESTABLE
19251	0.237	1.563	1.659	ESTABLE
2053	0.214	1.552	1.435	ESTABLE
16079	0.202	1.434	1.467	ESTABLE
17331	0.25	1.809	1.902	ESTABLE
11560	0.229	1.592	1.612	ESTABLE
2247	0.209	1.543	1.493	ESTABLE
13212	0.248	1.835	1.775	ESTABLE
19632	0.221	1.503	1.535	ESTABLE
16774	0.24	1.877	1.777	ESTABLE
18257	0.238	1.786	1.715	ESTABLE
2766	0.228	1.618	1.684	ESTABLE
11827	0.219	1.678	1.688	ESTABLE
17718	0.247	1.859	1.938	ESTABLE
19492	0.201	1.432	1.516	ESTABLE
701	0.245	1.858	1.873	ESTABLE
16178	0.201	1.471	1.528	ESTABLE
14680	0.241	1.832	1.797	ESTABLE
18566	0.224	1.533	1.571	ESTABLE
125	0.248	1.88	1.853	ESTABLE
19712	0.221	1.588	1.543	ESTABLE
11591	0.227	1.628	1.69	ESTABLE
12627	0.192	1.429	1.417	ESTABLE
12926	0.216	1.551	1.582	ESTABLE
1332	0.258	1.882	1.935	ESTABLE
10374	0.232	1.728	1.8	ESTABLE
4251	0.243	1.776	1.785	ESTABLE
11332	0.224	1.741	1.639	ESTABLE
6507	0.223	1.606	1.693	ESTABLE
4691	0.241	1.747	1.831	ESTABLE
3473	0.237	1.77	1.723	ESTABLE
3798	0.256	2.029	1.878	INESTABLE
10712	0.253	1.941	1.971	ESTABLE
11683	0.24	1.753	1.768	ESTABLE
10405	0.242	1.807	1.801	ESTABLE
19812	0.23	1.593	1.586	ESTABLE
3180	0.229	1.588	1.62	ESTABLE
13189	0.234	1.748	1.793	ESTABLE
6992	0.254	1.843	1.836	ESTABLE
13714	0.24	1.7	1.813	ESTABLE
6025	0.203	1.563	1.518	ESTABLE
5974	0.222	1.684	1.518	INESTABLE
17976	0.257	1.878	1.866	ESTABLE
6411	0.222	1.62	1.665	ESTABLE
17021	0.254	1.882	1.864	ESTABLE
11125	0.249	1.925	1.869	ESTABLE
12946	0.212	1.595	1.589	ESTABLE
225	0.246	1.898	1.785	ESTABLE
1774	0.238	1.702	1.686	ESTABLE
19583	0.206	1.507	1.541	ESTABLE
11655	0.219	1.677	1.623	ESTABLE
2755	0.218	1.611	1.603	ESTABLE
8023	0.232	1.704	1.773	ESTABLE
15656	0.228	1.618	1.645	ESTABLE
2850	0.221	1.597	1.619	ESTABLE
8118	0.239	1.692	1.754	ESTABLE
7846	0.257	1.832	1.841	ESTABLE
2500	0.209	1.544	1.555	ESTABLE
15615	0.218	1.457	1.589	ESTABLE
429	0.246	1.874	1.778	ESTABLE
13783	0.236	1.681	1.747	ESTABLE
15909	0.22	1.527	1.525	ESTABLE
16643	0.242	1.752	1.692	ESTABLE
1511	0.255	1.899	1.924	ESTABLE
8319	0.233	1.737	1.753	ESTABLE
16758	0.246	1.883	1.716	INESTABLE
14026	0.259	1.907	1.89	ESTABLE
364	0.26	1.923	1.963	ESTABLE
3638	0.26	1.942	1.934	ESTABLE
3152	0.218	1.603	1.63	ESTABLE
3135	0.223	1.564	1.618	ESTABLE
155	0.246	1.876	1.7	INESTABLE
11478	0.233	1.694	1.646	ESTABLE
3146	0.22	1.525	1.656	ESTABLE
15983	0.216	1.491	1.573	ESTABLE
11805	0.24	1.683	1.701	ESTABLE
490	0.259	1.932	1.947	ESTABLE
14668	0.242	1.84	1.747	ESTABLE
2461	0.217	1.562	1.567	ESTABLE
3148	0.211	1.52	1.634	ESTABLE
4819	0.237	1.8	1.787	ESTABLE
7270	0.262	2.009	1.935	ESTABLE
2215	0.21	1.528	1.484	ESTABLE
7324	0.261	1.994	1.969	ESTABLE
11454	0.239	1.695	1.672	ESTABLE
10527	0.242	1.846	1.902	ESTABLE
936	0.253	1.859	1.817	ESTABLE
9666	0.24	1.686	1.681	ESTABLE
17877	0.257	1.904	1.929	ESTABLE
19524	0.218	1.521	1.512	ESTABLE
5721	0.203	1.494	1.395	ESTABLE
18733	0.214	1.568	1.577	ESTABLE
19388	0.215	1.59	1.568	ESTABLE
18260	0.238	1.8	1.779	ESTABLE
5939	0.223	1.582	1.593	ESTABLE
8664	0.23	1.644	1.663	ESTABLE
7467	0.262	1.991	1.936	ESTABLE
18269	0.234	1.664	1.715	ESTABLE
8389	0.24	1.694	1.794	ESTABLE
6078	0.223	1.641	1.595	ESTABLE
6716	0.226	1.604	1.716	ESTABLE
11204	0.24	1.857	1.797	ESTABLE
13104	0.237	1.733	1.649	ESTABLE
1124	0.252	1.807	1.894	ESTABLE
7980	0.234	1.746	1.761	ESTABLE
16022	0.225	1.568	1.569	ESTABLE
9801	0.244	1.744	1.819	ESTABLE
9986	0.233	1.659	1.738	ESTABLE
19968	0.237	1.683	1.691	ESTABLE
11386	0.228	1.783	1.647	ESTABLE
10531	0.262	1.851	1.883	ESTABLE
10587	0.257	1.901	1.905	ESTABLE
443	0.267	1.986	1.915	ESTABLE
19979	0.239	1.731	1.718	ESTABLE
4125	0.249	1.958	1.838	ESTABLE
4436	0.235	1.735	1.757	ESTABLE
8645	0.233	1.656	1.746	ESTABLE
2613	0.22	1.58	1.598	ESTABLE
2192	0.209	1.495	1.461	ESTABLE
11392	0.228	1.785	1.728	ESTABLE
6218	0.232	1.583	1.64	ESTABLE
13838	0.253	1.724	1.789	ESTABLE
8793	0.216	1.565	1.56	ESTABLE
12430	0.211	1.444	1.464	ESTABLE
9531	0.232	1.651	1.633	ESTABLE
2480	0.222	1.568	1.527	ESTABLE
18333	0.23	1.749	1.602	ESTABLE
8551	0.222	1.627	1.706	ESTABLE
6857	0.239	1.714	1.826	ESTABLE
14709	0.255	1.903	1.815	ESTABLE
11049	0.245	1.927	1.916	ESTABLE
19764	0.218	1.514	1.585	ESTABLE
4055	0.232	1.846	1.778	ESTABLE
7097	0.241	1.853	1.831	ESTABLE
7511	0.258	1.987	1.962	ESTABLE
10693	0.253	1.969	1.993	ESTABLE
9861	0.239	1.785	1.76	ESTABLE
630	0.248	1.835	1.778	ESTABLE
5379	0.214	1.531	1.534	ESTABLE
7125	0.233	1.839	1.818	ESTABLE
16874	0.25	1.854	1.73	ESTABLE
3922	0.27	2.106	1.937	INESTABLE
13665	0.242	1.751	1.719	ESTABLE
7408	0.253	1.874	1.972	ESTABLE
12280	0.224	1.609	1.666	ESTABLE
8561	0.239	1.742	1.793	ESTABLE
2001	0.213	1.561	1.48	ESTABLE
15194	0.228	1.624	1.649	ESTABLE
12273	0.228	1.568	1.62	ESTABLE
19692	0.212	1.522	1.573	ESTABLE
2574	0.244	1.702	1.722	ESTABLE
16516	0.23	1.735	1.661	ESTABLE
13711	0.241	1.765	1.839	ESTABLE
13308	0.247	1.847	1.749	ESTABLE
8414	0.243	1.738	1.788	ESTABLE
16280	0.203	1.575	1.525	ESTABLE
6335	0.228	1.638	1.656	ESTABLE
9692	0.237	1.682	1.659	ESTABLE
466	0.248	1.888	1.834	ESTABLE
2048	0.218	1.563	1.474	ESTABLE
18127	0.259	1.856	1.852	ESTABLE
19068	0.216	1.604	1.591	ESTABLE
376	0.256	1.98	1.926	ESTABLE
13698	0.235	1.76	1.895	ESTABLE
4393	0.234	1.759	1.836	ESTABLE
11424	0.236	1.692	1.691	ESTABLE
6124	0.24	1.654	1.675	ESTABLE
3384	0.245	1.769	1.724	ESTABLE
11225	0.245	1.857	1.814	ESTABLE
15380	0.225	1.565	1.661	ESTABLE
16249	0.216	1.609	1.589	ESTABLE
15831	0.212	1.505	1.585	ESTABLE
13975	0.25	1.808	1.883	ESTABLE
8442	0.247	1.765	1.791	ESTABLE
475	0.267	1.896	1.895	ESTABLE
3577	0.247	1.872	1.729	ESTABLE
2811	0.231	1.607	1.698	ESTABLE
9141	0.209	1.435	1.449	ESTABLE
7692	0.241	1.874	1.777	ESTABLE
14460	0.27	2.021	1.927	ESTABLE
9248	0.214	1.398	1.408	ESTABLE
6362	0.238	1.736	1.715	ESTABLE
9825	0.236	1.701	1.707	ESTABLE
947	0.248	1.854	1.84	ESTABLE
13518	0.228	1.67	1.715	ESTABLE
14658	0.247	1.906	1.815	ESTABLE
3497	0.23	1.762	1.775	ESTABLE
16709	0.255	1.862	1.794	ESTABLE
3521	0.249	1.745	1.707	ESTABLE
8164	0.243	1.711	1.769	ESTABLE
16846	0.258	1.872	1.827	ESTABLE
19959	0.242	1.7	1.626	ESTABLE
13241	0.234	1.75	1.706	ESTABLE
17921	0.249	1.891	1.955	ESTABLE
3950	0.253	1.944	1.774	INESTABLE
4527	0.236	1.76	1.75	ESTABLE
149	0.245	1.851	1.719	ESTABLE
9399	0.219	1.578	1.548	ESTABLE
10880	0.27	2.019	1.989	ESTABLE
5587	0.203	1.495	1.515	ESTABLE
9795	0.231	1.683	1.715	ESTABLE
17952	0.261	1.984	1.919	ESTABLE
17831	0.261	1.949	1.912	ESTABLE
18926	0.218	1.678	1.596	ESTABLE
18944	0.229	1.619	1.628	ESTABLE
11222	0.228	1.794	1.74	ESTABLE
12628	0.211	1.443	1.481	ESTABLE
16529	0.229	1.709	1.672	ESTABLE
13630	0.238	1.718	1.802	ESTABLE
19522	0.219	1.522	1.567	ESTABLE
7022	0.25	1.783	1.856	ESTABLE
9538	0.235	1.706	1.612	ESTABLE
14132	0.252	1.82	1.914	ESTABLE
1846	0.221	1.653	1.566	ESTABLE
4159	0.26	1.913	1.84	ESTABLE
8358	0.245	1.773	1.847	ESTABLE
15930	0.22	1.514	1.588	ESTABLE
13283	0.237	1.826	1.758	ESTABLE
342	0.257	2.006	1.875	ESTABLE
10530	0.261	1.832	1.915	ESTABLE
16922	0.256	1.828	1.84	ESTABLE
19563	0.208	1.483	1.571	ESTABLE
3923	0.277	1.96	1.958	ESTABLE
7379	0.265	2.128	2.013	ESTABLE
661	0.249	1.927	1.885	ESTABLE
5018	0.238	1.73	1.794	ESTABLE
6636	0.22	1.596	1.612	ESTABLE
18456	0.226	1.632	1.58	ESTABLE
12255	0.204	1.533	1.567	ESTABLE
580	0.25	1.859	1.886	ESTABLE
2834	0.219	1.634	1.642	ESTABLE
13090	0.235	1.672	1.624	ESTABLE
9203	0.223	1.54	1.445	ESTABLE
11596	0.225	1.693	1.617	ESTABLE
4998	0.245	1.791	1.878	ESTABLE
9582	0.233	1.642	1.655	ESTABLE
18217	0.246	1.801	1.792	ESTABLE
17471	0.245	1.845	1.79	ESTABLE
14940	0.226	1.681	1.67	ESTABLE
12838	0.21	1.531	1.488	ESTABLE
6882	0.235	1.698	1.758	ESTABLE
13399	0.239	1.769	1.784	ESTABLE
13441	0.236	1.806	1.749	ESTABLE
19788	0.218	1.551	1.571	ESTABLE
16321	0.209	1.554	1.539	ESTABLE
16920	0.25	1.892	1.877	ESTABLE
12504	0.219	1.49	1.498	ESTABLE
11041	0.249	1.936	1.851	ESTABLE
16539	0.224	1.673	1.705	ESTABLE
19066	0.212	1.535	1.546	ESTABLE
8369	0.229	1.688	1.746	ESTABLE
8886	0.222	1.53	1.541	ESTABLE
16369	0.224	1.603	1.54	ESTABLE
2770	0.215	1.582	1.606	ESTABLE
17112	0.257	1.804	1.792	ESTABLE
19624	0.213	1.502	1.604	ESTABLE
5352	0.219	1.554	1.592	ESTABLE
18188	0.248	1.822	1.839	ESTABLE
13001	0.234	1.651	1.621	ESTABLE
4775	0.247	1.799	1.797	ESTABLE
11933	0.242	1.713	1.747	ESTABLE
5715	0.214	1.498	1.466	ESTABLE
16680	0.246	1.75	1.729	ESTABLE
465	0.266	1.959	1.884	ESTABLE
16934	0.239	1.893	1.782	ESTABLE
12454	0.222	1.482	1.558	ESTABLE
13903	0.248	1.849	1.915	ESTABLE
9686	0.234	1.777	1.676	ESTABLE
10400	0.251	1.725	1.778	ESTABLE
4242	0.248	1.838	1.796	ESTABLE
19520	0.214	1.547	1.531	ESTABLE
11755	0.238	1.661	1.71	ESTABLE
4378	0.246	1.799	1.836	ESTABLE
7263	0.261	1.963	1.971	ESTABLE
6952	0.235	1.687	1.767	ESTABLE
1294	0.262	1.939	2.009	ESTABLE
8930	0.214	1.56	1.521	ESTABLE
13989	0.26	1.839	1.891	ESTABLE
11684	0.222	1.635	1.68	ESTABLE
12941	0.227	1.736	1.614	ESTABLE
10916	0.256	1.981	1.93	ESTABLE
7632	0.247	1.933	1.862	ESTABLE
17832	0.252	1.895	1.937	ESTABLE
185	0.257	1.91	1.829	ESTABLE
2711	0.222	1.616	1.655	ESTABLE
4429	0.25	1.783	1.792	ESTABLE
18500	0.223	1.69	1.58	ESTABLE
422	0.246	1.846	1.791	ESTABLE
16487	0.24	1.785	1.734	ESTABLE
18424	0.232	1.613	1.654	ESTABLE
17604	0.26	1.918	1.945	ESTABLE
10835	0.267	1.957	1.931	ESTABLE
7816	0.248	1.832	1.799	ESTABLE
13209	0.244	1.794	1.736	ESTABLE
14699	0.259	1.875	1.885	ESTABLE
8436	0.241	1.737	1.779	ESTABLE
4663	0.243	1.742	1.782	ESTABLE
8677	0.22	1.678	1.708	ESTABLE
8841	0.217	1.53	1.553	ESTABLE
9204	0.203	1.555	1.457	ESTABLE
10474	0.24	1.758	1.78	ESTABLE
3596	0.243	1.827	1.852	ESTABLE
15569	0.234	1.682	1.738	ESTABLE
1130	0.243	1.77	1.902	ESTABLE
4577	0.237	1.735	1.778	ESTABLE
5067	0.241	1.697	1.71	ESTABLE
16870	0.24	1.82	1.769	ESTABLE
9881	0.237	1.731	1.707	ESTABLE
9981	0.24	1.818	1.84	ESTABLE
6616	0.233	1.608	1.692	ESTABLE
9567	0.221	1.649	1.615	ESTABLE
16047	0.212	1.46	1.5	ESTABLE
1558	0.239	1.814	1.839	ESTABLE
4065	0.257	1.986	1.932	ESTABLE
8422	0.24	1.741	1.764	ESTABLE
5262	0.24	1.679	1.667	ESTABLE
12240	0.224	1.629	1.578	ESTABLE
5980	0.218	1.619	1.597	ESTABLE
5590	0.214	1.51	1.383	ESTABLE
1519	0.25	1.875	1.852	ESTABLE
19208	0.214	1.61	1.599	ESTABLE
11988	0.237	1.688	1.708	ESTABLE
10142	0.227	1.679	1.769	ESTABLE
14421	0.264	2.008	1.941	ESTABLE
17654	0.247	1.92	1.904	ESTABLE
13727	0.235	1.767	1.806	ESTABLE
12790	0.212	1.547	1.504	ESTABLE
43	0.248	1.819	1.797	ESTABLE
6681	0.229	1.649	1.717	ESTABLE
13143	0.234	1.729	1.729	ESTABLE
6958	0.247	1.709	1.835	ESTABLE
789	0.246	1.797	1.893	ESTABLE
9982	0.235	1.701	1.762	ESTABLE
11425	0.234	1.768	1.713	ESTABLE
199	0.257	1.915	1.829	ESTABLE
17137	0.255	1.809	1.853	ESTABLE
6759	0.236	1.689	1.676	ESTABLE
1576	0.248	1.833	1.861	ESTABLE
15614	0.226	1.604	1.653	ESTABLE
11577	0.222	1.681	1.692	ESTABLE
1328	0.254	1.873	1.881	ESTABLE
6080	0.224	1.593	1.547	ESTABLE
1649	0.248	1.763	1.783	ESTABLE
1848	0.232	1.627	1.554	ESTABLE
2344	0.219	1.558	1.576	ESTABLE
13668	0.249	1.737	1.79	ESTABLE
3585	0.248	1.844	1.812	ESTABLE
11221	0.244	1.844	1.773	ESTABLE
2069	0.213	1.573	1.479	ESTABLE
1604	0.252	1.813	1.721	ESTABLE
7334	0.268	2.007	2.011	ESTABLE
7200	0.257	1.893	1.898	ESTABLE
4701	0.246	1.78	1.832	ESTABLE
14329	0.264	1.962	2.016	ESTABLE
13688	0.248	1.786	1.767	ESTABLE
9268	0.226	1.544	1.474	ESTABLE
3683	0.249	1.943	1.861	ESTABLE
12194	0.232	1.661	1.685	ESTABLE
7338	0.268	1.989	1.958	ESTABLE
11588	0.229	1.748	1.712	ESTABLE
14638	0.24	1.855	1.768	ESTABLE
18289	0.242	1.757	1.694	ESTABLE
14628	0.249	1.847	1.911	ESTABLE
16887	0.259	1.877	1.892	ESTABLE
10720	0.255	1.959	1.889	ESTABLE
16357	0.228	1.685	1.591	ESTABLE
13835	0.243	1.769	1.751	ESTABLE
14740	0.238	1.783	1.75	ESTABLE
16037	0.214	1.562	1.528	ESTABLE
8049	0.24	1.717	1.753	ESTABLE
9724	0.235	1.786	1.649	ESTABLE
14395	0.258	2.011	1.892	ESTABLE
5013	0.233	1.725	1.788	ESTABLE
10089	0.236	1.681	1.722	ESTABLE
16396	0.218	1.571	1.603	ESTABLE
8506	0.24	1.725	1.775	ESTABLE
17985	0.259	1.901	1.94	ESTABLE
3147	0.235	1.586	1.66	ESTABLE
19155	0.226	1.626	1.573	ESTABLE
1426	0.25	1.808	1.9	ESTABLE
864	0.255	1.927	1.917	ESTABLE
15108	0.219	1.61	1.582	ESTABLE
6002	0.216	1.643	1.56	ESTABLE
13348	0.245	1.893	1.835	ESTABLE
1897	0.223	1.587	1.521	ESTABLE
18467	0.22	1.582	1.544	ESTABLE
8635	0.238	1.653	1.838	INESTABLE
8719	0.235	1.664	1.715	ESTABLE
14749	0.237	1.782	1.754	ESTABLE
7748	0.252	1.815	1.759	ESTABLE
19421	0.232	1.531	1.592	ESTABLE
16330	0.21	1.519	1.529	ESTABLE
16205	0.205	1.519	1.53	ESTABLE
16098	0.205	1.493	1.46	ESTABLE
1304	0.248	1.844	1.913	ESTABLE
19340	0.218	1.513	1.588	ESTABLE
7394	0.264	1.917	1.908	ESTABLE
13073	0.22	1.661	1.642	ESTABLE
554	0.258	1.852	1.895	ESTABLE
10518	0.262	1.852	1.857	ESTABLE
19006	0.213	1.615	1.591	ESTABLE
12007	0.238	1.689	1.82	ESTABLE
7715	0.253	1.893	1.804	ESTABLE
4758	0.253	1.837	1.809	ESTABLE
16509	0.24	1.764	1.675	ESTABLE
15478	0.225	1.597	1.674	ESTABLE
18084	0.246	1.866	1.793	ESTABLE
11499	0.222	1.684	1.608	ESTABLE
2124	0.21	1.544	1.46	ESTABLE
4305	0.243	1.808	1.79	ESTABLE
15591	0.221	1.635	1.708	ESTABLE
6353	0.24	1.671	1.788	ESTABLE
18790	0.226	1.657	1.618	ESTABLE
14988	0.234	1.707	1.632	ESTABLE
10612	0.252	1.89	1.864	ESTABLE
13425	0.245	1.769	1.791	ESTABLE
5399	0.212	1.503	1.515	ESTABLE
4964	0.244	1.789	1.907	ESTABLE
3865	0.261	2.016	1.941	ESTABLE
3085	0.224	1.533	1.607	ESTABLE
6591	0.227	1.567	1.696	ESTABLE
12532	0.212	1.497	1.537	ESTABLE
11202	0.241	1.977	1.808	INESTABLE
3228	0.226	1.626	1.618	ESTABLE
2482	0.22	1.648	1.581	ESTABLE
13286	0.238	1.804	1.808	ESTABLE
9620	0.234	1.609	1.637	ESTABLE
12801	0.221	1.575	1.509	ESTABLE
7858	0.244	1.833	1.79	ESTABLE
1148	0.235	1.75	1.828	ESTABLE
13594	0.236	1.814	1.753	ESTABLE
5859	0.227	1.659	1.569	ESTABLE
14887	0.238	1.677	1.625	ESTABLE
2780	0.223	1.61	1.656	ESTABLE
4614	0.247	1.76	1.843	ESTABLE
12462	0.209	1.532	1.57	ESTABLE
6511	0.225	1.67	1.609	ESTABLE
2883	0.23	1.599	1.578	ESTABLE
12531	0.205	1.503	1.44	ESTABLE
5374	0.223	1.621	1.592	ESTABLE
8252	0.23	1.692	1.748	ESTABLE
515	0.258	1.924	1.939	ESTABLE
4203	0.257	1.912	1.893	ESTABLE
3200	0.227	1.557	1.684	ESTABLE
13808	0.239	1.649	1.831	INESTABLE
19566	0.216	1.467	1.545	ESTABLE
16202	0.206	1.511	1.495	ESTABLE
1727	0.238	1.727	1.699	ESTABLE
17277	0.247	1.845	1.803	ESTABLE
18150	0.252	1.87	1.788	ESTABLE
9556	0.232	1.716	1.568	ESTABLE
15917	0.214	1.465	1.502	ESTABLE
12270	0.203	1.543	1.558	ESTABLE
2269	0.221	1.519	1.475	ESTABLE
3755	0.265	2.033	1.933	ESTABLE
5924	0.22	1.653	1.569	ESTABLE
3834	0.266	1.922	1.93	ESTABLE
1142	0.237	1.753	1.871	ESTABLE
12144	0.217	1.579	1.636	ESTABLE
7917	0.25	1.779	1.787	ESTABLE
3642	0.253	1.858	1.828	ESTABLE
5079	0.247	1.765	1.761	ESTABLE
5384	0.217	1.589	1.546	ESTABLE
8897	0.206	1.491	1.549	ESTABLE
9967	0.243	1.718	1.78	ESTABLE
280	0.242	1.834	1.788	ESTABLE
2481	0.223	1.651	1.615	ESTABLE
4756	0.25	1.836	1.907	ESTABLE
91	0.233	1.791	1.739	ESTABLE
14827	0.236	1.734	1.733	ESTABLE
19414	0.224	1.513	1.594	ESTABLE
12515	0.196	1.423	1.408	ESTABLE
16094	0.212	1.436	1.436	ESTABLE
17476	0.25	1.839	1.894	ESTABLE
10647	0.251	1.871	1.942	ESTABLE
19018	0.22	1.567	1.654	ESTABLE
3481	0.24	1.816	1.792	ESTABLE
18987	0.233	1.632	1.639	ESTABLE
7615	0.255	1.945	1.861	ESTABLE
16979	0.24	1.86	1.792	ESTABLE
11377	0.247	1.762	1.777	ESTABLE
8498	0.235	1.716	1.816	ESTABLE
3205	0.224	1.639	1.639	ESTABLE
19674	0.222	1.539	1.588	ESTABLE
7633	0.258	1.966	1.855	ESTABLE
3010	0.227	1.584	1.622	ESTABLE
4039	0.249	1.945	1.955	ESTABLE
13455	0.239	1.711	1.732	ESTABLE
17232	0.247	1.811	1.858	ESTABLE
19537	0.209	1.509	1.484	ESTABLE
2372	0.22	1.53	1.531	ESTABLE
2376	0.213	1.551	1.59	ESTABLE
3936	0.252	1.982	1.931	ESTABLE
10873	0.277	2.039	1.994	ESTABLE
9119	0.199	1.472	1.352	ESTABLE
17966	0.241	1.928	1.835	ESTABLE
5732	0.208	1.483	1.501	ESTABLE
10298	0.236	1.658	1.797	ESTABLE
17059	0.258	1.84	1.78	ESTABLE
17389	0.254	1.829	1.913	ESTABLE
14863	0.22	1.717	1.632	ESTABLE
13910	0.253	1.838	1.875	ESTABLE
17949	0.241	1.889	1.836	ESTABLE
6855	0.232	1.63	1.709	ESTABLE
1514	0.241	1.845	1.903	ESTABLE
178	0.244	1.831	1.728	ESTABLE
5212	0.237	1.69	1.773	ESTABLE
19878	0.216	1.538	1.581	ESTABLE
18053	0.243	1.887	1.841	ESTABLE
1010	0.254	1.803	1.843	ESTABLE
18998	0.219	1.604	1.623	ESTABLE
17809	0.255	1.838	1.987	ESTABLE
3598	0.245	1.885	1.856	ESTABLE
11565	0.227	1.704	1.607	ESTABLE
7147	0.254	1.94	1.849	ESTABLE
2133	0.209	1.488	1.465	ESTABLE
11294	0.236	1.766	1.752	ESTABLE
17759	0.255	1.919	1.886	ESTABLE
14149	0.257	1.909	1.903	ESTABLE
11585	0.242	1.753	1.734	ESTABLE
6971	0.253	1.868	1.834	ESTABLE
11224	0.236	1.822	1.763	ESTABLE
998	0.238	1.783	1.896	ESTABLE
456	0.265	2.004	1.961	ESTABLE
16576	0.239	1.764	1.746	ESTABLE
13922	0.233	1.737	1.864	ESTABLE
9207	0.208	1.506	1.448	ESTABLE
14331	0.261	2.039	1.896	ESTABLE
3881	0.258	1.971	1.826	ESTABLE
849	0.243	1.813	1.821	ESTABLE
1674	0.227	1.711	1.756	ESTABLE
15188	0.235	1.647	1.624	ESTABLE
794	0.252	1.83	1.836	ESTABLE
4259	0.251	1.871	1.887	ESTABLE
13941	0.244	1.767	1.766	ESTABLE
18560	0.237	1.618	1.588	ESTABLE
13366	0.242	1.76	1.801	ESTABLE
1	0.224	1.719	1.672	ESTABLE
17988	0.26	1.917	1.956	ESTABLE
17807	0.259	1.914	1.911	ESTABLE
15395	0.221	1.633	1.614	ESTABLE
14361	0.255	1.889	1.945	ESTABLE
5110	0.227	1.719	1.736	ESTABLE
3973	0.257	1.987	1.919	ESTABLE
6600	0.233	1.626	1.699	ESTABLE
53	0.241	1.775	1.784	ESTABLE
15348	0.221	1.599	1.63	ESTABLE
2547	0.219	1.617	1.629	ESTABLE
19188	0.236	1.693	1.623	ESTABLE
2465	0.22	1.557	1.551	ESTABLE
1268	0.252	1.826	1.858	ESTABLE
14209	0.247	1.885	1.875	ESTABLE
16255	0.219	1.544	1.53	ESTABLE
1832	0.228	1.635	1.614	ESTABLE
18954	0.221	1.545	1.612	ESTABLE
10390	0.263	1.845	1.825	ESTABLE
6640	0.225	1.589	1.683	ESTABLE
4605	0.238	1.826	1.878	ESTABLE
8374	0.238	1.773	1.789	ESTABLE
18128	0.259	1.901	1.849	ESTABLE
19226	0.213	1.621	1.625	ESTABLE
5748	0.214	1.521	1.4	ESTABLE
435	0.255	1.986	1.93	ESTABLE
5874	0.214	1.515	1.503	ESTABLE
9804	0.232	1.673	1.734	ESTABLE
4185	0.243	1.821	1.806	ESTABLE
5525	0.201	1.487	1.484	ESTABLE
4790	0.241	1.685	1.813	ESTABLE
14905	0.233	1.714	1.593	ESTABLE
16710	0.243	1.845	1.731	ESTABLE
499	0.26	1.86	1.836	ESTABLE
14662	0.243	1.823	1.643	INESTABLE
15752	0.219	1.565	1.621	ESTABLE
3945	0.259	1.977	1.923	ESTABLE
17273	0.265	1.908	1.898	ESTABLE
2381	0.225	1.635	1.62	ESTABLE
19311	0.217	1.502	1.605	ESTABLE
4869	0.253	1.791	1.849	ESTABLE
2732	0.22	1.631	1.666	ESTABLE
877	0.249	1.803	1.824	ESTABLE
19267	0.222	1.545	1.617	ESTABLE
10692	0.264	1.967	2.001	ESTABLE
11086	0.246	1.99	1.925	ESTABLE
8709	0.241	1.655	1.737	ESTABLE
13713	0.241	1.753	1.731	ESTABLE
8257	0.238	1.687	1.784	ESTABLE
7404	0.258	1.984	1.954	ESTABLE
9332	0.212	1.509	1.5	ESTABLE
7266	0.264	1.989	1.891	ESTABLE
11180	0.247	1.934	1.87	ESTABLE
49	0.229	1.737	1.692	ESTABLE
5490	0.217	1.553	1.452	ESTABLE
3301	0.227	1.583	1.617	ESTABLE
11967	0.233	1.586	1.644	ESTABLE
3217	0.208	1.533	1.569	ESTABLE
10392	0.232	1.674	1.72	ESTABLE
14884	0.236	1.73	1.683	ESTABLE
16886	0.255	1.889	1.881	ESTABLE
18029	0.258	1.871	1.896	ESTABLE
4451	0.237	1.752	1.818	ESTABLE
5087	0.237	1.781	1.78	ESTABLE
1043	0.263	1.875	1.94	ESTABLE
8747	0.23	1.569	1.67	ESTABLE
4196	0.256	1.871	1.809	ESTABLE
15350	0.229	1.619	1.656	ESTABLE
1988	0.214	1.538	1.429	ESTABLE
6445	0.245	1.607	1.73	ESTABLE
2478	0.221	1.623	1.577	ESTABLE
5040	0.248	1.789	1.8	ESTABLE
1152	0.249	1.808	1.83	ESTABLE
14823	0.225	1.758	1.726	ESTABLE
12130	0.219	1.585	1.619	ESTABLE
3449	0.237	1.781	1.794	ESTABLE
6282	0.217	1.628	1.649	ESTABLE
18313	0.233	1.695	1.708	ESTABLE
9111	0.194	1.471	1.412	ESTABLE
227	0.249	1.878	1.791	ESTABLE
3779	0.258	1.927	1.899	ESTABLE
10456	0.246	1.833	1.863	ESTABLE
9808	0.236	1.683	1.776	ESTABLE
3822	0.256	1.938	1.876	ESTABLE
3504	0.232	1.822	1.768	ESTABLE
15848	0.22	1.573	1.624	ESTABLE
3837	0.252	1.946	1.801	ESTABLE
11995	0.22	1.669	1.682	ESTABLE
5838	0.209	1.636	1.416	INESTABLE
5613	0.208	1.435	1.408	ESTABLE
17034	0.25	1.848	1.845	ESTABLE
2567	0.223	1.605	1.581	ESTABLE
5687	0.207	1.495	1.419	ESTABLE
3621	0.251	1.804	1.816	ESTABLE
4314	0.234	1.853	1.765	ESTABLE
9720	0.234	1.73	1.672	ESTABLE
787	0.269	1.919	1.929	ESTABLE
15558	0.232	1.641	1.675	ESTABLE
6410	0.23	1.655	1.675	ESTABLE
9104	0.21	1.413	1.467	ESTABLE
1503	0.253	1.864	1.89	ESTABLE
16717	0.233	1.818	1.776	ESTABLE
3778	0.25	1.958	1.92	ESTABLE
19716	0.228	1.559	1.5	ESTABLE
9427	0.219	1.592	1.588	ESTABLE
13250	0.229	1.773	1.702	ESTABLE
12392	0.227	1.463	1.519	ESTABLE
19638	0.208	1.49	1.556	ESTABLE
16768	0.248	1.91	1.79	ESTABLE
11325	0.245	1.815	1.706	ESTABLE
18184	0.236	1.878	1.767	ESTABLE
3411	0.237	1.768	1.656	ESTABLE
13213	0.232	1.736	1.734	ESTABLE
19011	0.219	1.618	1.656	ESTABLE
15734	0.217	1.533	1.585	ESTABLE
13696	0.238	1.752	1.757	ESTABLE
13508	0.245	1.746	1.766	ESTABLE
10485	0.256	1.882	1.939	ESTABLE
4737	0.245	1.846	1.84	ESTABLE
6590	0.233	1.74	1.771	ESTABLE
12096	0.234	1.683	1.673	ESTABLE
5562	0.214	1.557	1.52	ESTABLE
17783	0.261	1.932	1.924	ESTABLE
4620	0.235	1.737	1.806	ESTABLE
1420	0.248	1.853	1.948	ESTABLE
13184	0.235	1.843	1.759	ESTABLE
4891	0.248	1.837	1.877	ESTABLE
17176	0.244	1.817	1.832	ESTABLE
17956	0.265	1.917	1.961	ESTABLE
16513	0.23	1.738	1.746	ESTABLE
3270	0.227	1.553	1.621	ESTABLE
19746	0.222	1.619	1.594	ESTABLE
13995	0.256	1.792	1.849	ESTABLE
13042	0.234	1.688	1.649	ESTABLE
12396	0.211	1.478	1.492	ESTABLE
11227	0.25	1.867	1.826	ESTABLE
2038	0.219	1.557	1.539	ESTABLE
7782	0.243	1.837	1.775	ESTABLE
7957	0.245	1.861	1.767	ESTABLE
264	0.249	1.878	1.858	ESTABLE
7062	0.247	1.89	1.778	ESTABLE
12911	0.218	1.609	1.534	ESTABLE
662	0.243	1.888	1.786	ESTABLE
4795	0.236	1.761	1.86	ESTABLE
14442	0.249	2.012	1.893	ESTABLE
1612	0.244	1.863	1.765	ESTABLE
14490	0.272	2.043	1.966	ESTABLE
8984	0.212	1.446	1.491	ESTABLE
18352	0.237	1.757	1.691	ESTABLE
9412	0.211	1.62	1.485	ESTABLE
705	0.246	1.801	1.864	ESTABLE
12228	0.218	1.516	1.595	ESTABLE
10171	0.247	1.736	1.719	ESTABLE
19781	0.23	1.523	1.604	ESTABLE
16810	0.252	1.841	1.812	ESTABLE
4113	0.244	1.83	1.823	ESTABLE
12506	0.21	1.525	1.483	ESTABLE
7664	0.245	1.925	1.86	ESTABLE
2869	0.218	1.559	1.573	ESTABLE
16667	0.242	1.832	1.748	ESTABLE
2060	0.217	1.539	1.49	ESTABLE
6990	0.238	1.755	1.795	ESTABLE
6	0.238	1.755	1.724	ESTABLE
19408	0.215	1.562	1.562	ESTABLE
7313	0.265	1.975	1.896	ESTABLE
3526	0.24	1.802	1.752	ESTABLE
15888	0.214	1.494	1.528	ESTABLE
2506	0.222	1.644	1.603	ESTABLE
10946	0.265	1.958	1.908	ESTABLE
10165	0.238	1.739	1.746	ESTABLE
17240	0.245	1.799	1.878	ESTABLE
4859	0.26	1.873	1.914	ESTABLE
10608	0.245	1.855	1.869	ESTABLE
16053	0.213	1.497	1.535	ESTABLE
8638	0.224	1.7	1.678	ESTABLE
336	0.267	1.862	1.885	ESTABLE
3719	0.244	1.95	1.945	ESTABLE
7583	0.255	1.955	1.9	ESTABLE
18640	0.21	1.574	1.425	ESTABLE
13260	0.238	1.812	1.752	ESTABLE
15691	0.223	1.602	1.665	ESTABLE
10255	0.23	1.697	1.729	ESTABLE
3989	0.257	1.994	1.806	INESTABLE
2488	0.207	1.511	1.528	ESTABLE
14117	0.257	1.846	1.892	ESTABLE
5443	0.218	1.463	1.497	ESTABLE
15616	0.223	1.557	1.65	ESTABLE
7643	0.256	1.942	1.828	ESTABLE
17085	0.259	1.922	1.889	ESTABLE
7687	0.252	1.881	1.874	ESTABLE
8317	0.231	1.706	1.691	ESTABLE
5579	0.201	1.457	1.408	ESTABLE
3821	0.263	1.97	1.981	ESTABLE
1206	0.255	1.917	1.914	ESTABLE
19671	0.211	1.537	1.529	ESTABLE
15132	0.22	1.587	1.615	ESTABLE
9259	0.209	1.492	1.439	ESTABLE
17304	0.259	1.779	1.853	ESTABLE
2363	0.216	1.535	1.513	ESTABLE
11056	0.254	1.931	1.891	ESTABLE
6491	0.243	1.664	1.732	ESTABLE
16832	0.244	1.847	1.883	ESTABLE
17345	0.246	1.819	1.864	ESTABLE
3728	0.249	1.923	1.852	ESTABLE
18524	0.216	1.57	1.491	ESTABLE
16719	0.235	1.818	1.796	ESTABLE
16556	0.236	1.8	1.693	ESTABLE
7196	0.251	1.911	1.836	ESTABLE
2813	0.212	1.529	1.511	ESTABLE
5750	0.205	1.529	1.479	ESTABLE
4261	0.247	1.875	1.71	INESTABLE
14256	0.259	1.973	1.95	ESTABLE
13686	0.241	1.696	1.793	ESTABLE
14805	0.241	1.744	1.673	ESTABLE
2534	0.225	1.629	1.556	ESTABLE
15777	0.225	1.569	1.679	ESTABLE
3419	0.233	1.77	1.702	ESTABLE
19225	0.211	1.57	1.561	ESTABLE
3204	0.222	1.555	1.628	ESTABLE
15498	0.226	1.598	1.641	ESTABLE
2858	0.224	1.685	1.659	ESTABLE
5563	0.212	1.507	1.428	ESTABLE
15749	0.217	1.567	1.641	ESTABLE
15466	0.238	1.606	1.697	ESTABLE
4317	0.246	1.809	1.773	ESTABLE
7731	0.238	1.865	1.848	ESTABLE
14402	0.26	1.919	1.961	ESTABLE
19513	0.23	1.526	1.56	ESTABLE
5136	0.217	1.611	1.662	ESTABLE
7819	0.252	1.84	1.814	ESTABLE
885	0.241	1.709	1.821	ESTABLE
5233	0.238	1.735	1.736	ESTABLE
11839	0.238	1.644	1.663	ESTABLE
7492	0.274	2.055	1.954	ESTABLE
11685	0.219	1.604	1.599	ESTABLE
15837	0.22	1.561	1.602	ESTABLE
1691	0.244	1.766	1.769	ESTABLE
10251	0.238	1.659	1.722	ESTABLE
3529	0.242	1.764	1.785	ESTABLE
13861	0.252	1.807	1.843	ESTABLE
15813	0.211	1.564	1.534	ESTABLE
14752	0.234	1.72	1.689	ESTABLE
11471	0.225	1.72	1.713	ESTABLE
18629	0.212	1.56	1.617	ESTABLE
14235	0.256	1.873	1.984	ESTABLE
14058	0.248	1.9	1.867	ESTABLE
12221	0.231	1.6	1.603	ESTABLE
5402	0.213	1.507	1.522	ESTABLE
8243	0.237	1.738	1.738	ESTABLE
10513	0.245	1.801	1.791	ESTABLE
18320	0.233	1.651	1.666	ESTABLE
15495	0.223	1.619	1.602	ESTABLE
5242	0.234	1.637	1.64	ESTABLE
14090	0.26	1.881	1.93	ESTABLE
13261	0.241	1.862	1.797	ESTABLE
13060	0.244	1.839	1.675	INESTABLE
19363	0.216	1.565	1.546	ESTABLE
18400	0.233	1.686	1.625	ESTABLE
3968	0.252	1.951	1.9	ESTABLE
19111	0.238	1.676	1.743	ESTABLE
17207	0.256	1.805	1.817	ESTABLE
10281	0.233	1.762	1.765	ESTABLE
4243	0.25	1.862	1.935	ESTABLE
9936	0.233	1.681	1.715	ESTABLE
5818	0.229	1.466	1.48	ESTABLE
2467	0.206	1.561	1.556	ESTABLE
12246	0.215	1.551	1.589	ESTABLE
17863	0.255	1.859	1.906	ESTABLE
112	0.243	1.854	1.827	ESTABLE
13535	0.241	1.7	1.8	ESTABLE
8640	0.232	1.614	1.65	ESTABLE
2077	0.228	1.617	1.545	ESTABLE
15899	0.214	1.553	1.538	ESTABLE
13162	0.233	1.713	1.715	ESTABLE
11783	0.226	1.676	1.732	ESTABLE
4471	0.233	1.812	1.763	ESTABLE
16797	0.247	1.859	1.838	ESTABLE
6020	0.22	1.571	1.468	ESTABLE
10514	0.255	1.885	1.949	ESTABLE
13524	0.24	1.758	1.776	ESTABLE
2750	0.234	1.692	1.803	ESTABLE
17606	0.25	1.863	1.936	ESTABLE
18200	0.237	1.737	1.805	ESTABLE
2496	0.236	1.614	1.625	ESTABLE
19999	0.243	1.701	1.691	ESTABLE
17983	0.249	1.874	1.855	ESTABLE
13114	0.236	1.731	1.694	ESTABLE
15465	0.234	1.713	1.647	ESTABLE
8227	0.235	1.753	1.774	ESTABLE
7326	0.27	1.986	1.962	ESTABLE
15142	0.226	1.637	1.564	ESTABLE
18935	0.223	1.537	1.586	ESTABLE
12352	0.206	1.495	1.489	ESTABLE
16620	0.241	1.783	1.702	ESTABLE
16763	0.254	1.826	1.861	ESTABLE
14768	0.237	1.828	1.739	ESTABLE
11087	0.257	1.906	1.859	ESTABLE
143	0.247	1.838	1.797	ESTABLE
19327	0.222	1.483	1.628	ESTABLE
371	0.255	1.944	1.859	ESTABLE
897	0.233	1.797	1.792	ESTABLE
11958	0.227	1.643	1.73	ESTABLE
18529	0.223	1.636	1.609	ESTABLE
4001	0.26	1.976	1.918	ESTABLE
11983	0.232	1.623	1.697	ESTABLE
4778	0.256	1.764	1.907	ESTABLE
19206	0.232	1.579	1.633	ESTABLE
9816	0.239	1.677	1.737	ESTABLE
8325	0.235	1.664	1.729	ESTABLE
15299	0.223	1.568	1.582	ESTABLE
10139	0.241	1.763	1.769	ESTABLE
9934	0.232	1.767	1.82	ESTABLE
18486	0.229	1.594	1.567	ESTABLE
13483	0.241	1.807	1.835	ESTABLE
8396	0.244	1.757	1.768	ESTABLE
19555	0.225	1.574	1.593	ESTABLE
8416	0.241	1.725	1.822	ESTABLE
9429	0.215	1.582	1.561	ESTABLE
17430	0.25	1.83	1.938	ESTABLE
17761	0.257	1.909	1.968	ESTABLE
5457	0.21	1.538	1.559	ESTABLE
12305	0.223	1.57	1.568	ESTABLE
12989	0.239	1.695	1.64	ESTABLE
15456	0.234	1.686	1.631	ESTABLE
14392	0.256	1.978	1.994	ESTABLE
12008	0.232	1.601	1.724	ESTABLE
1366	0.249	1.866	1.86	ESTABLE
7214	0.251	1.946	1.896	ESTABLE
13359	0.244	1.783	1.865	ESTABLE
2582	0.238	1.67	1.743	ESTABLE
16336	0.228	1.546	1.523	ESTABLE
19160	0.235	1.596	1.628	ESTABLE
10615	0.261	1.904	1.951	ESTABLE
19238	0.221	1.579	1.647	ESTABLE
17861	0.261	1.961	1.925	ESTABLE
9977	0.25	1.729	1.767	ESTABLE
5097	0.232	1.691	1.7	ESTABLE
17706	0.256	1.867	1.946	ESTABLE
14453	0.26	1.955	1.934	ESTABLE
11260	0.25	1.926	1.798	ESTABLE
773	0.245	1.777	1.886	ESTABLE
9189	0.208	1.48	1.464	ESTABLE
6012	0.231	1.636	1.574	ESTABLE
6955	0.253	1.8	1.825	ESTABLE
19629	0.216	1.521	1.519	ESTABLE
13500	0.235	1.805	1.731	ESTABLE
10220	0.235	1.659	1.758	ESTABLE
7128	0.251	1.914	1.815	ESTABLE
15623	0.216	1.55	1.611	ESTABLE
1668	0.237	1.75	1.748	ESTABLE
13628	0.227	1.591	1.728	ESTABLE
9956	0.24	1.698	1.776	ESTABLE
18713	0.233	1.67	1.632	ESTABLE
15971	0.231	1.564	1.535	ESTABLE
2198	0.213	1.538	1.551	ESTABLE
5667	0.206	1.504	1.454	ESTABLE
13428	0.248	1.8	1.808	ESTABLE
12767	0.214	1.545	1.413	ESTABLE
1802	0.238	1.655	1.647	ESTABLE
830	0.249	1.794	1.886	ESTABLE
13608	0.244	1.743	1.858	ESTABLE
3211	0.224	1.624	1.625	ESTABLE
8349	0.249	1.678	1.851	INESTABLE
10083	0.243	1.684	1.726	ESTABLE
5731	0.205	1.514	1.427	ESTABLE
10807	0.254	1.987	1.932	ESTABLE
19465	0.221	1.515	1.522	ESTABLE
2257	0.223	1.603	1.626	ESTABLE
8658	0.229	1.651	1.731	ESTABLE
15460	0.235	1.664	1.653	ESTABLE
540	0.246	1.842	1.818	ESTABLE
18976	0.213	1.639	1.601	ESTABLE
2181	0.215	1.493	1.441	ESTABLE
15669	0.226	1.627	1.673	ESTABLE
293	0.253	1.953	1.87	ESTABLE
7229	0.254	1.935	1.947	ESTABLE
944	0.242	1.816	1.805	ESTABLE
1799	0.219	1.626	1.611	ESTABLE
18408	0.223	1.636	1.573	ESTABLE
9244	0.204	1.494	1.449	ESTABLE
14420	0.248	1.886	1.889	ESTABLE
15368	0.218	1.53	1.597	ESTABLE
5581	0.206	1.544	1.523	ESTABLE
9882	0.234	1.706	1.765	ESTABLE
3552	0.249	1.84	1.835	ESTABLE
10715	0.265	1.999	1.959	ESTABLE
9231	0.214	1.513	1.496	ESTABLE
4977	0.245	1.786	1.833	ESTABLE
4339	0.238	1.787	1.76	ESTABLE
10497	0.244	1.815	1.84	ESTABLE
4867	0.238	1.701	1.785	ESTABLE
1448	0.256	1.857	1.882	ESTABLE
10658	0.259	1.91	1.882	ESTABLE
1552	0.244	1.853	1.881	ESTABLE
17491	0.252	1.798	1.848	ESTABLE
1589	0.251	1.782	1.803	ESTABLE
19470	0.226	1.578	1.609	ESTABLE
14800	0.24	1.782	1.74	ESTABLE
3134	0.219	1.567	1.582	ESTABLE
5314	0.229	1.592	1.61	ESTABLE
16968	0.258	1.87	1.869	ESTABLE
19785	0.221	1.505	1.499	ESTABLE
8894	0.226	1.626	1.616	ESTABLE
16219	0.208	1.47	1.48	ESTABLE
13939	0.252	1.721	1.872	INESTABLE
436	0.256	1.963	1.883	ESTABLE
17318	0.237	1.733	1.816	ESTABLE
4161	0.252	1.903	1.871	ESTABLE
8008	0.234	1.805	1.776	ESTABLE
10310	0.249	1.647	1.752	ESTABLE
7874	0.237	1.816	1.737	ESTABLE
1234	0.246	1.805	1.855	ESTABLE
10859	0.28	1.939	2.032	ESTABLE
18929	0.226	1.612	1.638	ESTABLE
12301	0.209	1.573	1.528	ESTABLE
14182	0.255	1.902	2.041	ESTABLE
19901	0.229	1.685	1.615	ESTABLE
16342	0.227	1.586	1.528	ESTABLE
10293	0.246	1.748	1.799	ESTABLE
11203	0.241	1.89	1.765	ESTABLE
3709	0.257	1.941	1.883	ESTABLE
4350	0.236	1.822	1.795	ESTABLE
5423	0.201	1.486	1.45	ESTABLE
19187	0.226	1.615	1.657	ESTABLE
235	0.261	1.907	1.934	ESTABLE
19745	0.211	1.438	1.538	ESTABLE
1533	0.253	1.802	1.804	ESTABLE
3776	0.258	2.013	1.895	ESTABLE
136	0.244	1.884	1.803	ESTABLE
19820	0.233	1.603	1.597	ESTABLE
13336	0.249	1.833	1.787	ESTABLE
6104	0.221	1.577	1.639	ESTABLE
7466	0.259	1.939	1.845	ESTABLE
3777	0.248	1.96	1.877	ESTABLE
1207	0.261	1.825	1.89	ESTABLE
837	0.243	1.785	1.833	ESTABLE
10200	0.231	1.687	1.814	ESTABLE
16482	0.224	1.588	1.644	ESTABLE
2517	0.225	1.654	1.596	ESTABLE
14607	0.25	1.898	1.843	ESTABLE
19341	0.216	1.531	1.596	ESTABLE
15116	0.217	1.559	1.574	ESTABLE
16269	0.214	1.532	1.469	ESTABLE
9002	0.223	1.544	1.531	ESTABLE
16439	0.221	1.647	1.585	ESTABLE
11075	0.261	1.998	1.93	ESTABLE
17172	0.245	1.803	1.872	ESTABLE
14664	0.243	1.798	1.853	ESTABLE
13601	0.249	1.832	1.818	ESTABLE
18873	0.22	1.589	1.587	ESTABLE
3707	0.257	1.901	1.835	ESTABLE
15943	0.219	1.555	1.579	ESTABLE
19889	0.228	1.596	1.516	ESTABLE
11408	0.236	1.752	1.736	ESTABLE
16931	0.248	1.843	1.772	ESTABLE
11462	0.234	1.751	1.745	ESTABLE
4133	0.263	1.904	1.892	ESTABLE
14603	0.258	1.879	1.836	ESTABLE
1262	0.235	1.791	1.839	ESTABLE
18531	0.223	1.528	1.534	ESTABLE
3720	0.248	1.877	1.88	ESTABLE
10965	0.261	1.892	1.923	ESTABLE
19334	0.219	1.557	1.581	ESTABLE
9029	0.202	1.478	1.405	ESTABLE
16561	0.221	1.635	1.628	ESTABLE
7033	0.239	1.799	1.751	ESTABLE
4211	0.25	1.889	1.856	ESTABLE
12618	0.202	1.42	1.467	ESTABLE
19784	0.223	1.572	1.512	ESTABLE
4838	0.242	1.819	1.859	ESTABLE
11192	0.239	1.856	1.808	ESTABLE
9605	0.237	1.736	1.667	ESTABLE
2789	0.238	1.606	1.644	ESTABLE
857	0.261	1.799	1.902	ESTABLE
8340	0.244	1.766	1.808	ESTABLE
14224	0.25	1.925	1.989	ESTABLE
10385	0.239	1.726	1.773	ESTABLE
6706	0.231	1.639	1.673	ESTABLE
3836	0.248	1.897	1.787	ESTABLE
18508	0.219	1.556	1.53	ESTABLE
5493	0.221	1.532	1.489	ESTABLE
14049	0.255	1.816	1.833	ESTABLE
12495	0.222	1.546	1.485	ESTABLE
9647	0.236	1.681	1.636	ESTABLE
4052	0.258	2.043	1.927	ESTABLE
616	0.252	1.916	1.87	ESTABLE
15008	0.227	1.662	1.626	ESTABLE
14787	0.234	1.78	1.673	ESTABLE
9279	0.221	1.545	1.49	ESTABLE
8010	0.24	1.782	1.749	ESTABLE
6024	0.225	1.591	1.559	ESTABLE
5302	0.209	1.661	1.598	ESTABLE
5403	0.212	1.463	1.444	ESTABLE
18997	0.221	1.591	1.649	ESTABLE
17590	0.256	1.858	1.94	ESTABLE
19903	0.221	1.619	1.614	ESTABLE
9090	0.219	1.494	1.475	ESTABLE
679	0.25	1.885	1.843	ESTABLE
11892	0.235	1.674	1.745	ESTABLE
18218	0.233	1.787	1.722	ESTABLE
19254	0.216	1.55	1.588	ESTABLE
10942	0.276	2.022	2.015	ESTABLE
753	0.252	1.853	1.837	ESTABLE
19970	0.22	1.756	1.632	ESTABLE
10424	0.238	1.779	1.785	ESTABLE
5988	0.214	1.5	1.52	ESTABLE
17870	0.27	1.975	1.969	ESTABLE
19153	0.232	1.66	1.584	ESTABLE
2299	0.203	1.458	1.43	ESTABLE
13642	0.252	1.768	1.793	ESTABLE
5418	0.221	1.529	1.474	ESTABLE
3916	0.261	1.943	1.918	ESTABLE
4735	0.249	1.787	1.869	ESTABLE
19204	0.232	1.524	1.723	INESTABLE
17138	0.239	1.82	1.795	ESTABLE
12017	0.23	1.692	1.684	ESTABLE
1003	0.231	1.793	1.798	ESTABLE
5475	0.215	1.519	1.479	ESTABLE
3661	0.249	1.879	1.882	ESTABLE
5218	0.22	1.658	1.619	ESTABLE
11132	0.254	1.858	1.837	ESTABLE
6965	0.242	1.743	1.787	ESTABLE
18396	0.23	1.656	1.571	ESTABLE
16749	0.256	1.874	1.792	ESTABLE
13953	0.253	1.813	1.863	ESTABLE
13224	0.227	1.72	1.642	ESTABLE
2616	0.221	1.624	1.649	ESTABLE
12855	0.214	1.517	1.529	ESTABLE
14867	0.24	1.793	1.642	INESTABLE
7959	0.257	1.81	1.816	ESTABLE
4780	0.242	1.783	1.886	ESTABLE
19767	0.21	1.502	1.55	ESTABLE
13152	0.242	1.739	1.712	ESTABLE
8241	0.24	1.733	1.746	ESTABLE
8131	0.246	1.723	1.722	ESTABLE
14742	0.243	1.774	1.756	ESTABLE
6656	0.235	1.642	1.679	ESTABLE
6486	0.217	1.611	1.594	ESTABLE
18350	0.251	1.757	1.681	ESTABLE
5636	0.221	1.587	1.481	ESTABLE
2698	0.222	1.669	1.662	ESTABLE
2161	0.215	1.545	1.503	ESTABLE
7997	0.246	1.745	1.806	ESTABLE
14288	0.264	1.906	2.001	ESTABLE
16385	0.228	1.633	1.521	ESTABLE
908	0.232	1.796	1.791	ESTABLE
9817	0.232	1.701	1.804	ESTABLE
15229	0.222	1.633	1.594	ESTABLE
18211	0.248	1.757	1.774	ESTABLE
431	0.248	1.951	1.879	ESTABLE
7832	0.257	1.886	1.849	ESTABLE
8854	0.215	1.512	1.557	ESTABLE
17255	0.249	1.823	1.821	ESTABLE
8450	0.239	1.743	1.71	ESTABLE
18117	0.258	1.921	1.842	ESTABLE
3022	0.221	1.584	1.61	ESTABLE
6655	0.235	1.652	1.728	ESTABLE
5932	0.208	1.563	1.499	ESTABLE
13551	0.24	1.664	1.783	ESTABLE
9428	0.211	1.491	1.37	ESTABLE
15374	0.235	1.58	1.626	ESTABLE
15305	0.226	1.614	1.526	ESTABLE
11672	0.248	1.693	1.779	ESTABLE
5934	0.214	1.573	1.526	ESTABLE
5633	0.213	1.571	1.461	ESTABLE
11413	0.232	1.698	1.691	ESTABLE
13254	0.243	1.784	1.765	ESTABLE
19943	0.228	1.634	1.669	ESTABLE
1137	0.25	1.821	1.937	ESTABLE
10407	0.24	1.738	1.762	ESTABLE
15776	0.23	1.602	1.658	ESTABLE
16836	0.245	1.869	1.832	ESTABLE
18902	0.216	1.571	1.552	ESTABLE
240	0.246	1.878	1.797	ESTABLE
19353	0.225	1.528	1.566	ESTABLE
18410	0.216	1.585	1.548	ESTABLE
7331	0.26	2.016	1.905	ESTABLE
7533	0.267	1.988	1.923	ESTABLE
9963	0.231	1.669	1.746	ESTABLE
5252	0.232	1.609	1.645	ESTABLE
6953	0.256	1.824	1.785	ESTABLE
12141	0.237	1.613	1.632	ESTABLE
15976	0.234	1.45	1.582	ESTABLE
16578	0.238	1.833	1.668	INESTABLE
13854	0.243	1.801	1.869	ESTABLE
7561	0.255	1.988	1.884	ESTABLE
386	0.25	1.955	1.947	ESTABLE
5017	0.238	1.767	1.767	ESTABLE
4046	0.264	1.982	1.868	ESTABLE
18681	0.212	1.595	1.593	ESTABLE
6346	0.232	1.675	1.675	ESTABLE
4559	0.248	1.774	1.807	ESTABLE
15168	0.231	1.615	1.635	ESTABLE
3280	0.229	1.624	1.701	ESTABLE
13882	0.239	1.72	1.797	ESTABLE
6175	0.225	1.633	1.673	ESTABLE
10570	0.246	1.83	1.878	ESTABLE
13828	0.224	1.737	1.751	ESTABLE
11244	0.245	1.836	1.767	ESTABLE
16471	0.235	1.738	1.659	ESTABLE
3401	0.231	1.694	1.609	ESTABLE
16900	0.242	1.887	1.859	ESTABLE
10232	0.241	1.781	1.841	ESTABLE
12282	0.215	1.494	1.616	ESTABLE
8548	0.252	1.716	1.781	ESTABLE
15988	0.208	1.477	1.495	ESTABLE
12854	0.213	1.554	1.501	ESTABLE
7611	0.255	1.97	1.861	ESTABLE
18525	0.22	1.565	1.527	ESTABLE
321	0.26	1.889	1.895	ESTABLE
14199	0.259	1.937	1.912	ESTABLE
4371	0.258	1.741	1.774	ESTABLE
17893	0.259	1.919	1.971	ESTABLE
9299	0.21	1.543	1.485	ESTABLE
6895	0.24	1.759	1.716	ESTABLE
11355	0.23	1.731	1.712	ESTABLE
2330	0.218	1.52	1.47	ESTABLE
19659	0.206	1.492	1.6	ESTABLE
39	0.232	1.799	1.697	ESTABLE
4717	0.238	1.741	1.804	ESTABLE
7014	0.249	1.791	1.817	ESTABLE
6417	0.239	1.638	1.685	ESTABLE
9760	0.239	1.721	1.739	ESTABLE
14183	0.256	1.886	1.972	ESTABLE
2336	0.209	1.517	1.47	ESTABLE
175	0.243	1.92	1.806	ESTABLE
4722	0.246	1.797	1.829	ESTABLE
12390	0.216	1.529	1.576	ESTABLE
3137	0.22	1.648	1.624	ESTABLE
11881	0.239	1.685	1.71	ESTABLE
2678	0.241	1.608	1.582	ESTABLE
4927	0.243	1.809	1.896	ESTABLE
11854	0.246	1.677	1.744	ESTABLE
17229	0.249	1.819	1.903	ESTABLE
15698	0.232	1.645	1.688	ESTABLE
8242	0.233	1.772	1.783	ESTABLE
14401	0.252	1.919	1.921	ESTABLE
9812	0.235	1.724	1.724	ESTABLE
10429	0.23	1.728	1.851	ESTABLE
4085	0.249	1.916	1.943	ESTABLE
14464	0.255	1.947	1.959	ESTABLE
16933	0.254	1.801	1.805	ESTABLE
10271	0.237	1.739	1.782	ESTABLE
1615	0.246	1.743	1.74	ESTABLE
19045	0.221	1.575	1.612	ESTABLE
11870	0.231	1.721	1.651	ESTABLE
6664	0.22	1.625	1.665	ESTABLE
2604	0.222	1.618	1.675	ESTABLE
13820	0.235	1.78	1.758	ESTABLE
6195	0.229	1.665	1.681	ESTABLE
13271	0.247	1.838	1.808	ESTABLE
10120	0.239	1.614	1.764	INESTABLE
10833	0.263	2.003	2.05	ESTABLE
4702	0.245	1.84	1.888	ESTABLE
15787	0.224	1.542	1.626	ESTABLE
9867	0.232	1.679	1.77	ESTABLE
7045	0.247	1.924	1.82	ESTABLE
8034	0.245	1.801	1.777	ESTABLE
9983	0.231	1.741	1.72	ESTABLE
19173	0.239	1.626	1.64	ESTABLE
5868	0.203	1.471	1.472	ESTABLE
11648	0.233	1.692	1.763	ESTABLE
14766	0.243	1.763	1.702	ESTABLE
18540	0.22	1.61	1.574	ESTABLE
12895	0.23	1.599	1.562	ESTABLE
4320	0.255	1.871	1.803	ESTABLE
15426	0.224	1.658	1.67	ESTABLE
11116	0.255	1.922	1.877	ESTABLE
7601	0.249	1.961	1.884	ESTABLE
3159	0.23	1.607	1.577	ESTABLE
12663	0.204	1.447	1.503	ESTABLE
15117	0.229	1.647	1.557	ESTABLE
1906	0.218	1.542	1.571	ESTABLE
11930	0.224	1.658	1.727	ESTABLE
6515	0.229	1.62	1.615	ESTABLE
12751	0.204	1.481	1.47	ESTABLE
13869	0.248	1.71	1.833	ESTABLE
1752	0.226	1.65	1.665	ESTABLE
9992	0.224	1.702	1.68	ESTABLE
12107	0.227	1.593	1.648	ESTABLE
8113	0.245	1.747	1.775	ESTABLE
8600	0.235	1.71	1.761	ESTABLE
2610	0.221	1.532	1.632	ESTABLE
79	0.252	1.865	1.812	ESTABLE
16475	0.219	1.664	1.591	ESTABLE
9738	0.238	1.715	1.738	ESTABLE
14330	0.251	1.906	2	ESTABLE
1189	0.266	1.854	1.964	ESTABLE
11779	0.236	1.677	1.679	ESTABLE
12781	0.209	1.524	1.51	ESTABLE
12234	0.226	1.586	1.636	ESTABLE
1763	0.226	1.723	1.639	ESTABLE
596	0.254	1.891	1.878	ESTABLE
15849	0.21	1.496	1.584	ESTABLE
19181	0.238	1.666	1.696	ESTABLE
15146	0.218	1.617	1.609	ESTABLE
12834	0.216	1.516	1.557	ESTABLE
3518	0.233	1.836	1.757	ESTABLE
13852	0.249	1.782	1.828	ESTABLE
19329	0.226	1.544	1.598	ESTABLE
1474	0.246	1.786	1.814	ESTABLE
15634	0.226	1.55	1.599	ESTABLE
9409	0.226	1.667	1.5	INESTABLE
18207	0.225	1.747	1.727	ESTABLE
7691	0.249	1.902	1.803	ESTABLE
4346	0.251	1.791	1.77	ESTABLE
5285	0.223	1.596	1.579	ESTABLE
19893	0.228	1.627	1.668	ESTABLE
6773	0.236	1.691	1.676	ESTABLE
19551	0.219	1.442	1.496	ESTABLE
2405	0.227	1.512	1.617	ESTABLE
3358	0.237	1.709	1.667	ESTABLE
8856	0.21	1.496	1.555	ESTABLE
18015	0.26	1.859	1.845	ESTABLE
4190	0.25	1.86	1.769	ESTABLE
15446	0.222	1.603	1.653	ESTABLE
16402	0.216	1.555	1.552	ESTABLE
19620	0.212	1.489	1.559	ESTABLE
3682	0.258	1.922	1.909	ESTABLE
8195	0.242	1.709	1.789	ESTABLE
6713	0.234	1.614	1.695	ESTABLE
8810	0.223	1.592	1.574	ESTABLE
19721	0.213	1.515	1.512	ESTABLE
2892	0.206	1.482	1.556	ESTABLE
11535	0.235	1.709	1.761	ESTABLE
14585	0.248	1.916	1.874	ESTABLE
17891	0.268	1.928	2.009	ESTABLE
10069	0.232	1.617	1.736	ESTABLE
4975	0.232	1.754	1.836	ESTABLE
13020	0.234	1.688	1.699	ESTABLE
5103	0.238	1.81	1.762	ESTABLE
15573	0.237	1.646	1.743	ESTABLE
6684	0.225	1.592	1.693	ESTABLE
2226	0.217	1.582	1.534	ESTABLE
10861	0.258	2.022	1.974	ESTABLE
16263	0.207	1.483	1.515	ESTABLE
13721	0.228	1.782	1.809	ESTABLE
9856	0.233	1.696	1.701	ESTABLE
7233	0.258	1.905	1.928	ESTABLE
18874	0.238	1.698	1.584	ESTABLE
3997	0.25	1.952	1.855	ESTABLE
11829	0.234	1.687	1.709	ESTABLE
12951	0.217	1.608	1.523	ESTABLE
13934	0.245	1.773	1.853	ESTABLE
1358	0.261	1.919	1.914	ESTABLE
16952	0.243	1.868	1.866	ESTABLE
4814	0.254	1.852	1.886	ESTABLE
11569	0.227	1.596	1.659	ESTABLE
6498	0.228	1.638	1.719	ESTABLE
19969	0.227	1.693	1.676	ESTABLE
843	0.241	1.861	1.843	ESTABLE
15262	0.214	1.638	1.568	ESTABLE
11186	0.254	1.949	1.807	ESTABLE
15690	0.217	1.608	1.654	ESTABLE
13029	0.228	1.658	1.621	ESTABLE
6931	0.247	1.801	1.881	ESTABLE
12729	0.209	1.483	1.46	ESTABLE
16253	0.205	1.518	1.477	ESTABLE
12154	0.228	1.6	1.626	ESTABLE
14280	0.273	1.971	2.014	ESTABLE
11604	0.23	1.699	1.657	ESTABLE
13877	0.233	1.753	1.855	ESTABLE
4200	0.254	1.924	1.811	ESTABLE
3573	0.243	1.8	1.817	ESTABLE
4062	0.262	1.9	1.906	ESTABLE
17717	0.266	1.887	1.968	ESTABLE
6105	0.231	1.624	1.721	ESTABLE
10152	0.231	1.62	1.689	ESTABLE
2412	0.23	1.624	1.596	ESTABLE
12215	0.218	1.588	1.707	ESTABLE
17269	0.231	1.784	1.874	ESTABLE
5801	0.22	1.539	1.484	ESTABLE
17643	0.254	1.818	1.901	ESTABLE
9764	0.228	1.693	1.639	ESTABLE
1633	0.242	1.776	1.849	ESTABLE
7790	0.256	1.895	1.856	ESTABLE
17093	0.245	1.847	1.8	ESTABLE
7600	0.26	2.007	1.916	ESTABLE
15437	0.226	1.559	1.581	ESTABLE
5666	0.213	1.579	1.472	ESTABLE
15600	0.229	1.623	1.716	ESTABLE
14902	0.231	1.72	1.629	ESTABLE
1801	0.225	1.697	1.6	ESTABLE
16800	0.246	1.855	1.791	ESTABLE
11808	0.233	1.687	1.729	ESTABLE
14272	0.26	1.965	2.005	ESTABLE
1778	0.225	1.737	1.667	ESTABLE
16708	0.235	1.773	1.749	ESTABLE
11256	0.25	1.807	1.773	ESTABLE
18729	0.233	1.568	1.525	ESTABLE
15650	0.222	1.587	1.6	ESTABLE
16209	0.2	1.398	1.447	ESTABLE
19490	0.212	1.585	1.592	ESTABLE
19249	0.228	1.562	1.655	ESTABLE
16120	0.2	1.423	1.479	ESTABLE
13556	0.235	1.773	1.777	ESTABLE
189	0.255	1.815	1.799	ESTABLE
4391	0.242	1.741	1.787	ESTABLE
243	0.254	1.889	1.894	ESTABLE
11416	0.237	1.81	1.695	ESTABLE
1580	0.236	1.82	1.835	ESTABLE
15521	0.235	1.638	1.706	ESTABLE
12177	0.226	1.637	1.636	ESTABLE
14854	0.241	1.786	1.712	ESTABLE
4275	0.238	1.8	1.789	ESTABLE
7546	0.25	2	1.905	ESTABLE
16677	0.237	1.832	1.783	ESTABLE
8794	0.22	1.55	1.614	ESTABLE
18451	0.201	1.569	1.504	ESTABLE
5030	0.243	1.757	1.776	ESTABLE
3965	0.257	1.913	1.895	ESTABLE
17083	0.245	1.819	1.859	ESTABLE
9606	0.23	1.685	1.629	ESTABLE
16051	0.216	1.507	1.538	ESTABLE
12806	0.215	1.53	1.499	ESTABLE
18646	0.227	1.617	1.552	ESTABLE
4970	0.232	1.789	1.902	ESTABLE
5171	0.241	1.729	1.732	ESTABLE
4648	0.254	1.831	1.925	ESTABLE
14027	0.247	1.763	1.833	ESTABLE
10401	0.241	1.755	1.83	ESTABLE
7403	0.26	1.897	1.957	ESTABLE
12132	0.237	1.615	1.741	ESTABLE
16880	0.244	1.89	1.831	ESTABLE
1473	0.25	1.835	1.889	ESTABLE
13507	0.243	1.751	1.824	ESTABLE
12033	0.216	1.595	1.706	ESTABLE
12029	0.239	1.677	1.69	ESTABLE
5191	0.235	1.672	1.68	ESTABLE
12161	0.229	1.641	1.588	ESTABLE
14400	0.26	1.933	1.903	ESTABLE
3075	0.207	1.536	1.527	ESTABLE
3440	0.221	1.698	1.663	ESTABLE
9498	0.214	1.516	1.509	ESTABLE
1723	0.237	1.73	1.702	ESTABLE
626	0.247	1.858	1.867	ESTABLE
5126	0.235	1.726	1.74	ESTABLE
14751	0.244	1.785	1.688	ESTABLE
14874	0.245	1.82	1.788	ESTABLE
15911	0.222	1.549	1.494	ESTABLE
180	0.243	1.807	1.8	ESTABLE
6517	0.232	1.587	1.677	ESTABLE
4023	0.26	1.992	1.904	ESTABLE
15954	0.22	1.523	1.569	ESTABLE
9879	0.24	1.718	1.688	ESTABLE
1704	0.246	1.767	1.73	ESTABLE
9636	0.233	1.664	1.712	ESTABLE
8769	0.217	1.586	1.596	ESTABLE
6920	0.248	1.822	1.797	ESTABLE
4049	0.25	1.877	1.839	ESTABLE
634	0.252	1.833	1.821	ESTABLE
15169	0.228	1.617	1.614	ESTABLE
11188	0.252	1.883	1.825	ESTABLE
7329	0.261	2.005	2.001	ESTABLE
2147	0.207	1.52	1.449	ESTABLE
8095	0.226	1.714	1.727	ESTABLE
7821	0.251	1.848	1.824	ESTABLE
878	0.243	1.715	1.793	ESTABLE
8547	0.234	1.766	1.743	ESTABLE
10409	0.239	1.717	1.829	ESTABLE
3762	0.263	1.92	1.958	ESTABLE
909	0.252	1.841	1.925	ESTABLE
19430	0.208	1.473	1.499	ESTABLE
9287	0.226	1.502	1.474	ESTABLE
4747	0.244	1.754	1.832	ESTABLE
18567	0.233	1.611	1.551	ESTABLE
190	0.262	1.867	1.794	ESTABLE
10465	0.25	1.794	1.863	ESTABLE
1178	0.252	1.822	1.861	ESTABLE
19136	0.216	1.614	1.604	ESTABLE
2253	0.212	1.492	1.558	ESTABLE
424	0.255	1.919	1.921	ESTABLE
5401	0.212	1.556	1.54	ESTABLE
17771	0.26	1.953	1.947	ESTABLE
6312	0.225	1.65	1.611	ESTABLE
11968	0.229	1.602	1.669	ESTABLE
6440	0.238	1.719	1.766	ESTABLE
6612	0.227	1.515	1.675	INESTABLE
18399	0.233	1.782	1.622	INESTABLE
5950	0.212	1.597	1.591	ESTABLE
2010	0.209	1.509	1.465	ESTABLE
16352	0.211	1.552	1.592	ESTABLE
12964	0.229	1.63	1.628	ESTABLE
9973	0.238	1.689	1.808	ESTABLE
14451	0.262	1.94	1.987	ESTABLE
12538	0.213	1.474	1.477	ESTABLE
7356	0.269	1.992	1.963	ESTABLE
5346	0.22	1.653	1.553	ESTABLE
16360	0.214	1.575	1.549	ESTABLE
1529	0.258	1.894	1.849	ESTABLE
8985	0.207	1.497	1.496	ESTABLE
11797	0.228	1.646	1.66	ESTABLE
5174	0.233	1.694	1.718	ESTABLE
5198	0.24	1.735	1.755	ESTABLE
3717	0.256	1.937	1.918	ESTABLE
16266	0.209	1.512	1.533	ESTABLE
13900	0.237	1.822	1.841	ESTABLE
14665	0.252	1.907	1.863	ESTABLE
208	0.251	1.855	1.831	ESTABLE
3133	0.224	1.494	1.582	ESTABLE
13459	0.238	1.736	1.838	ESTABLE
10809	0.261	1.987	1.893	ESTABLE
16067	0.207	1.465	1.533	ESTABLE
5797	0.213	1.47	1.513	ESTABLE
18847	0.21	1.596	1.546	ESTABLE
14310	0.261	1.925	1.992	ESTABLE
9514	0.228	1.672	1.577	ESTABLE
16855	0.237	1.84	1.749	ESTABLE
11861	0.238	1.705	1.678	ESTABLE
5152	0.227	1.692	1.687	ESTABLE
13361	0.243	1.748	1.805	ESTABLE
11658	0.233	1.701	1.663	ESTABLE
17607	0.24	1.746	1.87	ESTABLE
15737	0.22	1.614	1.567	ESTABLE
11538	0.228	1.627	1.637	ESTABLE
16779	0.236	1.796	1.81	ESTABLE
14669	0.246	1.874	1.816	ESTABLE
16762	0.25	1.821	1.828	ESTABLE
4530	0.249	1.738	1.775	ESTABLE
15793	0.222	1.606	1.607	ESTABLE
12591	0.206	1.516	1.469	ESTABLE
12385	0.217	1.524	1.585	ESTABLE
5139	0.238	1.795	1.807	ESTABLE
14502	0.26	1.954	1.899	ESTABLE
14567	0.252	1.941	1.889	ESTABLE
9818	0.236	1.767	1.727	ESTABLE
6425	0.241	1.68	1.683	ESTABLE
18611	0.226	1.63	1.576	ESTABLE
12612	0.201	1.443	1.401	ESTABLE
970	0.239	1.835	1.823	ESTABLE
4131	0.268	1.946	1.929	ESTABLE
17994	0.241	1.84	1.914	ESTABLE
19039	0.213	1.572	1.598	ESTABLE
5817	0.205	1.503	1.489	ESTABLE
11031	0.256	1.942	1.871	ESTABLE
1893	0.215	1.646	1.593	ESTABLE
7666	0.259	1.955	1.873	ESTABLE
10766	0.255	2	1.901	ESTABLE
16408	0.223	1.679	1.525	INESTABLE
2607	0.228	1.622	1.651	ESTABLE
16632	0.236	1.836	1.691	ESTABLE
3303	0.235	1.644	1.68	ESTABLE
19957	0.237	1.637	1.675	ESTABLE
5965	0.231	1.629	1.649	ESTABLE
16395	0.23	1.594	1.598	ESTABLE
14885	0.23	1.703	1.738	ESTABLE
11735	0.239	1.664	1.788	ESTABLE
3516	0.244	1.742	1.727	ESTABLE
4734	0.238	1.786	1.869	ESTABLE
11076	0.247	1.922	1.846	ESTABLE
423	0.248	1.836	1.851	ESTABLE
6788	0.234	1.64	1.663	ESTABLE
3223	0.21	1.555	1.556	ESTABLE
16289	0.221	1.573	1.509	ESTABLE
14571	0.263	1.922	1.967	ESTABLE
11448	0.231	1.724	1.702	ESTABLE
9262	0.208	1.535	1.45	ESTABLE
12688	0.211	1.504	1.498	ESTABLE
15989	0.22	1.527	1.587	ESTABLE
18065	0.252	1.858	1.841	ESTABLE
4688	0.248	1.751	1.849	ESTABLE
11853	0.24	1.6	1.712	ESTABLE
14233	0.264	1.942	2.015	ESTABLE
2601	0.223	1.531	1.572	ESTABLE
4915	0.262	1.81	1.899	ESTABLE
18858	0.219	1.598	1.628	ESTABLE
6718	0.231	1.638	1.687	ESTABLE
4252	0.252	1.852	1.86	ESTABLE
11704	0.235	1.731	1.734	ESTABLE
19523	0.213	1.478	1.55	ESTABLE
3068	0.215	1.545	1.63	ESTABLE
6476	0.242	1.637	1.686	ESTABLE
13582	0.243	1.811	1.801	ESTABLE
216	0.25	1.826	1.829	ESTABLE
128	0.256	1.87	1.862	ESTABLE
15622	0.214	1.592	1.602	ESTABLE
14317	0.254	1.917	1.935	ESTABLE
7448	0.254	1.929	1.896	ESTABLE
11426	0.225	1.706	1.687	ESTABLE
19908	0.231	1.632	1.592	ESTABLE
12327	0.227	1.493	1.575	ESTABLE
5516	0.206	1.516	1.468	ESTABLE
9506	0.209	1.583	1.535	ESTABLE
10660	0.249	1.891	1.863	ESTABLE
12812	0.205	1.529	1.449	ESTABLE
17925	0.257	1.935	1.945	ESTABLE
6869	0.235	1.722	1.748	ESTABLE
8654	0.22	1.62	1.623	ESTABLE
10953	0.255	1.953	1.934	ESTABLE
11169	0.256	1.943	1.941	ESTABLE
7206	0.251	1.96	1.911	ESTABLE
16251	0.22	1.651	1.558	ESTABLE
8330	0.232	1.714	1.772	ESTABLE
18825	0.224	1.627	1.576	ESTABLE
1835	0.233	1.67	1.615	ESTABLE
19819	0.226	1.581	1.671	ESTABLE
3070	0.231	1.517	1.643	ESTABLE
63	0.237	1.75	1.661	ESTABLE
3243	0.225	1.563	1.673	ESTABLE
6072	0.227	1.695	1.637	ESTABLE
8979	0.217	1.548	1.439	ESTABLE
13647	0.242	1.75	1.726	ESTABLE
11331	0.237	1.79	1.747	ESTABLE
6721	0.225	1.638	1.704	ESTABLE
12725	0.219	1.506	1.454	ESTABLE
15902	0.213	1.544	1.643	ESTABLE
17010	0.238	1.88	1.754	ESTABLE
18744	0.228	1.595	1.497	ESTABLE
11187	0.238	1.891	1.771	ESTABLE
9382	0.206	1.591	1.459	ESTABLE
1020	0.25	1.816	1.874	ESTABLE
13356	0.242	1.799	1.733	ESTABLE
7016	0.255	1.858	1.845	ESTABLE
1603	0.246	1.773	1.844	ESTABLE
9122	0.204	1.385	1.398	ESTABLE
11011	0.255	1.957	1.951	ESTABLE
4519	0.251	1.924	1.916	ESTABLE
18787	0.216	1.601	1.545	ESTABLE
11120	0.255	1.899	1.769	ESTABLE
1826	0.23	1.665	1.644	ESTABLE
12117	0.221	1.605	1.592	ESTABLE
3446	0.24	1.699	1.71	ESTABLE
12072	0.241	1.733	1.649	ESTABLE
11143	0.259	1.878	1.926	ESTABLE
10653	0.257	1.88	1.956	ESTABLE
13928	0.244	1.801	1.837	ESTABLE
16735	0.251	1.865	1.834	ESTABLE
16154	0.216	1.461	1.423	ESTABLE
4124	0.263	1.872	1.823	ESTABLE
13823	0.242	1.717	1.835	ESTABLE
14150	0.247	1.904	1.876	ESTABLE
817	0.236	1.794	1.778	ESTABLE
4463	0.246	1.809	1.821	ESTABLE
13449	0.248	1.801	1.819	ESTABLE
5111	0.237	1.654	1.736	ESTABLE
9849	0.237	1.755	1.78	ESTABLE
16611	0.246	1.77	1.748	ESTABLE
4067	0.256	1.985	1.913	ESTABLE
10023	0.23	1.625	1.756	ESTABLE
9775	0.245	1.768	1.788	ESTABLE
7640	0.259	1.978	1.891	ESTABLE
5049	0.246	1.726	1.771	ESTABLE
14276	0.271	2.025	2.007	ESTABLE
5322	0.215	1.571	1.56	ESTABLE
735	0.256	1.817	1.801	ESTABLE
851	0.257	1.804	1.828	ESTABLE
6859	0.231	1.69	1.675	ESTABLE
6603	0.224	1.632	1.67	ESTABLE
8489	0.25	1.747	1.748	ESTABLE
19604	0.217	1.5	1.593	ESTABLE
12903	0.225	1.654	1.583	ESTABLE
7421	0.258	1.986	1.925	ESTABLE
7579	0.264	1.97	1.973	ESTABLE
5083	0.229	1.64	1.674	ESTABLE
13174	0.241	1.792	1.711	ESTABLE
17106	0.247	1.774	1.827	ESTABLE
19758	0.22	1.572	1.578	ESTABLE
17325	0.24	1.825	1.814	ESTABLE
17859	0.266	1.995	2.027	ESTABLE
12857	0.216	1.589	1.507	ESTABLE
12471	0.224	1.59	1.482	ESTABLE
16668	0.247	1.857	1.754	ESTABLE
10202	0.223	1.719	1.694	ESTABLE
17862	0.269	1.973	1.991	ESTABLE
16877	0.251	1.906	1.765	ESTABLE
19397	0.219	1.555	1.558	ESTABLE
1333	0.254	1.842	1.916	ESTABLE
9540	0.226	1.589	1.622	ESTABLE
11296	0.242	1.884	1.806	ESTABLE
11792	0.235	1.622	1.697	ESTABLE
17151	0.253	1.749	1.811	ESTABLE
3510	0.235	1.791	1.755	ESTABLE
8568	0.227	1.652	1.672	ESTABLE
1441	0.252	1.825	1.89	ESTABLE
7589	0.257	1.933	1.887	ESTABLE
929	0.246	1.779	1.811	ESTABLE
2752	0.222	1.597	1.649	ESTABLE
6268	0.222	1.639	1.575	ESTABLE
4286	0.245	1.815	1.691	ESTABLE
3489	0.239	1.772	1.762	ESTABLE
4444	0.247	1.796	1.787	ESTABLE
6785	0.24	1.704	1.792	ESTABLE
18385	0.224	1.623	1.62	ESTABLE
12227	0.228	1.591	1.657	ESTABLE
11909	0.226	1.606	1.754	ESTABLE
18527	0.209	1.59	1.493	ESTABLE
3736	0.252	1.906	1.896	ESTABLE
5316	0.223	1.568	1.673	ESTABLE
4089	0.254	1.874	1.839	ESTABLE
13225	0.234	1.752	1.704	ESTABLE
1022	0.249	1.792	1.904	ESTABLE
7109	0.263	1.958	1.871	ESTABLE
6710	0.233	1.646	1.69	ESTABLE
9052	0.219	1.53	1.455	ESTABLE
16897	0.25	1.761	1.728	ESTABLE
13369	0.238	1.731	1.736	ESTABLE
10475	0.253	1.768	1.84	ESTABLE
12162	0.223	1.682	1.657	ESTABLE
11048	0.266	1.992	1.872	ESTABLE
12159	0.228	1.573	1.666	ESTABLE
18074	0.259	1.888	1.893	ESTABLE
14938	0.23	1.702	1.65	ESTABLE
4726	0.239	1.839	1.792	ESTABLE
12362	0.209	1.499	1.485	ESTABLE
17227	0.246	1.816	1.877	ESTABLE
16174	0.212	1.521	1.501	ESTABLE
16554	0.222	1.704	1.693	ESTABLE
11472	0.226	1.689	1.692	ESTABLE
15937	0.223	1.497	1.558	ESTABLE
4923	0.252	1.89	1.889	ESTABLE
1361	0.245	1.84	1.802	ESTABLE
13636	0.242	1.766	1.788	ESTABLE
9713	0.235	1.688	1.742	ESTABLE
11652	0.22	1.672	1.626	ESTABLE
3443	0.24	1.674	1.75	ESTABLE
12972	0.219	1.665	1.511	INESTABLE
11822	0.235	1.717	1.732	ESTABLE
9199	0.207	1.513	1.477	ESTABLE
299	0.251	1.809	1.874	ESTABLE
15651	0.222	1.625	1.643	ESTABLE
7767	0.254	1.861	1.872	ESTABLE
5235	0.225	1.685	1.637	ESTABLE
3681	0.265	2.015	1.881	ESTABLE
16008	0.214	1.52	1.508	ESTABLE
10540	0.243	1.789	1.911	ESTABLE
11395	0.242	1.76	1.748	ESTABLE
14427	0.265	1.94	2.035	ESTABLE
18936	0.214	1.572	1.602	ESTABLE
3691	0.25	1.978	1.82	INESTABLE
31	0.244	1.818	1.698	ESTABLE
5917	0.223	1.592	1.51	ESTABLE
4266	0.26	1.943	1.884	ESTABLE
18761	0.22	1.583	1.606	ESTABLE
3330	0.223	1.679	1.687	ESTABLE
5521	0.217	1.527	1.457	ESTABLE
14570	0.252	1.934	1.819	ESTABLE
931	0.249	1.829	1.901	ESTABLE
7755	0.249	1.907	1.837	ESTABLE
7081	0.261	1.922	1.874	ESTABLE
10629	0.252	1.886	1.893	ESTABLE
9702	0.235	1.68	1.655	ESTABLE
13081	0.229	1.647	1.637	ESTABLE
14424	0.249	2.044	1.97	ESTABLE
14821	0.244	1.741	1.692	ESTABLE
18546	0.216	1.612	1.467	ESTABLE
10056	0.245	1.71	1.777	ESTABLE
2593	0.219	1.655	1.592	ESTABLE
6006	0.22	1.631	1.64	ESTABLE
6036	0.222	1.667	1.557	ESTABLE
15365	0.232	1.588	1.687	ESTABLE
6086	0.232	1.737	1.62	ESTABLE
6016	0.213	1.619	1.563	ESTABLE
9896	0.237	1.705	1.767	ESTABLE
14526	0.255	1.921	1.937	ESTABLE
15587	0.224	1.683	1.696	ESTABLE
2653	0.222	1.573	1.671	ESTABLE
1185	0.248	1.84	1.89	ESTABLE
13141	0.236	1.777	1.646	ESTABLE
12716	0.203	1.461	1.463	ESTABLE
16996	0.244	1.809	1.847	ESTABLE
8510	0.237	1.669	1.738	ESTABLE
8128	0.246	1.816	1.731	ESTABLE
11522	0.23	1.664	1.713	ESTABLE
8114	0.243	1.767	1.689	ESTABLE
7322	0.267	2.05	1.966	ESTABLE
6415	0.22	1.616	1.692	ESTABLE
13113	0.241	1.763	1.765	ESTABLE
17167	0.245	1.755	1.847	ESTABLE
9205	0.23	1.498	1.452	ESTABLE
14782	0.236	1.773	1.713	ESTABLE
4673	0.243	1.759	1.814	ESTABLE
17264	0.24	1.767	1.816	ESTABLE
13850	0.251	1.78	1.857	ESTABLE
2906	0.215	1.619	1.659	ESTABLE
12498	0.215	1.564	1.448	ESTABLE
14774	0.244	1.805	1.791	ESTABLE
15735	0.228	1.56	1.689	ESTABLE
13017	0.231	1.796	1.638	INESTABLE
9198	0.208	1.52	1.446	ESTABLE
4387	0.244	1.816	1.804	ESTABLE
3896	0.255	1.992	1.902	ESTABLE
3946	0.26	1.958	1.872	ESTABLE
14972	0.225	1.623	1.57	ESTABLE
16830	0.239	1.863	1.803	ESTABLE
2862	0.221	1.592	1.62	ESTABLE
10524	0.249	1.794	1.864	ESTABLE
11070	0.251	1.938	1.879	ESTABLE
2433	0.211	1.527	1.56	ESTABLE
13706	0.245	1.761	1.796	ESTABLE
2802	0.219	1.54	1.657	ESTABLE
13140	0.25	1.751	1.736	ESTABLE
7387	0.26	1.98	1.925	ESTABLE
13935	0.242	1.767	1.874	ESTABLE
758	0.24	1.749	1.815	ESTABLE
11636	0.234	1.658	1.736	ESTABLE
19036	0.221	1.638	1.655	ESTABLE
18980	0.225	1.575	1.583	ESTABLE
13256	0.24	1.807	1.809	ESTABLE
7317	0.261	1.909	1.963	ESTABLE
5486	0.218	1.546	1.501	ESTABLE
14055	0.249	1.788	1.898	ESTABLE
4299	0.254	1.879	1.826	ESTABLE
11899	0.235	1.759	1.698	ESTABLE
17161	0.261	1.79	1.817	ESTABLE
19349	0.221	1.569	1.569	ESTABLE
12668	0.204	1.454	1.428	ESTABLE
7158	0.26	1.974	1.866	ESTABLE
16748	0.25	1.875	1.815	ESTABLE
13622	0.239	1.733	1.765	ESTABLE
8141	0.225	1.674	1.67	ESTABLE
13003	0.232	1.711	1.681	ESTABLE
19168	0.216	1.522	1.653	ESTABLE
14034	0.245	1.837	1.882	ESTABLE
10150	0.224	1.725	1.69	ESTABLE
13987	0.26	1.857	1.847	ESTABLE
15581	0.241	1.708	1.692	ESTABLE
16176	0.211	1.48	1.509	ESTABLE
2211	0.215	1.628	1.411	INESTABLE
3465	0.228	1.694	1.718	ESTABLE
5601	0.217	1.565	1.46	ESTABLE
6215	0.221	1.625	1.647	ESTABLE
16911	0.243	1.849	1.812	ESTABLE
13851	0.245	1.799	1.857	ESTABLE
14684	0.245	1.942	1.818	ESTABLE
1733	0.235	1.705	1.687	ESTABLE
444	0.245	1.881	1.865	ESTABLE
8153	0.232	1.718	1.726	ESTABLE
9972	0.241	1.701	1.789	ESTABLE
3524	0.254	1.796	1.778	ESTABLE
10363	0.248	1.665	1.773	ESTABLE
16464	0.228	1.602	1.562	ESTABLE
11493	0.233	1.699	1.654	ESTABLE
15891	0.214	1.459	1.512	ESTABLE
15249	0.213	1.577	1.578	ESTABLE
15285	0.231	1.634	1.559	ESTABLE
8004	0.252	1.799	1.815	ESTABLE
4925	0.259	1.844	1.911	ESTABLE
14765	0.236	1.791	1.734	ESTABLE
9871	0.24	1.761	1.755	ESTABLE
2623	0.217	1.632	1.584	ESTABLE
1749	0.233	1.759	1.65	ESTABLE
5245	0.234	1.63	1.695	ESTABLE
1193	0.243	1.789	1.845	ESTABLE
19070	0.218	1.574	1.606	ESTABLE
7771	0.258	1.923	1.832	ESTABLE
15144	0.228	1.651	1.609	ESTABLE
4466	0.247	1.808	1.844	ESTABLE
16238	0.217	1.515	1.498	ESTABLE
3724	0.256	1.963	1.891	ESTABLE
18680	0.216	1.542	1.522	ESTABLE
937	0.242	1.748	1.773	ESTABLE
3902	0.263	2.022	1.969	ESTABLE
6073	0.231	1.689	1.635	ESTABLE
5754	0.214	1.602	1.398	INESTABLE
15870	0.205	1.517	1.549	ESTABLE
9911	0.244	1.688	1.784	ESTABLE
4951	0.245	1.749	1.777	ESTABLE
11387	0.247	1.783	1.747	ESTABLE
2600	0.232	1.697	1.631	ESTABLE
17684	0.257	1.854	1.944	ESTABLE
10480	0.259	1.858	1.846	ESTABLE
3290	0.238	1.632	1.643	ESTABLE
1635	0.248	1.817	1.838	ESTABLE
15059	0.227	1.634	1.625	ESTABLE
8460	0.239	1.743	1.851	ESTABLE
8629	0.215	1.668	1.664	ESTABLE
15341	0.226	1.651	1.664	ESTABLE
16363	0.217	1.616	1.439	INESTABLE
13977	0.257	1.864	1.882	ESTABLE
14647	0.247	1.753	1.786	ESTABLE
5995	0.227	1.648	1.647	ESTABLE
8735	0.228	1.68	1.659	ESTABLE
704	0.252	1.902	1.903	ESTABLE
14713	0.24	1.832	1.78	ESTABLE
9373	0.217	1.576	1.516	ESTABLE
6704	0.229	1.662	1.673	ESTABLE
14513	0.258	2.039	1.952	ESTABLE
4384	0.255	1.828	1.863	ESTABLE
5264	0.229	1.653	1.651	ESTABLE
12351	0.208	1.516	1.559	ESTABLE
3817	0.257	1.953	1.96	ESTABLE
2859	0.222	1.576	1.621	ESTABLE
766	0.244	1.851	1.825	ESTABLE
5482	0.213	1.551	1.428	ESTABLE
3787	0.247	1.923	1.878	ESTABLE
14337	0.253	1.994	1.947	ESTABLE
3181	0.22	1.591	1.584	ESTABLE
9018	0.213	1.52	1.486	ESTABLE
19364	0.219	1.546	1.614	ESTABLE
6995	0.244	1.836	1.829	ESTABLE
9139	0.206	1.449	1.389	ESTABLE
12889	0.224	1.622	1.617	ESTABLE
14484	0.258	1.996	1.924	ESTABLE
3079	0.227	1.616	1.696	ESTABLE
11891	0.23	1.69	1.687	ESTABLE
863	0.252	1.852	1.855	ESTABLE
6989	0.246	1.83	1.833	ESTABLE
1267	0.254	1.877	1.909	ESTABLE
66	0.242	1.775	1.748	ESTABLE
4595	0.236	1.737	1.803	ESTABLE
6728	0.22	1.614	1.678	ESTABLE
5733	0.212	1.492	1.441	ESTABLE
2006	0.226	1.59	1.551	ESTABLE
9015	0.2	1.437	1.405	ESTABLE
6071	0.211	1.571	1.608	ESTABLE
468	0.244	1.978	1.851	ESTABLE
5275	0.228	1.56	1.642	ESTABLE
17459	0.242	1.748	1.795	ESTABLE
14140	0.262	1.91	1.957	ESTABLE
12918	0.221	1.584	1.485	ESTABLE
13204	0.235	1.759	1.711	ESTABLE
9650	0.238	1.716	1.72	ESTABLE
11177	0.245	1.908	1.801	ESTABLE
12607	0.208	1.518	1.445	ESTABLE
11130	0.255	1.931	1.89	ESTABLE
15531	0.223	1.597	1.665	ESTABLE
5589	0.212	1.444	1.393	ESTABLE
18604	0.202	1.546	1.468	ESTABLE
8582	0.233	1.656	1.738	ESTABLE
7974	0.22	1.708	1.694	ESTABLE
11734	0.228	1.605	1.673	ESTABLE
5117	0.218	1.68	1.735	ESTABLE
11098	0.266	2.025	1.912	ESTABLE
9917	0.232	1.644	1.779	ESTABLE
12974	0.235	1.658	1.598	ESTABLE
3612	0.257	1.827	1.865	ESTABLE
17218	0.237	1.804	1.862	ESTABLE
17185	0.247	1.852	1.867	ESTABLE
12168	0.231	1.58	1.701	ESTABLE
5077	0.234	1.682	1.783	ESTABLE
9365	0.206	1.539	1.474	ESTABLE
3351	0.227	1.691	1.69	ESTABLE
3285	0.232	1.643	1.607	ESTABLE
11661	0.231	1.676	1.649	ESTABLE
9131	0.2	1.485	1.477	ESTABLE
8533	0.236	1.654	1.761	ESTABLE
9284	0.212	1.523	1.517	ESTABLE
4000	0.264	1.976	1.971	ESTABLE
11934	0.238	1.712	1.791	ESTABLE
19209	0.225	1.583	1.613	ESTABLE
7700	0.248	1.885	1.799	ESTABLE
1151	0.247	1.841	1.939	ESTABLE
7571	0.25	2.005	1.911	ESTABLE
5328	0.214	1.594	1.544	ESTABLE
3622	0.238	1.866	1.764	ESTABLE
7182	0.259	1.968	1.897	ESTABLE
12827	0.215	1.487	1.502	ESTABLE
2098	0.216	1.581	1.584	ESTABLE
3877	0.258	2.017	1.964	ESTABLE
8181	0.226	1.677	1.703	ESTABLE
18606	0.213	1.524	1.463	ESTABLE
6324	0.22	1.674	1.674	ESTABLE
12783	0.209	1.462	1.392	ESTABLE
13777	0.244	1.778	1.824	ESTABLE
13188	0.24	1.812	1.743	ESTABLE
731	0.256	1.932	1.846	ESTABLE
2895	0.214	1.519	1.625	ESTABLE
2977	0.226	1.543	1.624	ESTABLE
4723	0.248	1.812	1.871	ESTABLE
2295	0.22	1.655	1.555	ESTABLE
559	0.247	1.9	1.807	ESTABLE
15344	0.228	1.537	1.629	ESTABLE
12690	0.21	1.465	1.484	ESTABLE
7652	0.261	1.947	1.897	ESTABLE
19308	0.227	1.464	1.661	INESTABLE
10341	0.243	1.72	1.796	ESTABLE
3726	0.25	1.976	1.922	ESTABLE
11137	0.261	1.952	1.845	ESTABLE
8581	0.23	1.67	1.749	ESTABLE
16850	0.251	1.862	1.884	ESTABLE
16446	0.228	1.728	1.649	ESTABLE
6402	0.227	1.64	1.658	ESTABLE
19371	0.228	1.566	1.722	INESTABLE
7938	0.243	1.737	1.773	ESTABLE
9800	0.228	1.713	1.721	ESTABLE
15784	0.221	1.459	1.611	INESTABLE
11875	0.24	1.686	1.702	ESTABLE
12826	0.197	1.559	1.441	ESTABLE
12653	0.217	1.514	1.443	ESTABLE
9694	0.226	1.748	1.683	ESTABLE
123	0.232	1.822	1.753	ESTABLE
13683	0.237	1.743	1.804	ESTABLE
17965	0.263	1.922	1.901	ESTABLE
13992	0.249	1.822	1.856	ESTABLE
14707	0.246	1.896	1.769	ESTABLE
10503	0.241	1.823	1.832	ESTABLE
1249	0.253	1.902	1.898	ESTABLE
19731	0.216	1.542	1.592	ESTABLE
18614	0.208	1.529	1.52	ESTABLE
8446	0.246	1.737	1.782	ESTABLE
18288	0.242	1.789	1.719	ESTABLE
12231	0.219	1.641	1.692	ESTABLE
1959	0.223	1.561	1.519	ESTABLE
12949	0.233	1.626	1.556	ESTABLE
5595	0.208	1.463	1.366	ESTABLE
6343	0.234	1.696	1.747	ESTABLE
5839	0.216	1.604	1.548	ESTABLE
15280	0.216	1.605	1.553	ESTABLE
328	0.254	1.998	1.888	ESTABLE
3530	0.24	1.788	1.757	ESTABLE
7702	0.256	1.909	1.85	ESTABLE
11525	0.234	1.723	1.723	ESTABLE
5108	0.226	1.716	1.725	ESTABLE
2952	0.23	1.642	1.708	ESTABLE
2383	0.223	1.598	1.536	ESTABLE
17282	0.242	1.759	1.755	ESTABLE
1075	0.255	1.886	1.986	ESTABLE
6434	0.229	1.589	1.638	ESTABLE
19631	0.222	1.535	1.581	ESTABLE
12356	0.217	1.573	1.615	ESTABLE
15853	0.234	1.532	1.648	ESTABLE
7621	0.254	1.913	1.898	ESTABLE
17243	0.246	1.838	1.792	ESTABLE
18724	0.22	1.609	1.607	ESTABLE
10471	0.249	1.787	1.838	ESTABLE
5970	0.224	1.556	1.603	ESTABLE
4230	0.245	1.85	1.846	ESTABLE
4110	0.257	1.944	1.874	ESTABLE
7895	0.246	1.862	1.817	ESTABLE
19757	0.224	1.544	1.616	ESTABLE
12421	0.207	1.539	1.465	ESTABLE
19939	0.222	1.643	1.626	ESTABLE
12488	0.201	1.454	1.451	ESTABLE
13259	0.232	1.768	1.752	ESTABLE
10432	0.239	1.8	1.789	ESTABLE
11752	0.236	1.629	1.664	ESTABLE
14852	0.244	1.718	1.752	ESTABLE
16910	0.249	1.836	1.862	ESTABLE
13089	0.231	1.682	1.625	ESTABLE
13416	0.249	1.781	1.792	ESTABLE
14063	0.253	1.782	1.926	ESTABLE
10553	0.246	1.842	1.937	ESTABLE
19322	0.217	1.573	1.545	ESTABLE
10489	0.253	1.849	1.91	ESTABLE
16150	0.209	1.47	1.475	ESTABLE
3794	0.26	1.991	1.936	ESTABLE
5591	0.219	1.491	1.497	ESTABLE
1242	0.267	1.885	1.959	ESTABLE
1321	0.259	1.868	1.902	ESTABLE
18051	0.256	1.816	1.907	ESTABLE
13166	0.238	1.778	1.682	ESTABLE
10784	0.261	1.962	1.916	ESTABLE
7118	0.264	1.897	1.87	ESTABLE
11980	0.229	1.693	1.762	ESTABLE
16000	0.212	1.48	1.472	ESTABLE
3131	0.223	1.641	1.671	ESTABLE
16769	0.242	1.803	1.827	ESTABLE
4811	0.232	1.688	1.761	ESTABLE
13429	0.24	1.872	1.77	ESTABLE
14109	0.256	1.914	1.899	ESTABLE
16982	0.261	1.88	1.83	ESTABLE
6615	0.233	1.715	1.677	ESTABLE
4114	0.251	1.895	1.834	ESTABLE
13833	0.239	1.817	1.848	ESTABLE
11176	0.266	1.983	1.871	ESTABLE
6074	0.223	1.668	1.589	ESTABLE
11600	0.233	1.676	1.662	ESTABLE
3337	0.213	1.634	1.587	ESTABLE
2715	0.23	1.675	1.644	ESTABLE
13980	0.247	1.813	1.85	ESTABLE
18489	0.223	1.585	1.533	ESTABLE
11818	0.228	1.641	1.665	ESTABLE
16701	0.26	1.851	1.815	ESTABLE
7978	0.251	1.797	1.797	ESTABLE
16527	0.234	1.758	1.69	ESTABLE
17447	0.243	1.757	1.906	ESTABLE
17511	0.249	1.826	1.886	ESTABLE
12544	0.205	1.518	1.449	ESTABLE
2577	0.225	1.641	1.689	ESTABLE
15886	0.213	1.553	1.498	ESTABLE
13424	0.262	1.821	1.852	ESTABLE
11497	0.238	1.708	1.751	ESTABLE
7854	0.253	1.878	1.755	ESTABLE
2314	0.21	1.536	1.438	ESTABLE
6158	0.23	1.618	1.612	ESTABLE
2922	0.218	1.623	1.6	ESTABLE
11438	0.233	1.736	1.677	ESTABLE
70	0.245	1.796	1.752	ESTABLE
18470	0.228	1.617	1.535	ESTABLE
7730	0.261	1.885	1.846	ESTABLE
764	0.243	1.769	1.781	ESTABLE
19839	0.221	1.542	1.553	ESTABLE
8327	0.236	1.784	1.802	ESTABLE
17848	0.253	1.926	1.941	ESTABLE
3964	0.249	1.901	1.875	ESTABLE
15414	0.225	1.591	1.737	ESTABLE
19902	0.227	1.595	1.604	ESTABLE
4619	0.242	1.721	1.834	ESTABLE
15090	0.209	1.612	1.532	ESTABLE
13345	0.246	1.874	1.826	ESTABLE
12239	0.218	1.57	1.641	ESTABLE
8001	0.24	1.842	1.848	ESTABLE
11620	0.237	1.713	1.753	ESTABLE
11465	0.225	1.66	1.672	ESTABLE
1969	0.226	1.619	1.545	ESTABLE
18928	0.228	1.624	1.594	ESTABLE
10148	0.232	1.647	1.707	ESTABLE
5230	0.227	1.596	1.703	ESTABLE
1653	0.243	1.801	1.81	ESTABLE
11897	0.24	1.67	1.774	ESTABLE
1538	0.255	1.8	1.817	ESTABLE
11671	0.227	1.594	1.652	ESTABLE
12092	0.233	1.596	1.669	ESTABLE
6198	0.232	1.676	1.649	ESTABLE
14947	0.233	1.661	1.579	ESTABLE
8865	0.22	1.585	1.65	ESTABLE
10868	0.261	1.965	1.923	ESTABLE
14798	0.251	1.785	1.726	ESTABLE
9779	0.243	1.708	1.747	ESTABLE
4437	0.245	1.834	1.777	ESTABLE
14029	0.262	1.836	1.923	ESTABLE
2312	0.215	1.538	1.503	ESTABLE
16908	0.253	1.902	1.936	ESTABLE
11579	0.237	1.674	1.677	ESTABLE
9292	0.201	1.514	1.449	ESTABLE
10976	0.256	1.924	1.891	ESTABLE
6380	0.236	1.633	1.663	ESTABLE
4942	0.245	1.825	1.868	ESTABLE
8300	0.243	1.712	1.808	ESTABLE
638	0.249	1.889	1.804	ESTABLE
9948	0.245	1.703	1.756	ESTABLE
19400	0.218	1.604	1.665	ESTABLE
2212	0.218	1.511	1.466	ESTABLE
19709	0.214	1.569	1.501	ESTABLE
3476	0.239	1.8	1.771	ESTABLE
5298	0.219	1.62	1.605	ESTABLE
3044	0.217	1.522	1.6	ESTABLE
10481	0.246	1.853	1.86	ESTABLE
18512	0.221	1.575	1.578	ESTABLE
9704	0.243	1.727	1.669	ESTABLE
8468	0.242	1.723	1.739	ESTABLE
13774	0.25	1.744	1.87	ESTABLE
16494	0.238	1.704	1.697	ESTABLE
16243	0.209	1.533	1.565	ESTABLE
13275	0.247	1.795	1.846	ESTABLE
2566	0.218	1.597	1.65	ESTABLE
3911	0.254	1.961	1.892	ESTABLE
3838	0.272	1.968	1.971	ESTABLE
5673	0.206	1.528	1.453	ESTABLE
6690	0.234	1.673	1.662	ESTABLE
633	0.265	1.929	1.861	ESTABLE
16873	0.241	1.785	1.796	ESTABLE
10956	0.265	1.996	1.974	ESTABLE
14594	0.248	1.907	1.854	ESTABLE
7996	0.243	1.753	1.802	ESTABLE
11678	0.235	1.705	1.692	ESTABLE
12572	0.215	1.478	1.432	ESTABLE
16944	0.251	1.886	1.851	ESTABLE
3214	0.213	1.571	1.619	ESTABLE
1794	0.233	1.689	1.687	ESTABLE
14540	0.249	1.978	1.959	ESTABLE
19121	0.215	1.584	1.602	ESTABLE
3281	0.236	1.682	1.613	ESTABLE
13022	0.224	1.682	1.552	ESTABLE
6088	0.222	1.619	1.587	ESTABLE
1026	0.246	1.894	1.823	ESTABLE
7792	0.251	1.837	1.868	ESTABLE
15033	0.224	1.629	1.582	ESTABLE
3093	0.223	1.54	1.581	ESTABLE
4273	0.241	1.783	1.769	ESTABLE
16016	0.213	1.423	1.468	ESTABLE
7972	0.239	1.762	1.722	ESTABLE
13015	0.224	1.684	1.683	ESTABLE
19471	0.218	1.546	1.56	ESTABLE
7631	0.253	1.955	1.991	ESTABLE
9640	0.214	1.633	1.603	ESTABLE
1863	0.235	1.684	1.619	ESTABLE
5812	0.216	1.562	1.532	ESTABLE
2508	0.223	1.58	1.566	ESTABLE
14555	0.248	1.93	1.923	ESTABLE
4687	0.254	1.795	1.787	ESTABLE
7530	0.257	2.023	1.913	ESTABLE
2114	0.218	1.596	1.57	ESTABLE
6796	0.232	1.72	1.72	ESTABLE
18946	0.225	1.627	1.638	ESTABLE
4540	0.247	1.785	1.807	ESTABLE
14378	0.264	1.969	1.958	ESTABLE
12417	0.222	1.54	1.543	ESTABLE
7768	0.26	1.901	1.813	ESTABLE
10235	0.237	1.731	1.771	ESTABLE
3471	0.246	1.749	1.708	ESTABLE
6822	0.234	1.677	1.776	ESTABLE
3248	0.23	1.554	1.676	ESTABLE
179	0.261	1.89	1.806	ESTABLE
11096	0.251	1.928	1.895	ESTABLE
16477	0.228	1.658	1.651	ESTABLE
527	0.268	1.949	1.892	ESTABLE
14162	0.263	1.969	2	ESTABLE
2555	0.233	1.661	1.554	ESTABLE
1823	0.231	1.639	1.631	ESTABLE
10511	0.243	1.722	1.813	ESTABLE
17585	0.263	1.918	1.948	ESTABLE
9450	0.211	1.535	1.541	ESTABLE
5527	0.213	1.566	1.483	ESTABLE
6743	0.229	1.673	1.672	ESTABLE
12012	0.228	1.687	1.677	ESTABLE
11316	0.258	1.828	1.746	ESTABLE
2296	0.222	1.568	1.548	ESTABLE
19507	0.225	1.501	1.601	ESTABLE
14303	0.263	2.019	2.008	ESTABLE
16894	0.249	1.939	1.812	ESTABLE
6824	0.248	1.633	1.735	ESTABLE
205	0.245	1.919	1.844	ESTABLE
1263	0.25	1.889	1.909	ESTABLE
18899	0.222	1.628	1.579	ESTABLE
1295	0.24	1.806	1.919	ESTABLE
12325	0.216	1.588	1.641	ESTABLE
13772	0.242	1.694	1.786	ESTABLE
10459	0.245	1.762	1.855	ESTABLE
495	0.249	1.932	1.781	INESTABLE
18892	0.211	1.585	1.562	ESTABLE
14286	0.25	1.839	1.918	ESTABLE
9842	0.231	1.635	1.693	ESTABLE
1737	0.23	1.691	1.674	ESTABLE
8962	0.215	1.535	1.482	ESTABLE
17543	0.239	1.82	1.85	ESTABLE
17209	0.246	1.737	1.778	ESTABLE
18441	0.227	1.684	1.596	ESTABLE
6185	0.231	1.718	1.709	ESTABLE
14650	0.247	1.845	1.794	ESTABLE
1921	0.212	1.622	1.489	ESTABLE
10520	0.252	1.79	1.87	ESTABLE
17788	0.248	1.857	1.875	ESTABLE
3680	0.243	1.879	1.838	ESTABLE
14623	0.242	1.86	1.801	ESTABLE
3974	0.262	1.985	1.938	ESTABLE
13994	0.252	1.925	1.822	ESTABLE
18618	0.217	1.563	1.573	ESTABLE
7544	0.263	1.99	1.938	ESTABLE
14128	0.255	1.866	1.928	ESTABLE
2284	0.22	1.53	1.549	ESTABLE
5913	0.225	1.648	1.53	ESTABLE
5724	0.211	1.51	1.403	ESTABLE
19988	0.234	1.75	1.654	ESTABLE
10415	0.241	1.682	1.796	ESTABLE
2189	0.216	1.515	1.439	ESTABLE
19335	0.217	1.584	1.675	ESTABLE
5938	0.214	1.609	1.522	ESTABLE
282	0.244	1.915	1.858	ESTABLE
3331	0.24	1.654	1.746	ESTABLE
47	0.24	1.733	1.743	ESTABLE
5927	0.215	1.55	1.544	ESTABLE
3854	0.257	1.983	1.959	ESTABLE
8504	0.25	1.68	1.789	ESTABLE
3594	0.238	1.815	1.742	ESTABLE
18556	0.219	1.564	1.486	ESTABLE
8357	0.229	1.678	1.795	ESTABLE
17357	0.247	1.814	1.839	ESTABLE
3771	0.252	1.905	1.872	ESTABLE
8071	0.235	1.75	1.85	ESTABLE
8145	0.235	1.73	1.697	ESTABLE
12443	0.22	1.507	1.587	ESTABLE
19769	0.224	1.609	1.646	ESTABLE
4029	0.271	2.041	1.987	ESTABLE
2265	0.211	1.557	1.535	ESTABLE
17424	0.246	1.864	1.859	ESTABLE
13177	0.238	1.761	1.693	ESTABLE
7886	0.247	1.832	1.825	ESTABLE
11807	0.229	1.616	1.732	ESTABLE
8098	0.235	1.768	1.732	ESTABLE
13842	0.235	1.698	1.79	ESTABLE
5778	0.215	1.536	1.556	ESTABLE
10187	0.237	1.742	1.796	ESTABLE
15043	0.225	1.697	1.572	ESTABLE
19525	0.211	1.445	1.586	ESTABLE
10022	0.224	1.699	1.751	ESTABLE
16550	0.237	1.734	1.678	ESTABLE
9010	0.205	1.497	1.463	ESTABLE
13171	0.234	1.708	1.678	ESTABLE
7004	0.253	1.857	1.864	ESTABLE
12760	0.221	1.495	1.574	ESTABLE
17495	0.266	1.802	1.936	ESTABLE
7839	0.241	1.837	1.743	ESTABLE
16386	0.24	1.672	1.627	ESTABLE
10261	0.223	1.653	1.712	ESTABLE
2422	0.224	1.634	1.543	ESTABLE
17320	0.247	1.744	1.824	ESTABLE
15162	0.216	1.681	1.611	ESTABLE
11953	0.234	1.649	1.689	ESTABLE
16782	0.247	1.862	1.787	ESTABLE
14081	0.253	1.839	1.871	ESTABLE
18784	0.214	1.544	1.585	ESTABLE
8425	0.229	1.695	1.758	ESTABLE
15730	0.23	1.584	1.662	ESTABLE
4442	0.24	1.788	1.831	ESTABLE
17854	0.266	1.961	2.011	ESTABLE
18879	0.228	1.642	1.578	ESTABLE
19906	0.227	1.686	1.612	ESTABLE
9394	0.215	1.565	1.516	ESTABLE
15115	0.223	1.635	1.569	ESTABLE
19909	0.226	1.681	1.629	ESTABLE
15351	0.215	1.51	1.6	ESTABLE
5487	0.194	1.414	1.395	ESTABLE
16458	0.216	1.648	1.559	ESTABLE
12189	0.228	1.561	1.647	ESTABLE
2476	0.235	1.635	1.626	ESTABLE
711	0.243	1.828	1.862	ESTABLE
16954	0.254	1.902	1.848	ESTABLE
18478	0.218	1.608	1.514	ESTABLE
13580	0.239	1.77	1.771	ESTABLE
17263	0.241	1.776	1.83	ESTABLE
1250	0.261	1.913	1.956	ESTABLE
19861	0.225	1.653	1.593	ESTABLE
15032	0.222	1.642	1.604	ESTABLE
11501	0.232	1.667	1.6	ESTABLE
17126	0.245	1.828	1.752	ESTABLE
12209	0.243	1.653	1.676	ESTABLE
19512	0.219	1.535	1.572	ESTABLE
8058	0.245	1.779	1.764	ESTABLE
13743	0.242	1.696	1.769	ESTABLE
12784	0.214	1.545	1.424	ESTABLE
13916	0.237	1.822	1.806	ESTABLE
8745	0.226	1.613	1.663	ESTABLE
12075	0.236	1.591	1.677	ESTABLE
9222	0.216	1.435	1.465	ESTABLE
6315	0.239	1.671	1.668	ESTABLE
6999	0.228	1.797	1.748	ESTABLE
3714	0.255	1.839	1.901	ESTABLE
17428	0.251	1.837	1.839	ESTABLE
15680	0.228	1.561	1.664	ESTABLE
14993	0.228	1.65	1.7	ESTABLE
10937	0.259	1.988	1.945	ESTABLE
6805	0.227	1.606	1.669	ESTABLE
1681	0.242	1.765	1.709	ESTABLE
4862	0.252	1.868	1.819	ESTABLE
9453	0.222	1.616	1.55	ESTABLE
730	0.242	1.851	1.828	ESTABLE
9999	0.232	1.715	1.744	ESTABLE
9660	0.236	1.697	1.733	ESTABLE
10551	0.251	1.825	1.822	ESTABLE
916	0.254	1.765	1.848	ESTABLE
15538	0.232	1.531	1.604	ESTABLE
2532	0.228	1.575	1.611	ESTABLE
19842	0.23	1.643	1.607	ESTABLE
5436	0.209	1.511	1.496	ESTABLE
11632	0.219	1.61	1.554	ESTABLE
2673	0.218	1.581	1.61	ESTABLE
13168	0.23	1.758	1.653	ESTABLE
7872	0.241	1.784	1.78	ESTABLE
2282	0.207	1.507	1.44	ESTABLE
13598	0.246	1.742	1.834	ESTABLE
17089	0.238	1.758	1.761	ESTABLE
14114	0.266	1.88	1.961	ESTABLE
10364	0.239	1.748	1.731	ESTABLE
11317	0.227	1.66	1.728	ESTABLE
17427	0.239	1.766	1.834	ESTABLE
2337	0.22	1.546	1.545	ESTABLE
4386	0.232	1.689	1.734	ESTABLE
11845	0.244	1.627	1.724	ESTABLE
14642	0.239	1.846	1.823	ESTABLE
13817	0.256	1.756	1.826	ESTABLE
717	0.247	1.855	1.832	ESTABLE
223	0.244	1.826	1.831	ESTABLE
11573	0.225	1.568	1.647	ESTABLE
11043	0.263	1.938	1.97	ESTABLE
18474	0.235	1.72	1.59	ESTABLE
6192	0.228	1.633	1.602	ESTABLE
1634	0.236	1.749	1.679	ESTABLE
14625	0.257	1.875	1.811	ESTABLE
2250	0.221	1.554	1.472	ESTABLE
14882	0.24	1.784	1.698	ESTABLE
6595	0.233	1.646	1.673	ESTABLE
16583	0.236	1.767	1.652	ESTABLE
15594	0.222	1.645	1.626	ESTABLE
6987	0.251	1.806	1.758	ESTABLE
12639	0.21	1.446	1.487	ESTABLE
2352	0.227	1.637	1.558	ESTABLE
12510	0.214	1.433	1.426	ESTABLE
9654	0.239	1.701	1.634	ESTABLE
10862	0.261	2	1.934	ESTABLE
2912	0.236	1.601	1.622	ESTABLE
10818	0.258	2	1.999	ESTABLE
5082	0.25	1.822	1.843	ESTABLE
345	0.269	2.017	1.957	ESTABLE
4622	0.25	1.748	1.827	ESTABLE
10998	0.245	1.976	1.902	ESTABLE
8037	0.241	1.743	1.809	ESTABLE
3095	0.208	1.515	1.604	ESTABLE
19108	0.219	1.624	1.641	ESTABLE
3032	0.221	1.518	1.559	ESTABLE
13093	0.234	1.836	1.671	INESTABLE
10209	0.242	1.683	1.747	ESTABLE
9859	0.233	1.666	1.701	ESTABLE
1536	0.245	1.754	1.826	ESTABLE
15097	0.23	1.632	1.592	ESTABLE
13745	0.241	1.749	1.808	ESTABLE
16287	0.213	1.541	1.5	ESTABLE
7110	0.258	1.812	1.899	ESTABLE
12981	0.227	1.59	1.629	ESTABLE
7309	0.263	1.947	1.952	ESTABLE
2551	0.229	1.669	1.672	ESTABLE
14472	0.257	1.952	1.927	ESTABLE
3342	0.215	1.511	1.545	ESTABLE
18779	0.219	1.475	1.559	ESTABLE
12340	0.221	1.484	1.52	ESTABLE
14327	0.277	2.054	2.033	ESTABLE
15164	0.21	1.581	1.525	ESTABLE
15706	0.224	1.628	1.673	ESTABLE
12523	0.206	1.486	1.463	ESTABLE
10228	0.216	1.615	1.741	ESTABLE
1744	0.236	1.735	1.737	ESTABLE
12308	0.214	1.481	1.572	ESTABLE
4195	0.263	1.938	1.855	ESTABLE
2896	0.232	1.602	1.686	ESTABLE
4583	0.238	1.75	1.837	ESTABLE
12259	0.217	1.595	1.605	ESTABLE
14407	0.268	1.937	1.982	ESTABLE
17480	0.247	1.836	1.898	ESTABLE
939	0.235	1.891	1.803	ESTABLE
5319	0.237	1.648	1.622	ESTABLE
9947	0.224	1.737	1.725	ESTABLE
11157	0.247	1.933	1.823	ESTABLE
2190	0.206	1.528	1.462	ESTABLE
4327	0.248	1.84	1.814	ESTABLE
11292	0.251	1.825	1.77	ESTABLE
5318	0.229	1.593	1.645	ESTABLE
6048	0.228	1.609	1.633	ESTABLE
16757	0.237	1.861	1.722	ESTABLE
12081	0.219	1.594	1.635	ESTABLE
1904	0.224	1.67	1.586	ESTABLE
3441	0.233	1.725	1.733	ESTABLE
12995	0.229	1.668	1.544	ESTABLE
14894	0.218	1.72	1.633	ESTABLE
4431	0.244	1.808	1.792	ESTABLE
2179	0.203	1.503	1.503	ESTABLE
11144	0.26	1.909	1.799	ESTABLE
10672	0.263	1.945	1.963	ESTABLE
18362	0.232	1.67	1.593	ESTABLE
17445	0.241	1.748	1.813	ESTABLE
3903	0.256	1.994	1.935	ESTABLE
748	0.247	1.767	1.849	ESTABLE
3669	0.256	1.945	1.894	ESTABLE
2804	0.223	1.606	1.595	ESTABLE
11428	0.229	1.697	1.683	ESTABLE
4400	0.242	1.719	1.788	ESTABLE
4856	0.239	1.718	1.844	ESTABLE
3610	0.256	1.874	1.77	ESTABLE
19212	0.22	1.564	1.636	ESTABLE
4241	0.246	1.874	1.82	ESTABLE
8255	0.246	1.858	1.831	ESTABLE
10344	0.244	1.771	1.783	ESTABLE
9701	0.243	1.679	1.719	ESTABLE
8661	0.231	1.698	1.669	ESTABLE
14198	0.26	1.897	1.967	ESTABLE
11760	0.231	1.726	1.715	ESTABLE
19830	0.228	1.649	1.633	ESTABLE
3016	0.221	1.61	1.602	ESTABLE
3391	0.233	1.712	1.674	ESTABLE
13136	0.238	1.784	1.708	ESTABLE
6568	0.223	1.591	1.631	ESTABLE
18367	0.22	1.67	1.584	ESTABLE
6294	0.231	1.675	1.679	ESTABLE
8345	0.239	1.738	1.727	ESTABLE
7173	0.267	2.036	2.015	ESTABLE
2712	0.225	1.665	1.634	ESTABLE
1229	0.26	1.866	1.94	ESTABLE
17564	0.258	1.832	1.972	ESTABLE
19809	0.206	1.558	1.559	ESTABLE
15243	0.208	1.58	1.644	ESTABLE
14729	0.246	1.849	1.775	ESTABLE
997	0.243	1.844	1.893	ESTABLE
17753	0.249	1.865	1.899	ESTABLE
4746	0.243	1.827	1.817	ESTABLE
16273	0.219	1.609	1.584	ESTABLE
4492	0.248	1.791	1.767	ESTABLE
2736	0.23	1.634	1.634	ESTABLE
359	0.26	1.933	1.908	ESTABLE
18000	0.242	1.894	1.844	ESTABLE
6865	0.235	1.71	1.671	ESTABLE
7911	0.231	1.711	1.798	ESTABLE
1110	0.254	1.806	1.884	ESTABLE
14872	0.23	1.699	1.657	ESTABLE
1924	0.225	1.541	1.521	ESTABLE
17222	0.252	1.796	1.924	ESTABLE
5997	0.224	1.652	1.604	ESTABLE
11287	0.249	1.782	1.82	ESTABLE
19233	0.228	1.633	1.666	ESTABLE
6852	0.23	1.689	1.766	ESTABLE
9794	0.231	1.725	1.769	ESTABLE
9081	0.21	1.475	1.386	ESTABLE
14061	0.243	1.866	1.863	ESTABLE
2518	0.214	1.568	1.596	ESTABLE
9357	0.218	1.579	1.468	ESTABLE
7770	0.239	1.811	1.862	ESTABLE
9954	0.237	1.746	1.718	ESTABLE
9893	0.238	1.663	1.704	ESTABLE
15962	0.219	1.493	1.582	ESTABLE
16635	0.233	1.794	1.725	ESTABLE
7304	0.253	1.862	1.92	ESTABLE
3161	0.219	1.507	1.584	ESTABLE
13770	0.253	1.821	1.886	ESTABLE
19881	0.232	1.734	1.63	ESTABLE
1972	0.228	1.641	1.567	ESTABLE
2138	0.215	1.526	1.513	ESTABLE
19319	0.224	1.561	1.622	ESTABLE
1430	0.235	1.841	1.868	ESTABLE
9250	0.205	1.491	1.368	ESTABLE
18390	0.221	1.669	1.585	ESTABLE
12111	0.231	1.607	1.727	ESTABLE
3904	0.266	2	1.907	ESTABLE
19217	0.218	1.624	1.706	ESTABLE
5921	0.215	1.598	1.612	ESTABLE
13330	0.244	1.794	1.797	ESTABLE
8621	0.233	1.69	1.734	ESTABLE
2135	0.207	1.563	1.434	ESTABLE
8598	0.224	1.618	1.694	ESTABLE
12042	0.22	1.592	1.683	ESTABLE
13803	0.24	1.763	1.813	ESTABLE
12530	0.202	1.42	1.476	ESTABLE
5477	0.219	1.582	1.507	ESTABLE
8540	0.252	1.683	1.824	ESTABLE
11922	0.232	1.665	1.753	ESTABLE
4134	0.253	1.889	1.89	ESTABLE
15689	0.224	1.632	1.718	ESTABLE
7060	0.247	1.848	1.791	ESTABLE
14620	0.261	1.942	1.858	ESTABLE
18739	0.225	1.616	1.717	ESTABLE
15234	0.209	1.5	1.551	ESTABLE
4675	0.238	1.741	1.757	ESTABLE
3474	0.238	1.665	1.815	INESTABLE
18757	0.208	1.585	1.563	ESTABLE
16775	0.258	1.956	1.79	INESTABLE
18491	0.212	1.648	1.494	INESTABLE
12376	0.214	1.559	1.554	ESTABLE
2978	0.223	1.635	1.644	ESTABLE
780	0.256	1.751	1.789	ESTABLE
5241	0.239	1.63	1.579	ESTABLE
4047	0.266	1.963	1.944	ESTABLE
6850	0.237	1.728	1.778	ESTABLE
5752	0.226	1.571	1.514	ESTABLE
4597	0.244	1.728	1.767	ESTABLE
14971	0.228	1.65	1.642	ESTABLE
12771	0.217	1.549	1.502	ESTABLE
17008	0.245	1.887	1.875	ESTABLE
4986	0.234	1.762	1.782	ESTABLE
847	0.247	1.788	1.804	ESTABLE
8945	0.218	1.522	1.471	ESTABLE
8354	0.236	1.709	1.781	ESTABLE
1006	0.242	1.854	1.777	ESTABLE
7852	0.266	1.857	1.793	ESTABLE
14927	0.238	1.753	1.669	ESTABLE
13816	0.238	1.779	1.804	ESTABLE
16341	0.23	1.658	1.51	ESTABLE
3792	0.253	1.839	1.86	ESTABLE
5021	0.234	1.731	1.828	ESTABLE
6674	0.225	1.622	1.663	ESTABLE
6232	0.224	1.631	1.647	ESTABLE
8698	0.229	1.598	1.657	ESTABLE
15921	0.216	1.527	1.51	ESTABLE
3271	0.225	1.62	1.668	ESTABLE
13312	0.232	1.817	1.702	ESTABLE
19679	0.208	1.54	1.55	ESTABLE
15195	0.22	1.605	1.495	ESTABLE
9434	0.214	1.699	1.53	INESTABLE
4487	0.248	1.772	1.836	ESTABLE
629	0.255	1.845	1.867	ESTABLE
6575	0.233	1.654	1.657	ESTABLE
2168	0.22	1.567	1.489	ESTABLE
19194	0.225	1.528	1.653	ESTABLE
3759	0.257	1.969	1.922	ESTABLE
17532	0.25	1.855	1.87	ESTABLE
3092	0.211	1.51	1.532	ESTABLE
2969	0.206	1.535	1.571	ESTABLE
19457	0.219	1.521	1.582	ESTABLE
17669	0.25	1.809	1.957	ESTABLE
18054	0.252	1.82	1.988	INESTABLE
3251	0.219	1.609	1.587	ESTABLE
18224	0.239	1.728	1.757	ESTABLE
4053	0.255	1.987	1.896	ESTABLE
4318	0.25	1.835	1.859	ESTABLE
1885	0.215	1.683	1.559	ESTABLE
10071	0.234	1.718	1.746	ESTABLE
4088	0.26	1.85	1.881	ESTABLE
18147	0.249	1.796	1.807	ESTABLE
13912	0.243	1.772	1.786	ESTABLE
2499	0.224	1.593	1.566	ESTABLE
16476	0.223	1.672	1.639	ESTABLE
11028	0.26	1.998	1.934	ESTABLE
16988	0.24	1.849	1.761	ESTABLE
16382	0.221	1.626	1.499	ESTABLE
12839	0.225	1.554	1.575	ESTABLE
19890	0.218	1.61	1.542	ESTABLE
7868	0.252	1.829	1.845	ESTABLE
7117	0.243	1.84	1.848	ESTABLE
132	0.263	1.832	1.798	ESTABLE
7040	0.243	1.793	1.847	ESTABLE
9152	0.197	1.409	1.377	ESTABLE
14870	0.231	1.668	1.61	ESTABLE
11450	0.25	1.756	1.749	ESTABLE
17856	0.249	1.909	1.954	ESTABLE
13112	0.24	1.683	1.771	ESTABLE
16809	0.24	1.856	1.784	ESTABLE
2549	0.224	1.558	1.66	ESTABLE
2067	0.205	1.508	1.445	ESTABLE
347	0.245	1.943	1.862	ESTABLE
13681	0.238	1.701	1.729	ESTABLE
12840	0.22	1.656	1.593	ESTABLE
2154	0.197	1.491	1.421	ESTABLE
6371	0.232	1.577	1.697	ESTABLE
15126	0.225	1.66	1.637	ESTABLE
6552	0.212	1.577	1.642	ESTABLE
5323	0.23	1.546	1.611	ESTABLE
9031	0.201	1.459	1.404	ESTABLE
12357	0.215	1.489	1.523	ESTABLE
8013	0.237	1.782	1.811	ESTABLE
6900	0.239	1.72	1.738	ESTABLE
8929	0.197	1.496	1.395	ESTABLE
4355	0.246	1.844	1.77	ESTABLE
12121	0.215	1.599	1.653	ESTABLE
9598	0.225	1.684	1.646	ESTABLE
2627	0.217	1.557	1.635	ESTABLE
14398	0.258	1.984	2.015	ESTABLE
5427	0.208	1.544	1.494	ESTABLE
6899	0.237	1.666	1.73	ESTABLE
18572	0.214	1.627	1.54	ESTABLE
10104	0.228	1.635	1.765	ESTABLE
10330	0.241	1.809	1.866	ESTABLE
4668	0.23	1.775	1.819	ESTABLE
15458	0.239	1.598	1.698	ESTABLE
1814	0.234	1.69	1.691	ESTABLE
19193	0.226	1.53	1.693	INESTABLE
12841	0.236	1.598	1.54	ESTABLE
15151	0.216	1.581	1.564	ESTABLE
7111	0.256	1.899	1.93	ESTABLE
5796	0.215	1.519	1.496	ESTABLE
8853	0.219	1.551	1.533	ESTABLE
2652	0.215	1.577	1.565	ESTABLE
7199	0.243	1.842	1.795	ESTABLE
7186	0.248	1.828	1.85	ESTABLE
1781	0.225	1.645	1.677	ESTABLE
4416	0.239	1.729	1.746	ESTABLE
2985	0.228	1.633	1.697	ESTABLE
15301	0.228	1.573	1.613	ESTABLE
19777	0.212	1.568	1.564	ESTABLE
13301	0.236	1.787	1.791	ESTABLE
16805	0.247	1.862	1.797	ESTABLE
6478	0.222	1.564	1.63	ESTABLE
13548	0.252	1.844	1.763	ESTABLE
3705	0.259	1.93	1.897	ESTABLE
18049	0.251	1.896	1.921	ESTABLE
19578	0.216	1.501	1.52	ESTABLE
17754	0.264	1.939	1.942	ESTABLE
7986	0.248	1.826	1.77	ESTABLE
2030	0.219	1.56	1.499	ESTABLE
6730	0.221	1.638	1.741	ESTABLE
9625	0.227	1.636	1.67	ESTABLE
17691	0.262	1.922	1.928	ESTABLE
9734	0.237	1.714	1.72	ESTABLE
17744	0.26	1.845	1.859	ESTABLE
12503	0.219	1.545	1.498	ESTABLE
7059	0.262	1.91	1.798	ESTABLE
1661	0.245	1.808	1.737	ESTABLE
17305	0.254	1.784	1.899	ESTABLE
5809	0.212	1.542	1.505	ESTABLE
6588	0.229	1.609	1.671	ESTABLE
16648	0.246	1.852	1.78	ESTABLE
13761	0.236	1.659	1.755	ESTABLE
12496	0.21	1.47	1.48	ESTABLE
1756	0.232	1.715	1.75	ESTABLE
5799	0.212	1.569	1.488	ESTABLE
14248	0.24	1.906	1.858	ESTABLE
5383	0.227	1.599	1.534	ESTABLE
13905	0.241	1.782	1.826	ESTABLE
15441	0.219	1.581	1.536	ESTABLE
5829	0.223	1.564	1.556	ESTABLE
943	0.248	1.778	1.82	ESTABLE
13881	0.251	1.865	1.903	ESTABLE
7587	0.255	1.912	1.862	ESTABLE
581	0.248	1.914	1.801	ESTABLE
8447	0.248	1.799	1.873	ESTABLE
15635	0.236	1.619	1.723	ESTABLE
13889	0.238	1.706	1.737	ESTABLE
6450	0.231	1.689	1.692	ESTABLE
37	0.233	1.796	1.708	ESTABLE
3491	0.245	1.802	1.825	ESTABLE
4338	0.254	1.805	1.83	ESTABLE
14631	0.25	1.936	1.824	ESTABLE
7916	0.245	1.744	1.727	ESTABLE
4902	0.243	1.824	1.832	ESTABLE
4753	0.24	1.783	1.787	ESTABLE
1932	0.211	1.645	1.527	ESTABLE
4093	0.252	1.898	1.845	ESTABLE
5538	0.205	1.503	1.493	ESTABLE
1856	0.229	1.668	1.638	ESTABLE
6116	0.227	1.611	1.654	ESTABLE
13032	0.232	1.706	1.651	ESTABLE
6212	0.221	1.656	1.675	ESTABLE
18521	0.214	1.598	1.501	ESTABLE
9289	0.21	1.523	1.514	ESTABLE
10654	0.263	1.85	1.885	ESTABLE
5789	0.215	1.541	1.454	ESTABLE
8417	0.234	1.717	1.818	ESTABLE
2185	0.228	1.561	1.482	ESTABLE
6014	0.233	1.695	1.618	ESTABLE
1231	0.252	1.848	1.909	ESTABLE
2865	0.222	1.54	1.551	ESTABLE
15390	0.217	1.625	1.607	ESTABLE
18227	0.233	1.845	1.805	ESTABLE
2762	0.214	1.581	1.556	ESTABLE
7351	0.264	2.028	1.929	ESTABLE
694	0.249	1.866	1.912	ESTABLE
8653	0.222	1.644	1.629	ESTABLE
12296	0.215	1.567	1.577	ESTABLE
12643	0.212	1.41	1.478	ESTABLE
6963	0.245	1.773	1.841	ESTABLE
120	0.24	1.797	1.737	ESTABLE
17768	0.267	1.914	1.979	ESTABLE
13604	0.242	1.7	1.837	ESTABLE
12391	0.215	1.509	1.579	ESTABLE
9155	0.207	1.422	1.457	ESTABLE
8438	0.252	1.761	1.799	ESTABLE
8157	0.241	1.817	1.816	ESTABLE
7859	0.236	1.752	1.788	ESTABLE
12338	0.231	1.558	1.574	ESTABLE
8335	0.245	1.728	1.748	ESTABLE
6947	0.242	1.771	1.769	ESTABLE
12380	0.208	1.51	1.546	ESTABLE
10059	0.241	1.707	1.765	ESTABLE
4684	0.242	1.804	1.758	ESTABLE
1386	0.252	1.913	1.981	ESTABLE
19306	0.234	1.607	1.599	ESTABLE
2706	0.229	1.656	1.632	ESTABLE
1535	0.248	1.867	1.846	ESTABLE
3933	0.25	1.956	1.915	ESTABLE
12422	0.212	1.489	1.5	ESTABLE
15017	0.234	1.652	1.625	ESTABLE
1477	0.252	1.846	1.882	ESTABLE
16101	0.225	1.477	1.539	ESTABLE
6661	0.227	1.604	1.681	ESTABLE
19443	0.229	1.468	1.665	INESTABLE
1425	0.237	1.77	1.838	ESTABLE
5001	0.251	1.823	1.908	ESTABLE
19365	0.23	1.581	1.631	ESTABLE
13078	0.234	1.755	1.615	ESTABLE
7009	0.247	1.813	1.796	ESTABLE
13641	0.252	1.781	1.796	ESTABLE
14506	0.253	1.907	1.907	ESTABLE
19647	0.2	1.51	1.531	ESTABLE
17725	0.262	1.907	1.993	ESTABLE
5800	0.205	1.488	1.455	ESTABLE
7192	0.269	1.949	1.933	ESTABLE
12705	0.217	1.501	1.503	ESTABLE
7501	0.265	1.927	1.961	ESTABLE
13176	0.241	1.722	1.765	ESTABLE
12316	0.221	1.538	1.548	ESTABLE
6065	0.234	1.616	1.646	ESTABLE
10260	0.247	1.782	1.795	ESTABLE
12026	0.219	1.65	1.683	ESTABLE
6207	0.218	1.602	1.64	ESTABLE
9557	0.228	1.746	1.653	ESTABLE
2071	0.223	1.587	1.48	ESTABLE
2548	0.217	1.58	1.644	ESTABLE
8415	0.24	1.76	1.797	ESTABLE
9146	0.203	1.461	1.425	ESTABLE
14318	0.257	2.021	1.908	ESTABLE
2091	0.203	1.494	1.431	ESTABLE
7813	0.252	1.772	1.764	ESTABLE
6598	0.222	1.556	1.706	ESTABLE
8712	0.227	1.667	1.691	ESTABLE
5656	0.195	1.421	1.52	ESTABLE
8881	0.229	1.621	1.596	ESTABLE
13147	0.247	1.79	1.844	ESTABLE
5211	0.233	1.645	1.716	ESTABLE
18728	0.213	1.568	1.503	ESTABLE
17158	0.239	1.86	1.846	ESTABLE
13266	0.237	1.77	1.802	ESTABLE
17036	0.246	1.857	1.897	ESTABLE
4621	0.25	1.71	1.805	ESTABLE
17321	0.254	1.8	1.89	ESTABLE
17315	0.247	1.729	1.907	INESTABLE
10403	0.241	1.73	1.828	ESTABLE
17423	0.251	1.733	1.9	INESTABLE
5023	0.251	1.842	1.888	ESTABLE
11850	0.239	1.695	1.77	ESTABLE
15273	0.226	1.589	1.623	ESTABLE
17814	0.259	1.818	1.887	ESTABLE
17923	0.249	1.902	1.886	ESTABLE
16026	0.214	1.531	1.604	ESTABLE
3641	0.256	1.922	1.836	ESTABLE
6180	0.237	1.699	1.683	ESTABLE
16849	0.255	1.923	1.798	ESTABLE
162	0.249	1.904	1.896	ESTABLE
13053	0.23	1.733	1.678	ESTABLE
13865	0.242	1.785	1.837	ESTABLE
2398	0.221	1.583	1.565	ESTABLE
15021	0.225	1.697	1.615	ESTABLE
5465	0.223	1.509	1.498	ESTABLE
9844	0.238	1.66	1.756	ESTABLE
18359	0.224	1.633	1.596	ESTABLE
5397	0.225	1.537	1.557	ESTABLE
1081	0.251	1.833	1.878	ESTABLE
17017	0.259	1.828	1.828	ESTABLE
1803	0.227	1.661	1.608	ESTABLE
8708	0.235	1.653	1.749	ESTABLE
2042	0.219	1.665	1.551	ESTABLE
4426	0.247	1.783	1.807	ESTABLE
10091	0.242	1.691	1.786	ESTABLE
4056	0.257	1.949	1.946	ESTABLE
425	0.26	2.004	1.922	ESTABLE
11699	0.234	1.711	1.719	ESTABLE
7105	0.242	1.913	1.852	ESTABLE
15447	0.234	1.635	1.667	ESTABLE
9464	0.224	1.696	1.577	ESTABLE
6877	0.234	1.78	1.725	ESTABLE
2688	0.221	1.552	1.549	ESTABLE
11476	0.232	1.77	1.732	ESTABLE
6098	0.22	1.645	1.605	ESTABLE
19576	0.217	1.531	1.574	ESTABLE
14610	0.252	1.91	1.907	ESTABLE
1157	0.252	1.818	1.87	ESTABLE
3339	0.206	1.605	1.639	ESTABLE
17489	0.251	1.824	1.846	ESTABLE
16338	0.227	1.554	1.495	ESTABLE
6969	0.236	1.76	1.771	ESTABLE
4165	0.272	1.961	1.895	ESTABLE
18091	0.255	1.901	1.85	ESTABLE
7473	0.247	1.971	1.866	ESTABLE
6555	0.229	1.572	1.681	ESTABLE
11717	0.241	1.694	1.666	ESTABLE
6256	0.23	1.588	1.69	ESTABLE
11057	0.255	1.945	1.876	ESTABLE
4178	0.256	1.923	1.873	ESTABLE
1219	0.255	1.829	1.88	ESTABLE
12366	0.219	1.489	1.684	INESTABLE
2106	0.215	1.541	1.476	ESTABLE
10052	0.233	1.725	1.826	ESTABLE
11417	0.233	1.782	1.679	ESTABLE
3540	0.24	1.755	1.772	ESTABLE
2199	0.2	1.579	1.472	ESTABLE
3527	0.238	1.747	1.749	ESTABLE
17289	0.248	1.808	1.928	ESTABLE
19798	0.213	1.574	1.597	ESTABLE
3082	0.225	1.537	1.674	ESTABLE
13333	0.247	1.798	1.797	ESTABLE
16473	0.221	1.642	1.613	ESTABLE
10304	0.236	1.717	1.757	ESTABLE
1623	0.246	1.786	1.773	ESTABLE
9665	0.233	1.704	1.696	ESTABLE
8366	0.238	1.681	1.822	ESTABLE
8819	0.221	1.552	1.609	ESTABLE
5770	0.208	1.564	1.507	ESTABLE
13976	0.258	1.832	1.89	ESTABLE
5128	0.243	1.781	1.804	ESTABLE
11836	0.235	1.678	1.739	ESTABLE
2292	0.202	1.491	1.463	ESTABLE
14470	0.257	1.952	1.977	ESTABLE
10131	0.257	1.705	1.796	ESTABLE
4808	0.23	1.763	1.805	ESTABLE
8511	0.246	1.763	1.84	ESTABLE
9787	0.23	1.654	1.692	ESTABLE
16747	0.24	1.822	1.784	ESTABLE
9334	0.224	1.58	1.573	ESTABLE
14367	0.267	2.067	1.964	ESTABLE
11205	0.252	1.875	1.795	ESTABLE
2812	0.221	1.579	1.631	ESTABLE
5957	0.209	1.578	1.516	ESTABLE
11616	0.233	1.653	1.735	ESTABLE
8293	0.234	1.733	1.806	ESTABLE
10411	0.246	1.814	1.852	ESTABLE
16702	0.249	1.896	1.799	ESTABLE
574	0.242	1.961	1.944	ESTABLE
4207	0.252	1.832	1.807	ESTABLE
19435	0.235	1.594	1.657	ESTABLE
11920	0.248	1.765	1.801	ESTABLE
3379	0.224	1.69	1.649	ESTABLE
2111	0.22	1.544	1.473	ESTABLE
642	0.246	1.82	1.857	ESTABLE
2016	0.222	1.531	1.456	ESTABLE
11551	0.225	1.678	1.718	ESTABLE
7328	0.264	2.039	1.961	ESTABLE
10961	0.26	2.002	2.009	ESTABLE
2949	0.223	1.498	1.612	ESTABLE
13375	0.241	1.754	1.768	ESTABLE
8937	0.203	1.477	1.488	ESTABLE
3400	0.237	1.706	1.677	ESTABLE
2034	0.204	1.523	1.483	ESTABLE
14082	0.239	1.801	1.833	ESTABLE
10645	0.256	1.975	1.938	ESTABLE
17385	0.235	1.789	1.806	ESTABLE
19673	0.214	1.559	1.548	ESTABLE
19044	0.235	1.66	1.639	ESTABLE
8789	0.226	1.553	1.626	ESTABLE
8966	0.213	1.438	1.504	ESTABLE
16206	0.219	1.488	1.495	ESTABLE
6641	0.227	1.593	1.665	ESTABLE
17764	0.253	1.817	1.887	ESTABLE
14092	0.257	1.883	1.885	ESTABLE
15167	0.236	1.655	1.693	ESTABLE
10286	0.244	1.821	1.759	ESTABLE
1630	0.254	1.735	1.795	ESTABLE
2052	0.216	1.459	1.437	ESTABLE
16355	0.202	1.551	1.535	ESTABLE
16254	0.212	1.506	1.468	ESTABLE
10178	0.23	1.686	1.649	ESTABLE
15057	0.224	1.576	1.543	ESTABLE
2968	0.222	1.545	1.627	ESTABLE
1550	0.256	1.881	1.837	ESTABLE
4485	0.235	1.682	1.759	ESTABLE
11653	0.22	1.68	1.665	ESTABLE
378	0.261	1.965	1.836	ESTABLE
3686	0.251	1.834	1.755	ESTABLE
8352	0.23	1.681	1.739	ESTABLE
12151	0.23	1.596	1.727	ESTABLE
11124	0.261	2.011	1.878	ESTABLE
1354	0.26	1.842	1.953	ESTABLE
1911	0.234	1.732	1.572	INESTABLE
1967	0.213	1.575	1.484	ESTABLE
12809	0.223	1.544	1.545	ESTABLE
6019	0.211	1.507	1.525	ESTABLE
7293	0.247	1.915	1.914	ESTABLE
12683	0.214	1.471	1.488	ESTABLE
19292	0.224	1.533	1.606	ESTABLE
9273	0.212	1.465	1.49	ESTABLE
10283	0.235	1.684	1.749	ESTABLE
6151	0.23	1.693	1.681	ESTABLE
2827	0.219	1.638	1.624	ESTABLE
17062	0.253	1.847	1.901	ESTABLE
15318	0.228	1.631	1.652	ESTABLE
19348	0.218	1.517	1.616	ESTABLE
15761	0.22	1.496	1.62	ESTABLE
1947	0.217	1.56	1.508	ESTABLE
557	0.255	1.975	1.91	ESTABLE
17796	0.243	1.865	1.938	ESTABLE
6620	0.234	1.618	1.711	ESTABLE
19356	0.222	1.593	1.646	ESTABLE
16753	0.264	1.971	1.959	ESTABLE
5546	0.216	1.548	1.436	ESTABLE
16607	0.238	1.798	1.79	ESTABLE
16425	0.221	1.623	1.555	ESTABLE
18042	0.234	1.857	1.821	ESTABLE
2944	0.218	1.564	1.646	ESTABLE
13528	0.241	1.763	1.821	ESTABLE
5826	0.21	1.547	1.482	ESTABLE
1574	0.253	1.818	1.845	ESTABLE
923	0.245	1.801	1.818	ESTABLE
2757	0.222	1.571	1.648	ESTABLE
10024	0.239	1.688	1.725	ESTABLE
6170	0.231	1.711	1.686	ESTABLE
2419	0.224	1.635	1.604	ESTABLE
1671	0.239	1.822	1.739	ESTABLE
15112	0.236	1.659	1.614	ESTABLE
14351	0.267	1.951	1.975	ESTABLE
14558	0.259	1.92	1.887	ESTABLE
18781	0.226	1.549	1.598	ESTABLE
11288	0.249	1.821	1.818	ESTABLE
2373	0.223	1.576	1.571	ESTABLE
13440	0.236	1.772	1.747	ESTABLE
14907	0.223	1.693	1.661	ESTABLE
14721	0.24	1.818	1.666	INESTABLE
12487	0.216	1.467	1.519	ESTABLE
2682	0.229	1.703	1.782	ESTABLE
13504	0.231	1.721	1.776	ESTABLE
12710	0.218	1.454	1.498	ESTABLE
13846	0.251	1.798	1.884	ESTABLE
9411	0.218	1.632	1.549	ESTABLE
2145	0.218	1.581	1.545	ESTABLE
11371	0.241	1.849	1.734	ESTABLE
6452	0.232	1.672	1.693	ESTABLE
16535	0.231	1.662	1.703	ESTABLE
4627	0.244	1.77	1.896	ESTABLE
4638	0.242	1.859	1.837	ESTABLE
8649	0.232	1.694	1.703	ESTABLE
18993	0.222	1.59	1.574	ESTABLE
13899	0.233	1.75	1.773	ESTABLE
11393	0.243	1.698	1.69	ESTABLE
13771	0.241	1.733	1.824	ESTABLE
7757	0.255	1.906	1.94	ESTABLE
16936	0.262	1.914	1.882	ESTABLE
19493	0.216	1.458	1.617	INESTABLE
6428	0.235	1.643	1.699	ESTABLE
14944	0.23	1.67	1.611	ESTABLE
354	0.261	1.935	1.893	ESTABLE
15201	0.235	1.673	1.61	ESTABLE
4901	0.26	1.812	1.87	ESTABLE
6420	0.237	1.682	1.68	ESTABLE
12945	0.219	1.66	1.499	INESTABLE
2934	0.223	1.584	1.617	ESTABLE
18196	0.256	1.868	1.823	ESTABLE
16546	0.248	1.816	1.771	ESTABLE
13554	0.242	1.743	1.834	ESTABLE
2502	0.229	1.545	1.61	ESTABLE
5459	0.22	1.527	1.528	ESTABLE
964	0.237	1.741	1.761	ESTABLE
17792	0.266	1.926	1.936	ESTABLE
12872	0.21	1.501	1.512	ESTABLE
17746	0.27	1.858	1.959	ESTABLE
3535	0.257	1.764	1.723	ESTABLE
14643	0.245	1.874	1.838	ESTABLE
19761	0.218	1.523	1.576	ESTABLE
12349	0.225	1.563	1.654	ESTABLE
13537	0.235	1.75	1.775	ESTABLE
9367	0.211	1.587	1.522	ESTABLE
5246	0.239	1.75	1.706	ESTABLE
563	0.254	1.81	1.851	ESTABLE
13755	0.245	1.753	1.802	ESTABLE
4644	0.253	1.817	1.905	ESTABLE
10716	0.259	1.938	1.99	ESTABLE
19944	0.239	1.718	1.728	ESTABLE
8190	0.231	1.721	1.818	ESTABLE
3587	0.254	1.863	1.826	ESTABLE
4864	0.26	1.848	1.926	ESTABLE
2371	0.205	1.473	1.467	ESTABLE
17144	0.249	1.879	1.841	ESTABLE
17030	0.249	1.852	1.856	ESTABLE
8820	0.218	1.598	1.598	ESTABLE
151	0.254	1.85	1.796	ESTABLE
16720	0.24	1.756	1.723	ESTABLE
14929	0.221	1.662	1.587	ESTABLE
11849	0.234	1.675	1.752	ESTABLE
11547	0.234	1.691	1.746	ESTABLE
2070	0.217	1.534	1.482	ESTABLE
5981	0.225	1.617	1.578	ESTABLE
19022	0.222	1.611	1.653	ESTABLE
17159	0.253	1.905	1.904	ESTABLE
6360	0.224	1.658	1.645	ESTABLE
16537	0.227	1.74	1.664	ESTABLE
8776	0.223	1.493	1.53	ESTABLE
1014	0.252	1.792	1.936	ESTABLE
9990	0.235	1.646	1.778	ESTABLE
28	0.24	1.741	1.696	ESTABLE
6230	0.216	1.67	1.581	ESTABLE
11170	0.247	1.879	1.756	ESTABLE
10037	0.231	1.715	1.716	ESTABLE
11140	0.261	1.897	1.918	ESTABLE
1903	0.211	1.59	1.566	ESTABLE
3083	0.213	1.52	1.586	ESTABLE
16652	0.244	1.787	1.768	ESTABLE
17498	0.257	1.802	1.886	ESTABLE
1825	0.245	1.732	1.751	ESTABLE
14530	0.249	1.893	1.888	ESTABLE
15222	0.232	1.652	1.616	ESTABLE
16422	0.221	1.661	1.577	ESTABLE
4245	0.252	1.85	1.822	ESTABLE
3663	0.256	1.849	1.791	ESTABLE
18863	0.216	1.638	1.496	ESTABLE
7160	0.265	1.918	1.905	ESTABLE
6253	0.238	1.715	1.703	ESTABLE
17741	0.268	1.894	1.871	ESTABLE
5624	0.21	1.511	1.468	ESTABLE
1060	0.254	1.823	1.897	ESTABLE
12980	0.232	1.666	1.656	ESTABLE
5453	0.201	1.505	1.487	ESTABLE
13446	0.248	1.914	1.814	ESTABLE
14292	0.257	1.922	1.932	ESTABLE
18319	0.233	1.675	1.676	ESTABLE
12800	0.21	1.544	1.437	ESTABLE
2017	0.219	1.594	1.545	ESTABLE
18644	0.215	1.588	1.546	ESTABLE
18418	0.226	1.716	1.636	ESTABLE
11860	0.229	1.644	1.69	ESTABLE
19765	0.227	1.52	1.586	ESTABLE
10977	0.262	1.999	1.907	ESTABLE
5350	0.222	1.634	1.648	ESTABLE
13010	0.234	1.709	1.615	ESTABLE
479	0.258	1.98	1.928	ESTABLE
7126	0.25	1.935	1.848	ESTABLE
13983	0.246	1.786	1.897	ESTABLE
1466	0.25	1.836	1.866	ESTABLE
2793	0.226	1.652	1.658	ESTABLE
3468	0.229	1.764	1.75	ESTABLE
3988	0.259	2.007	1.857	ESTABLE
15958	0.223	1.483	1.553	ESTABLE
8859	0.23	1.678	1.627	ESTABLE
9380	0.219	1.523	1.447	ESTABLE
13485	0.237	1.791	1.808	ESTABLE
17697	0.257	1.94	1.892	ESTABLE
15551	0.228	1.569	1.681	ESTABLE
19171	0.232	1.565	1.626	ESTABLE
8991	0.205	1.396	1.465	ESTABLE
14225	0.258	1.906	1.938	ESTABLE
13083	0.229	1.726	1.628	ESTABLE
8159	0.229	1.713	1.674	ESTABLE
2095	0.204	1.536	1.457	ESTABLE
521	0.262	1.883	1.909	ESTABLE
16228	0.209	1.487	1.527	ESTABLE
14908	0.217	1.659	1.578	ESTABLE
2346	0.213	1.488	1.505	ESTABLE
3197	0.221	1.578	1.63	ESTABLE
4815	0.243	1.748	1.822	ESTABLE
18878	0.216	1.53	1.56	ESTABLE
19481	0.235	1.535	1.67	ESTABLE
7801	0.249	1.829	1.811	ESTABLE
18990	0.221	1.608	1.673	ESTABLE
5708	0.209	1.534	1.376	INESTABLE
13484	0.242	1.731	1.765	ESTABLE
6557	0.218	1.536	1.668	ESTABLE
14294	0.26	1.916	1.933	ESTABLE
3827	0.254	1.949	1.836	ESTABLE
16201	0.214	1.536	1.431	ESTABLE
5334	0.217	1.63	1.615	ESTABLE
16264	0.219	1.56	1.538	ESTABLE
17559	0.25	1.811	1.941	ESTABLE
273	0.25	1.888	1.808	ESTABLE
5279	0.22	1.584	1.667	ESTABLE
18360	0.22	1.68	1.633	ESTABLE
13561	0.25	1.858	1.871	ESTABLE
16354	0.225	1.563	1.464	ESTABLE
12223	0.22	1.568	1.585	ESTABLE
7786	0.249	1.877	1.834	ESTABLE
13130	0.241	1.761	1.766	ESTABLE
6037	0.22	1.612	1.597	ESTABLE
18748	0.216	1.655	1.588	ESTABLE
10122	0.234	1.728	1.777	ESTABLE
8694	0.229	1.632	1.615	ESTABLE
2014	0.215	1.499	1.492	ESTABLE
421	0.247	1.953	1.899	ESTABLE
2276	0.209	1.526	1.478	ESTABLE
11356	0.226	1.728	1.688	ESTABLE
17286	0.241	1.694	1.818	ESTABLE
11077	0.243	1.896	1.93	ESTABLE
1642	0.22	1.762	1.73	ESTABLE
9624	0.233	1.671	1.702	ESTABLE
14682	0.242	1.86	1.76	ESTABLE
938	0.246	1.806	1.852	ESTABLE
6201	0.238	1.72	1.604	ESTABLE
6529	0.233	1.599	1.631	ESTABLE
19288	0.221	1.606	1.643	ESTABLE
10194	0.237	1.664	1.703	ESTABLE
16860	0.272	1.952	1.92	ESTABLE
5621	0.224	1.523	1.491	ESTABLE
6075	0.222	1.627	1.576	ESTABLE
5515	0.211	1.522	1.427	ESTABLE
7037	0.25	1.816	1.85	ESTABLE
5522	0.212	1.488	1.462	ESTABLE
7754	0.248	1.987	1.833	INESTABLE
10533	0.253	1.899	1.876	ESTABLE
16622	0.236	1.805	1.742	ESTABLE
8521	0.239	1.75	1.771	ESTABLE
6155	0.235	1.671	1.704	ESTABLE
14022	0.256	1.812	1.868	ESTABLE
16421	0.229	1.687	1.626	ESTABLE
10719	0.253	1.926	1.954	ESTABLE
17150	0.247	1.797	1.901	ESTABLE
13499	0.231	1.711	1.755	ESTABLE
16651	0.24	1.762	1.787	ESTABLE
4360	0.242	1.841	1.88	ESTABLE
1001	0.244	1.763	1.825	ESTABLE
156	0.244	1.839	1.747	ESTABLE
1652	0.231	1.745	1.787	ESTABLE
19037	0.219	1.589	1.674	ESTABLE
7830	0.265	1.847	1.858	ESTABLE
17212	0.24	1.764	1.787	ESTABLE
9970	0.223	1.646	1.715	ESTABLE
5606	0.216	1.469	1.394	ESTABLE
1053	0.243	1.782	1.833	ESTABLE
19447	0.223	1.509	1.52	ESTABLE
2043	0.214	1.52	1.47	ESTABLE
17155	0.244	1.8	1.809	ESTABLE
19509	0.219	1.458	1.548	ESTABLE
4803	0.248	1.807	1.856	ESTABLE
19617	0.208	1.492	1.474	ESTABLE
10667	0.268	1.916	1.976	ESTABLE
1790	0.228	1.664	1.683	ESTABLE
16472	0.233	1.752	1.667	ESTABLE
9246	0.2	1.525	1.453	ESTABLE
4250	0.242	1.882	1.833	ESTABLE
10031	0.24	1.775	1.787	ESTABLE
2994	0.226	1.515	1.699	INESTABLE
16811	0.253	1.949	1.917	ESTABLE
19460	0.207	1.402	1.562	INESTABLE
3042	0.222	1.527	1.667	ESTABLE
3483	0.24	1.857	1.807	ESTABLE
15314	0.22	1.57	1.63	ESTABLE
1807	0.222	1.629	1.578	ESTABLE
8235	0.246	1.767	1.772	ESTABLE
2982	0.221	1.572	1.619	ESTABLE
12420	0.222	1.552	1.582	ESTABLE
18845	0.215	1.516	1.491	ESTABLE
15099	0.219	1.594	1.538	ESTABLE
10787	0.261	1.966	1.972	ESTABLE
17485	0.248	1.857	1.924	ESTABLE
14552	0.259	1.927	1.92	ESTABLE
19456	0.22	1.518	1.557	ESTABLE
7061	0.26	1.882	1.863	ESTABLE
15193	0.226	1.628	1.61	ESTABLE
10597	0.243	1.764	1.845	ESTABLE
8601	0.23	1.659	1.688	ESTABLE
6846	0.243	1.643	1.711	ESTABLE
1145	0.244	1.826	1.831	ESTABLE
1588	0.257	1.831	1.873	ESTABLE
13240	0.243	1.797	1.729	ESTABLE
12509	0.211	1.541	1.489	ESTABLE
9468	0.218	1.614	1.621	ESTABLE
106	0.235	1.828	1.774	ESTABLE
18353	0.224	1.677	1.629	ESTABLE
6521	0.229	1.599	1.651	ESTABLE
3433	0.222	1.685	1.718	ESTABLE
4408	0.25	1.833	1.786	ESTABLE
15048	0.227	1.698	1.651	ESTABLE
16531	0.215	1.621	1.602	ESTABLE
13277	0.246	1.785	1.797	ESTABLE
1457	0.247	1.834	1.903	ESTABLE
17303	0.243	1.725	1.839	ESTABLE
19069	0.238	1.593	1.667	ESTABLE
12518	0.205	1.542	1.479	ESTABLE
8736	0.241	1.602	1.716	ESTABLE
18715	0.211	1.507	1.523	ESTABLE
4952	0.251	1.748	1.788	ESTABLE
11039	0.245	1.938	1.885	ESTABLE
17120	0.252	1.92	1.839	ESTABLE
2717	0.224	1.53	1.667	ESTABLE
12721	0.204	1.423	1.466	ESTABLE
15006	0.231	1.729	1.642	ESTABLE
9586	0.216	1.619	1.626	ESTABLE
1317	0.254	1.954	1.881	ESTABLE
19980	0.23	1.75	1.648	ESTABLE
6298	0.231	1.729	1.643	ESTABLE
1513	0.257	1.865	1.923	ESTABLE
1913	0.222	1.549	1.51	ESTABLE
19847	0.213	1.557	1.63	ESTABLE
12881	0.216	1.609	1.561	ESTABLE
13658	0.239	1.751	1.799	ESTABLE
11156	0.255	1.887	1.804	ESTABLE
11474	0.232	1.742	1.715	ESTABLE
7463	0.257	1.96	1.929	ESTABLE
14923	0.241	1.753	1.683	ESTABLE
2423	0.212	1.605	1.542	ESTABLE
463	0.255	1.95	1.876	ESTABLE
5922	0.216	1.581	1.556	ESTABLE
19282	0.214	1.499	1.612	ESTABLE
7828	0.243	1.816	1.736	ESTABLE
13785	0.244	1.748	1.838	ESTABLE
18970	0.229	1.698	1.647	ESTABLE
17377	0.234	1.774	1.885	ESTABLE
13997	0.249	1.768	1.845	ESTABLE
19082	0.225	1.644	1.592	ESTABLE
6033	0.217	1.508	1.577	ESTABLE
9601	0.226	1.683	1.593	ESTABLE
8350	0.242	1.669	1.822	INESTABLE
12956	0.222	1.641	1.628	ESTABLE
19406	0.213	1.539	1.524	ESTABLE
7149	0.256	1.909	1.912	ESTABLE
3183	0.22	1.611	1.628	ESTABLE
19189	0.225	1.542	1.605	ESTABLE
11536	0.227	1.655	1.616	ESTABLE
2040	0.216	1.595	1.446	ESTABLE
637	0.242	1.839	1.797	ESTABLE
6698	0.221	1.517	1.626	ESTABLE
13034	0.231	1.643	1.598	ESTABLE
5044	0.249	1.792	1.832	ESTABLE
10357	0.236	1.702	1.736	ESTABLE
16673	0.236	1.775	1.765	ESTABLE
15388	0.225	1.54	1.644	ESTABLE
17309	0.255	1.841	1.819	ESTABLE
6813	0.243	1.653	1.759	ESTABLE
13949	0.241	1.815	1.927	ESTABLE
17031	0.241	1.84	1.873	ESTABLE
9765	0.241	1.711	1.735	ESTABLE
8204	0.235	1.724	1.787	ESTABLE
211	0.252	1.884	1.768	ESTABLE
69	0.245	1.822	1.69	ESTABLE
3107	0.207	1.494	1.604	ESTABLE
14928	0.217	1.618	1.632	ESTABLE
11847	0.231	1.691	1.693	ESTABLE
18795	0.22	1.612	1.529	ESTABLE
14302	0.264	1.976	1.94	ESTABLE
5460	0.231	1.629	1.543	ESTABLE
1179	0.247	1.849	1.866	ESTABLE
7879	0.242	1.758	1.739	ESTABLE
13310	0.236	1.762	1.726	ESTABLE
19096	0.209	1.581	1.608	ESTABLE
4641	0.241	1.775	1.765	ESTABLE
7432	0.265	1.99	1.943	ESTABLE
5012	0.234	1.666	1.789	ESTABLE
7597	0.262	2.003	1.883	ESTABLE
6234	0.232	1.665	1.623	ESTABLE
4216	0.246	1.858	1.792	ESTABLE
2879	0.223	1.576	1.683	ESTABLE
9517	0.221	1.658	1.583	ESTABLE
2504	0.225	1.603	1.624	ESTABLE
8802	0.219	1.604	1.619	ESTABLE
4919	0.254	1.715	1.904	INESTABLE
14433	0.269	1.973	1.952	ESTABLE
19516	0.218	1.563	1.513	ESTABLE
9946	0.239	1.716	1.811	ESTABLE
10072	0.235	1.69	1.738	ESTABLE
7898	0.254	1.805	1.812	ESTABLE
17118	0.248	1.93	1.885	ESTABLE
7102	0.242	1.799	1.856	ESTABLE
16754	0.246	1.855	1.722	ESTABLE
6926	0.251	1.778	1.755	ESTABLE
7232	0.265	2.023	1.912	ESTABLE
16608	0.243	1.758	1.711	ESTABLE
18422	0.229	1.694	1.675	ESTABLE
13422	0.24	1.77	1.792	ESTABLE
16481	0.223	1.722	1.623	ESTABLE
5892	0.229	1.665	1.641	ESTABLE
14028	0.238	1.841	1.875	ESTABLE
18237	0.231	1.761	1.707	ESTABLE
14314	0.25	1.896	1.916	ESTABLE
3300	0.224	1.616	1.669	ESTABLE
7345	0.258	1.94	1.987	ESTABLE
10723	0.262	1.957	1.926	ESTABLE
4967	0.237	1.723	1.865	ESTABLE
4080	0.253	1.928	1.933	ESTABLE
2891	0.222	1.533	1.603	ESTABLE
6948	0.235	1.68	1.759	ESTABLE
4013	0.258	1.848	1.855	ESTABLE
3237	0.232	1.549	1.589	ESTABLE
14966	0.223	1.651	1.624	ESTABLE
5104	0.237	1.68	1.769	ESTABLE
7653	0.255	1.869	1.882	ESTABLE
18461	0.232	1.666	1.599	ESTABLE
9699	0.241	1.702	1.661	ESTABLE
18835	0.222	1.626	1.574	ESTABLE
3872	0.263	2.022	1.97	ESTABLE
9354	0.22	1.533	1.546	ESTABLE
15583	0.225	1.595	1.598	ESTABLE
15804	0.215	1.553	1.545	ESTABLE
1504	0.24	1.777	1.892	ESTABLE
10167	0.235	1.615	1.726	ESTABLE
9619	0.24	1.706	1.676	ESTABLE
2319	0.216	1.542	1.563	ESTABLE
17421	0.24	1.762	1.861	ESTABLE
14036	0.241	1.838	1.839	ESTABLE
17198	0.244	1.789	1.828	ESTABLE
11102	0.256	2.019	1.933	ESTABLE
1059	0.234	1.842	1.874	ESTABLE
100	0.253	1.821	1.718	ESTABLE
7248	0.246	1.934	1.981	ESTABLE
3008	0.221	1.552	1.668	ESTABLE
18083	0.245	1.846	1.818	ESTABLE
8544	0.242	1.714	1.793	ESTABLE
6251	0.232	1.704	1.745	ESTABLE
3645	0.253	1.89	1.825	ESTABLE
10989	0.269	1.949	1.95	ESTABLE
16723	0.24	1.811	1.801	ESTABLE
8837	0.209	1.522	1.551	ESTABLE
3373	0.229	1.641	1.623	ESTABLE
13712	0.234	1.737	1.809	ESTABLE
16074	0.216	1.51	1.503	ESTABLE
11884	0.238	1.663	1.685	ESTABLE
3753	0.258	1.975	1.927	ESTABLE
13971	0.257	1.84	1.825	ESTABLE
12813	0.212	1.611	1.509	ESTABLE
6798	0.232	1.71	1.724	ESTABLE
8534	0.232	1.727	1.731	ESTABLE
649	0.246	1.884	1.798	ESTABLE
5203	0.231	1.71	1.777	ESTABLE
13344	0.243	1.773	1.791	ESTABLE
18730	0.218	1.579	1.558	ESTABLE
17324	0.246	1.731	1.846	ESTABLE
13117	0.237	1.636	1.656	ESTABLE
11173	0.258	1.967	1.833	ESTABLE
622	0.25	1.876	1.892	ESTABLE
3349	0.224	1.629	1.644	ESTABLE
16669	0.246	1.849	1.787	ESTABLE
2485	0.224	1.595	1.568	ESTABLE
13648	0.233	1.771	1.719	ESTABLE
15763	0.24	1.565	1.623	ESTABLE
15264	0.232	1.601	1.743	ESTABLE
6137	0.217	1.636	1.543	ESTABLE
13527	0.232	1.756	1.688	ESTABLE
11251	0.254	1.889	1.794	ESTABLE
13350	0.239	1.701	1.726	ESTABLE
3991	0.25	1.941	1.893	ESTABLE
15617	0.211	1.577	1.538	ESTABLE
17843	0.254	1.907	1.958	ESTABLE
11252	0.25	1.878	1.831	ESTABLE
2033	0.221	1.578	1.497	ESTABLE
348	0.255	1.923	1.844	ESTABLE
3812	0.259	1.921	1.919	ESTABLE
17020	0.246	1.886	1.846	ESTABLE
12888	0.217	1.562	1.506	ESTABLE
17805	0.259	1.901	2.005	ESTABLE
19195	0.22	1.584	1.661	ESTABLE
14017	0.238	1.8	1.911	ESTABLE
10006	0.23	1.704	1.802	ESTABLE
14982	0.221	1.62	1.581	ESTABLE
13180	0.227	1.719	1.734	ESTABLE
17710	0.25	1.883	1.879	ESTABLE
14977	0.237	1.711	1.636	ESTABLE
9790	0.244	1.751	1.73	ESTABLE
2873	0.229	1.541	1.614	ESTABLE
5441	0.218	1.466	1.493	ESTABLE
2178	0.21	1.503	1.442	ESTABLE
12517	0.205	1.544	1.497	ESTABLE
5315	0.237	1.626	1.639	ESTABLE
11297	0.222	1.799	1.681	ESTABLE
12562	0.201	1.467	1.419	ESTABLE
2810	0.226	1.55	1.633	ESTABLE
10839	0.268	1.953	2.001	ESTABLE
19250	0.212	1.465	1.488	ESTABLE
9951	0.235	1.761	1.783	ESTABLE
14566	0.261	1.958	1.936	ESTABLE
10448	0.252	1.848	1.833	ESTABLE
19029	0.226	1.7	1.667	ESTABLE
14705	0.25	1.741	1.781	ESTABLE
15335	0.22	1.636	1.584	ESTABLE
19689	0.21	1.531	1.54	ESTABLE
6046	0.228	1.64	1.544	ESTABLE
17206	0.243	1.775	1.815	ESTABLE
1082	0.251	1.781	1.935	INESTABLE
3607	0.25	1.875	1.831	ESTABLE
10493	0.243	1.821	1.773	ESTABLE
17280	0.239	1.778	1.88	ESTABLE
6377	0.227	1.624	1.707	ESTABLE
197	0.238	1.918	1.849	ESTABLE
10005	0.222	1.683	1.702	ESTABLE
6589	0.22	1.573	1.666	ESTABLE
13520	0.237	1.789	1.799	ESTABLE
2845	0.234	1.596	1.628	ESTABLE
12524	0.205	1.45	1.486	ESTABLE
5843	0.217	1.544	1.473	ESTABLE
12403	0.211	1.489	1.552	ESTABLE
3503	0.244	1.772	1.737	ESTABLE
3808	0.252	1.872	1.828	ESTABLE
12339	0.219	1.571	1.596	ESTABLE
19442	0.225	1.565	1.592	ESTABLE
6473	0.238	1.675	1.732	ESTABLE
8876	0.216	1.618	1.568	ESTABLE
12066	0.23	1.611	1.694	ESTABLE
3106	0.224	1.536	1.618	ESTABLE
9209	0.21	1.518	1.454	ESTABLE
5287	0.225	1.619	1.615	ESTABLE
9489	0.218	1.61	1.597	ESTABLE
1765	0.234	1.726	1.654	ESTABLE
19361	0.225	1.557	1.644	ESTABLE
14517	0.255	2.02	1.986	ESTABLE
13086	0.245	1.786	1.729	ESTABLE
10534	0.243	1.862	1.818	ESTABLE
19399	0.211	1.44	1.613	INESTABLE
1583	0.251	1.835	1.835	ESTABLE
17974	0.256	1.936	1.941	ESTABLE
14173	0.254	1.812	1.958	ESTABLE
15964	0.212	1.545	1.543	ESTABLE
5524	0.214	1.458	1.47	ESTABLE
239	0.26	1.886	1.833	ESTABLE
458	0.254	1.881	1.888	ESTABLE
6909	0.237	1.746	1.757	ESTABLE
263	0.251	1.891	1.869	ESTABLE
14168	0.258	1.956	1.963	ESTABLE
14523	0.274	1.971	2.008	ESTABLE
14976	0.224	1.653	1.592	ESTABLE
6139	0.23	1.644	1.628	ESTABLE
14685	0.249	1.894	1.799	ESTABLE
11313	0.241	1.715	1.755	ESTABLE
16265	0.215	1.55	1.551	ESTABLE
15798	0.225	1.595	1.633	ESTABLE
14778	0.22	1.776	1.677	ESTABLE
859	0.241	1.778	1.838	ESTABLE
17363	0.254	1.815	1.863	ESTABLE
5052	0.24	1.71	1.769	ESTABLE
6400	0.239	1.671	1.699	ESTABLE
1685	0.228	1.726	1.688	ESTABLE
8567	0.24	1.746	1.755	ESTABLE
19530	0.215	1.505	1.492	ESTABLE
17360	0.26	1.865	1.898	ESTABLE
12192	0.223	1.528	1.55	ESTABLE
8722	0.232	1.593	1.675	ESTABLE
565	0.24	1.915	1.845	ESTABLE
3550	0.247	1.86	1.782	ESTABLE
12512	0.207	1.487	1.448	ESTABLE
15585	0.217	1.586	1.629	ESTABLE
7220	0.259	1.921	1.961	ESTABLE
13800	0.249	1.675	1.783	ESTABLE
4477	0.249	1.787	1.858	ESTABLE
184	0.246	1.835	1.754	ESTABLE
1272	0.252	1.858	1.899	ESTABLE
2760	0.229	1.618	1.661	ESTABLE
16926	0.244	1.883	1.846	ESTABLE
12440	0.213	1.522	1.527	ESTABLE
11758	0.235	1.672	1.74	ESTABLE
13669	0.235	1.8	1.837	ESTABLE
10081	0.235	1.725	1.752	ESTABLE
1647	0.234	1.726	1.691	ESTABLE
296	0.255	1.918	1.843	ESTABLE
15053	0.234	1.619	1.664	ESTABLE
10613	0.266	1.901	1.924	ESTABLE
12146	0.218	1.584	1.718	ESTABLE
15104	0.224	1.639	1.583	ESTABLE
2298	0.215	1.529	1.489	ESTABLE
16083	0.211	1.497	1.486	ESTABLE
3970	0.26	1.978	1.899	ESTABLE
14440	0.247	1.913	1.905	ESTABLE
15592	0.23	1.594	1.653	ESTABLE
16468	0.23	1.735	1.657	ESTABLE
13458	0.241	1.811	1.775	ESTABLE
10351	0.242	1.695	1.819	ESTABLE
9762	0.228	1.8	1.631	INESTABLE
5360	0.221	1.62	1.561	ESTABLE
12171	0.227	1.545	1.65	ESTABLE
10225	0.236	1.687	1.735	ESTABLE
12485	0.2	1.453	1.407	ESTABLE
14834	0.228	1.72	1.642	ESTABLE
13906	0.247	1.804	1.86	ESTABLE
6500	0.232	1.676	1.665	ESTABLE
9834	0.25	1.727	1.732	ESTABLE
19542	0.227	1.505	1.533	ESTABLE
5631	0.202	1.475	1.426	ESTABLE
6245	0.218	1.61	1.612	ESTABLE
7568	0.256	2.02	1.881	ESTABLE
18307	0.226	1.698	1.616	ESTABLE
438	0.255	1.98	1.964	ESTABLE
7573	0.259	1.892	1.929	ESTABLE
732	0.259	1.9	1.888	ESTABLE
8292	0.241	1.746	1.808	ESTABLE
3398	0.238	1.716	1.706	ESTABLE
4142	0.257	1.958	1.867	ESTABLE
17029	0.249	1.896	1.88	ESTABLE
10990	0.263	2.005	1.972	ESTABLE
13352	0.24	1.771	1.764	ESTABLE
5342	0.227	1.663	1.585	ESTABLE
16081	0.221	1.393	1.447	ESTABLE
15530	0.224	1.622	1.753	ESTABLE
10753	0.252	1.842	1.842	ESTABLE
19223	0.22	1.583	1.613	ESTABLE
14525	0.251	1.942	1.888	ESTABLE
9058	0.211	1.438	1.459	ESTABLE
17887	0.252	1.865	1.916	ESTABLE
8086	0.248	1.743	1.815	ESTABLE
3560	0.259	1.864	1.767	ESTABLE
15845	0.222	1.506	1.59	ESTABLE
4783	0.249	1.776	1.856	ESTABLE
15485	0.222	1.627	1.593	ESTABLE
17631	0.254	1.784	1.832	ESTABLE
16575	0.223	1.725	1.642	ESTABLE
3928	0.263	1.997	1.842	INESTABLE
716	0.25	1.848	1.855	ESTABLE
15727	0.221	1.569	1.654	ESTABLE
15170	0.217	1.583	1.584	ESTABLE
9317	0.217	1.596	1.49	ESTABLE
18415	0.231	1.665	1.62	ESTABLE
11128	0.26	1.973	1.912	ESTABLE
11999	0.242	1.699	1.755	ESTABLE
7080	0.244	1.811	1.843	ESTABLE
9710	0.229	1.709	1.736	ESTABLE
4082	0.253	1.931	1.916	ESTABLE
6801	0.223	1.651	1.721	ESTABLE
17507	0.245	1.822	1.835	ESTABLE
9581	0.227	1.67	1.581	ESTABLE
4874	0.239	1.744	1.816	ESTABLE
10617	0.253	1.886	1.987	ESTABLE
7477	0.259	1.937	1.891	ESTABLE
12587	0.2	1.406	1.476	ESTABLE
14864	0.228	1.703	1.626	ESTABLE
19429	0.232	1.589	1.599	ESTABLE
14965	0.229	1.618	1.599	ESTABLE
10078	0.235	1.577	1.74	INESTABLE
13335	0.251	1.79	1.87	ESTABLE
8044	0.242	1.675	1.692	ESTABLE
9327	0.208	1.555	1.418	ESTABLE
5389	0.22	1.539	1.529	ESTABLE
13192	0.236	1.785	1.727	ESTABLE
4045	0.257	1.978	1.844	ESTABLE
6542	0.223	1.537	1.566	ESTABLE
1049	0.25	1.84	1.816	ESTABLE
7303	0.268	2.068	2.053	ESTABLE
2338	0.214	1.622	1.487	ESTABLE
12778	0.189	1.498	1.364	ESTABLE
14833	0.243	1.768	1.69	ESTABLE
4513	0.26	1.827	1.87	ESTABLE
7520	0.255	1.995	1.93	ESTABLE
17819	0.248	1.807	1.91	ESTABLE
17283	0.253	1.877	1.896	ESTABLE
13105	0.231	1.717	1.643	ESTABLE
9423	0.215	1.614	1.559	ESTABLE
2602	0.225	1.659	1.67	ESTABLE
9613	0.22	1.662	1.608	ESTABLE
14579	0.248	1.907	1.907	ESTABLE
5076	0.228	1.76	1.765	ESTABLE
12866	0.229	1.623	1.562	ESTABLE
12545	0.199	1.464	1.471	ESTABLE
3383	0.221	1.662	1.682	ESTABLE
6374	0.235	1.681	1.695	ESTABLE
1127	0.241	1.801	1.854	ESTABLE
16062	0.211	1.445	1.491	ESTABLE
6856	0.236	1.683	1.766	ESTABLE
8790	0.221	1.579	1.604	ESTABLE
10618	0.251	1.952	1.936	ESTABLE
1815	0.23	1.662	1.641	ESTABLE
10529	0.256	1.892	1.84	ESTABLE
17432	0.25	1.816	1.81	ESTABLE
12770	0.212	1.518	1.48	ESTABLE
13098	0.239	1.752	1.708	ESTABLE
2816	0.227	1.61	1.612	ESTABLE
181	0.25	1.844	1.821	ESTABLE
17979	0.25	1.915	1.9	ESTABLE
6040	0.225	1.641	1.615	ESTABLE
14841	0.231	1.702	1.656	ESTABLE
14105	0.238	1.841	1.842	ESTABLE
1147	0.248	1.837	1.92	ESTABLE
13844	0.247	1.774	1.798	ESTABLE
4770	0.246	1.804	1.817	ESTABLE
3819	0.257	1.983	1.898	ESTABLE
18948	0.228	1.614	1.601	ESTABLE
4651	0.249	1.81	1.813	ESTABLE
15528	0.239	1.68	1.648	ESTABLE
1139	0.24	1.781	1.801	ESTABLE
3261	0.231	1.609	1.63	ESTABLE
17134	0.241	1.838	1.829	ESTABLE
10686	0.264	1.943	1.986	ESTABLE
8006	0.235	1.642	1.739	ESTABLE
12176	0.229	1.586	1.656	ESTABLE
2911	0.228	1.575	1.644	ESTABLE
9059	0.217	1.556	1.521	ESTABLE
18430	0.211	1.715	1.591	ESTABLE
16586	0.243	1.722	1.697	ESTABLE
1528	0.246	1.921	1.836	ESTABLE
11641	0.221	1.676	1.66	ESTABLE
14839	0.225	1.724	1.635	ESTABLE
9331	0.216	1.632	1.552	ESTABLE
5388	0.228	1.582	1.55	ESTABLE
1780	0.225	1.653	1.649	ESTABLE
7779	0.267	1.929	1.845	ESTABLE
14118	0.249	1.864	1.917	ESTABLE
6332	0.231	1.727	1.728	ESTABLE
8758	0.23	1.599	1.584	ESTABLE
12241	0.226	1.48	1.614	ESTABLE
11996	0.244	1.727	1.734	ESTABLE
3346	0.218	1.639	1.688	ESTABLE
6248	0.231	1.645	1.67	ESTABLE
6405	0.228	1.574	1.716	ESTABLE
9403	0.227	1.581	1.566	ESTABLE
9310	0.218	1.547	1.445	ESTABLE
14258	0.265	1.952	1.971	ESTABLE
19285	0.215	1.628	1.569	ESTABLE
19946	0.237	1.692	1.704	ESTABLE
528	0.259	1.92	1.868	ESTABLE
19511	0.217	1.541	1.562	ESTABLE
381	0.257	1.915	1.881	ESTABLE
14465	0.259	1.947	1.924	ESTABLE
5343	0.215	1.578	1.534	ESTABLE
13812	0.245	1.714	1.814	ESTABLE
8809	0.213	1.627	1.619	ESTABLE
6609	0.229	1.612	1.672	ESTABLE
16305	0.209	1.529	1.522	ESTABLE
6868	0.237	1.754	1.77	ESTABLE
17057	0.243	1.831	1.851	ESTABLE
9822	0.241	1.774	1.75	ESTABLE
5811	0.222	1.565	1.456	ESTABLE
8189	0.241	1.754	1.799	ESTABLE
16092	0.208	1.415	1.384	ESTABLE
14676	0.256	1.91	1.866	ESTABLE
2103	0.218	1.6	1.485	ESTABLE
9462	0.209	1.584	1.575	ESTABLE
19831	0.222	1.58	1.541	ESTABLE
11151	0.241	1.817	1.751	ESTABLE
494	0.247	1.953	1.839	ESTABLE
13988	0.252	1.785	1.811	ESTABLE
7373	0.27	2.029	1.996	ESTABLE
12318	0.223	1.494	1.607	ESTABLE
19062	0.221	1.565	1.547	ESTABLE
6844	0.232	1.692	1.844	INESTABLE
16493	0.217	1.739	1.671	ESTABLE
3078	0.233	1.583	1.72	ESTABLE
19183	0.219	1.59	1.633	ESTABLE
1407	0.26	1.79	1.89	ESTABLE
5582	0.211	1.495	1.455	ESTABLE
7560	0.258	1.983	1.958	ESTABLE
7680	0.249	1.854	1.864	ESTABLE
9055	0.208	1.548	1.388	INESTABLE
19868	0.231	1.657	1.715	ESTABLE
14822	0.236	1.757	1.734	ESTABLE
14415	0.263	1.99	1.964	ESTABLE
7774	0.248	1.862	1.816	ESTABLE
16078	0.222	1.534	1.487	ESTABLE
18234	0.239	1.787	1.692	ESTABLE
11554	0.217	1.62	1.648	ESTABLE
6513	0.223	1.649	1.649	ESTABLE
11025	0.248	1.932	1.89	ESTABLE
10801	0.273	1.979	1.952	ESTABLE
18252	0.227	1.811	1.733	ESTABLE
13590	0.24	1.739	1.749	ESTABLE
9502	0.209	1.604	1.545	ESTABLE
6648	0.235	1.73	1.701	ESTABLE
16559	0.228	1.784	1.633	INESTABLE
5680	0.214	1.566	1.508	ESTABLE
11575	0.244	1.68	1.714	ESTABLE
4907	0.238	1.795	1.797	ESTABLE
140	0.253	1.9	1.825	ESTABLE
4279	0.236	1.861	1.747	ESTABLE
8899	0.218	1.576	1.555	ESTABLE
16942	0.244	1.935	1.849	ESTABLE
3124	0.221	1.529	1.574	ESTABLE
13287	0.244	1.904	1.777	ESTABLE
4960	0.252	1.824	1.801	ESTABLE
4097	0.268	1.942	1.863	ESTABLE
9991	0.234	1.661	1.696	ESTABLE
3222	0.23	1.662	1.612	ESTABLE
13226	0.245	1.828	1.78	ESTABLE
11495	0.234	1.747	1.652	ESTABLE
8947	0.216	1.511	1.504	ESTABLE
628	0.247	1.937	1.845	ESTABLE
10596	0.243	1.854	1.839	ESTABLE
18655	0.223	1.524	1.525	ESTABLE
17191	0.244	1.736	1.779	ESTABLE
1613	0.247	1.823	1.815	ESTABLE
12207	0.227	1.603	1.683	ESTABLE
14466	0.275	2	1.992	ESTABLE
1281	0.256	1.878	1.861	ESTABLE
19240	0.228	1.611	1.555	ESTABLE
8402	0.252	1.793	1.793	ESTABLE
16127	0.209	1.491	1.478	ESTABLE
4826	0.251	1.835	1.867	ESTABLE
1351	0.245	1.815	1.834	ESTABLE
5884	0.216	1.551	1.446	ESTABLE
16744	0.247	1.914	1.829	ESTABLE
4352	0.252	1.771	1.838	ESTABLE
3831	0.253	1.922	1.905	ESTABLE
17833	0.254	1.882	1.913	ESTABLE
2943	0.231	1.65	1.74	ESTABLE
15523	0.235	1.668	1.655	ESTABLE
6265	0.219	1.699	1.628	ESTABLE
10113	0.225	1.662	1.721	ESTABLE
5195	0.237	1.641	1.727	ESTABLE
12247	0.221	1.588	1.601	ESTABLE
6022	0.208	1.531	1.545	ESTABLE
6701	0.231	1.642	1.727	ESTABLE
10021	0.234	1.698	1.723	ESTABLE
7661	0.253	1.917	1.824	ESTABLE
15451	0.229	1.578	1.633	ESTABLE
17088	0.25	1.873	1.817	ESTABLE
17233	0.247	1.823	1.857	ESTABLE
8393	0.248	1.823	1.785	ESTABLE
16741	0.248	1.908	1.811	ESTABLE
11917	0.233	1.67	1.756	ESTABLE
13827	0.247	1.686	1.781	ESTABLE
17328	0.247	1.796	1.86	ESTABLE
17900	0.254	1.882	1.902	ESTABLE
16409	0.22	1.58	1.545	ESTABLE
16388	0.221	1.644	1.551	ESTABLE
4835	0.235	1.814	1.778	ESTABLE
1377	0.252	1.876	1.927	ESTABLE
12810	0.202	1.537	1.449	ESTABLE
1389	0.262	1.851	1.876	ESTABLE
17794	0.266	1.947	1.912	ESTABLE
14961	0.222	1.687	1.649	ESTABLE
6130	0.225	1.676	1.665	ESTABLE
2576	0.221	1.541	1.659	ESTABLE
13276	0.247	1.769	1.787	ESTABLE
14755	0.233	1.799	1.738	ESTABLE
6964	0.225	1.795	1.817	ESTABLE
19326	0.226	1.556	1.565	ESTABLE
3582	0.253	1.795	1.909	ESTABLE
6487	0.225	1.706	1.682	ESTABLE
3841	0.256	1.979	1.823	INESTABLE
16322	0.212	1.606	1.504	ESTABLE
3326	0.227	1.648	1.661	ESTABLE
3597	0.252	1.865	1.886	ESTABLE
10592	0.246	1.908	1.924	ESTABLE
600	0.239	1.9	1.844	ESTABLE
15742	0.224	1.659	1.552	ESTABLE
6570	0.225	1.594	1.675	ESTABLE
9523	0.226	1.704	1.659	ESTABLE
4397	0.249	1.829	1.874	ESTABLE
17715	0.249	1.848	1.894	ESTABLE
13473	0.244	1.843	1.815	ESTABLE
7919	0.243	1.776	1.77	ESTABLE
19899	0.224	1.614	1.619	ESTABLE
15872	0.22	1.51	1.621	ESTABLE
16650	0.239	1.797	1.741	ESTABLE
14190	0.257	1.875	1.908	ESTABLE
17246	0.244	1.793	1.785	ESTABLE
8502	0.244	1.74	1.806	ESTABLE
8169	0.223	1.632	1.731	ESTABLE
18613	0.212	1.535	1.556	ESTABLE
8343	0.248	1.761	1.808	ESTABLE
13076	0.229	1.772	1.583	INESTABLE
10593	0.262	1.846	1.927	ESTABLE
2744	0.232	1.6	1.712	ESTABLE
1063	0.252	1.826	1.899	ESTABLE
12128	0.23	1.667	1.624	ESTABLE
1334	0.246	1.828	1.84	ESTABLE
10685	0.255	1.953	1.915	ESTABLE
15686	0.234	1.632	1.664	ESTABLE
9570	0.228	1.667	1.579	ESTABLE
8328	0.251	1.835	1.799	ESTABLE
16029	0.206	1.478	1.491	ESTABLE
4589	0.236	1.707	1.787	ESTABLE
873	0.251	1.808	1.851	ESTABLE
9980	0.239	1.645	1.715	ESTABLE
17001	0.245	1.824	1.915	ESTABLE
13993	0.236	1.726	1.812	ESTABLE
12849	0.209	1.618	1.521	ESTABLE
19914	0.223	1.575	1.608	ESTABLE
3099	0.223	1.556	1.61	ESTABLE
9623	0.24	1.761	1.752	ESTABLE
757	0.235	1.833	1.757	ESTABLE
4007	0.26	1.992	1.911	ESTABLE
7038	0.25	1.799	1.83	ESTABLE
16496	0.22	1.628	1.606	ESTABLE
19112	0.228	1.602	1.59	ESTABLE
15029	0.227	1.624	1.603	ESTABLE
8726	0.223	1.618	1.622	ESTABLE
3141	0.224	1.539	1.585	ESTABLE
3108	0.226	1.506	1.605	ESTABLE
2143	0.209	1.514	1.493	ESTABLE
2367	0.212	1.565	1.506	ESTABLE
11014	0.264	1.954	1.865	ESTABLE
17237	0.252	1.798	1.862	ESTABLE
18526	0.233	1.607	1.556	ESTABLE
8634	0.225	1.663	1.63	ESTABLE
2808	0.219	1.59	1.562	ESTABLE
6101	0.22	1.653	1.645	ESTABLE
11597	0.236	1.635	1.689	ESTABLE
3935	0.265	1.897	1.897	ESTABLE
12358	0.22	1.532	1.609	ESTABLE
4999	0.241	1.716	1.861	ESTABLE
3445	0.229	1.753	1.69	ESTABLE
14165	0.264	1.873	1.912	ESTABLE
12061	0.233	1.64	1.696	ESTABLE
12891	0.205	1.529	1.51	ESTABLE
15810	0.22	1.533	1.631	ESTABLE
344	0.256	1.938	1.904	ESTABLE
18821	0.216	1.637	1.555	ESTABLE
10993	0.272	1.974	1.98	ESTABLE
2885	0.224	1.559	1.664	ESTABLE
13660	0.238	1.709	1.82	ESTABLE
3212	0.213	1.513	1.6	ESTABLE
16504	0.233	1.69	1.625	ESTABLE
10112	0.227	1.654	1.739	ESTABLE
18627	0.22	1.6	1.468	ESTABLE
5568	0.212	1.513	1.491	ESTABLE
2856	0.222	1.565	1.681	ESTABLE
4293	0.245	1.879	1.842	ESTABLE
3588	0.246	1.892	1.838	ESTABLE
2854	0.232	1.65	1.634	ESTABLE
10885	0.26	1.976	1.974	ESTABLE
3242	0.228	1.697	1.626	ESTABLE
17148	0.235	1.736	1.792	ESTABLE
11464	0.234	1.746	1.712	ESTABLE
13396	0.242	1.862	1.781	ESTABLE
5897	0.21	1.492	1.521	ESTABLE
10878	0.265	1.952	1.96	ESTABLE
11837	0.229	1.658	1.681	ESTABLE
7216	0.252	1.985	1.923	ESTABLE
15754	0.224	1.55	1.593	ESTABLE
15604	0.224	1.568	1.548	ESTABLE
1888	0.224	1.643	1.521	ESTABLE
15652	0.235	1.679	1.68	ESTABLE
492	0.252	1.927	1.91	ESTABLE
5864	0.204	1.519	1.497	ESTABLE
1209	0.255	1.836	1.88	ESTABLE
10487	0.25	1.849	1.842	ESTABLE
18684	0.215	1.559	1.55	ESTABLE
111	0.25	1.902	1.812	ESTABLE
18964	0.231	1.646	1.633	ESTABLE
6559	0.233	1.61	1.749	ESTABLE
3364	0.226	1.69	1.662	ESTABLE
16503	0.235	1.73	1.646	ESTABLE
12720	0.21	1.497	1.479	ESTABLE
7877	0.257	1.85	1.792	ESTABLE
16599	0.241	1.753	1.745	ESTABLE
15492	0.227	1.593	1.605	ESTABLE
7644	0.271	2	1.923	ESTABLE
3773	0.249	1.935	1.816	ESTABLE
3655	0.268	1.952	1.874	ESTABLE
12468	0.218	1.523	1.498	ESTABLE
12565	0.213	1.462	1.478	ESTABLE
12657	0.225	1.511	1.526	ESTABLE
16653	0.242	1.808	1.729	ESTABLE
17290	0.239	1.793	1.798	ESTABLE
18791	0.22	1.603	1.571	ESTABLE
2659	0.216	1.551	1.613	ESTABLE
17369	0.244	1.841	1.86	ESTABLE
18896	0.224	1.61	1.606	ESTABLE
4910	0.25	1.759	1.88	ESTABLE
5500	0.217	1.579	1.489	ESTABLE
12540	0.224	1.481	1.489	ESTABLE
9477	0.225	1.629	1.533	ESTABLE
5426	0.198	1.501	1.445	ESTABLE
19148	0.227	1.544	1.631	ESTABLE
7658	0.246	1.801	1.796	ESTABLE
13354	0.234	1.764	1.7	ESTABLE
13515	0.235	1.818	1.855	ESTABLE
5596	0.201	1.488	1.433	ESTABLE
1121	0.245	1.757	1.807	ESTABLE
3298	0.224	1.601	1.599	ESTABLE
3283	0.229	1.674	1.613	ESTABLE
3202	0.229	1.562	1.644	ESTABLE
10609	0.257	1.87	1.848	ESTABLE
6916	0.236	1.748	1.763	ESTABLE
10909	0.266	1.923	2.003	ESTABLE
18842	0.213	1.512	1.571	ESTABLE
8309	0.237	1.747	1.834	ESTABLE
3890	0.262	2.032	1.915	ESTABLE
940	0.244	1.766	1.792	ESTABLE
15947	0.205	1.505	1.538	ESTABLE
9609	0.227	1.67	1.659	ESTABLE
16828	0.259	1.809	1.898	ESTABLE
133	0.248	1.832	1.695	ESTABLE
6043	0.224	1.583	1.679	ESTABLE
4769	0.247	1.75	1.834	ESTABLE
5619	0.202	1.517	1.462	ESTABLE
13328	0.224	1.767	1.768	ESTABLE
5058	0.242	1.668	1.715	ESTABLE
18991	0.225	1.617	1.634	ESTABLE
16661	0.244	1.861	1.815	ESTABLE
10488	0.239	1.725	1.786	ESTABLE
15692	0.229	1.561	1.653	ESTABLE
17171	0.243	1.747	1.759	ESTABLE
18663	0.221	1.609	1.566	ESTABLE
5862	0.215	1.579	1.529	ESTABLE
8408	0.235	1.743	1.828	ESTABLE
17786	0.247	1.886	1.928	ESTABLE
9577	0.226	1.691	1.635	ESTABLE
5107	0.233	1.727	1.69	ESTABLE
16426	0.225	1.641	1.725	ESTABLE
992	0.242	1.757	1.822	ESTABLE
723	0.244	1.839	1.829	ESTABLE
2256	0.209	1.515	1.475	ESTABLE
3984	0.27	2	1.994	ESTABLE
19700	0.209	1.5	1.579	ESTABLE
7285	0.278	2.03	1.98	ESTABLE
7888	0.248	1.84	1.739	ESTABLE
12719	0.208	1.562	1.517	ESTABLE
13646	0.235	1.797	1.917	ESTABLE
10974	0.255	1.963	1.88	ESTABLE
8338	0.253	1.746	1.866	ESTABLE
10442	0.241	1.801	1.811	ESTABLE
9392	0.22	1.608	1.458	INESTABLE
18098	0.238	1.821	1.735	ESTABLE
9714	0.22	1.763	1.698	ESTABLE
10305	0.243	1.694	1.799	ESTABLE
15393	0.231	1.719	1.667	ESTABLE
202	0.263	1.918	1.892	ESTABLE
19304	0.215	1.582	1.596	ESTABLE
1770	0.239	1.602	1.694	ESTABLE
3154	0.222	1.599	1.59	ESTABLE
9631	0.235	1.712	1.639	ESTABLE
17091	0.26	1.765	1.864	ESTABLE
19610	0.216	1.463	1.559	ESTABLE
10851	0.269	2.069	1.996	ESTABLE
19015	0.226	1.557	1.688	ESTABLE
5565	0.203	1.46	1.402	ESTABLE
16122	0.21	1.507	1.549	ESTABLE
16715	0.246	1.862	1.831	ESTABLE
12258	0.216	1.519	1.619	ESTABLE
6291	0.228	1.573	1.643	ESTABLE
7429	0.273	2.078	2.005	ESTABLE
12577	0.207	1.526	1.405	ESTABLE
18013	0.259	1.905	1.847	ESTABLE
3820	0.254	1.962	1.911	ESTABLE
16637	0.247	1.849	1.791	ESTABLE
11687	0.232	1.708	1.663	ESTABLE
17416	0.25	1.741	1.853	ESTABLE
15415	0.221	1.683	1.693	ESTABLE
16571	0.237	1.766	1.653	ESTABLE
856	0.251	1.866	1.881	ESTABLE
9163	0.196	1.465	1.412	ESTABLE
915	0.252	1.823	1.836	ESTABLE
1669	0.227	1.711	1.721	ESTABLE
1078	0.246	1.774	1.865	ESTABLE
7076	0.245	1.885	1.87	ESTABLE
17354	0.242	1.806	1.843	ESTABLE
898	0.25	1.852	1.879	ESTABLE
11647	0.235	1.657	1.67	ESTABLE
13737	0.241	1.713	1.828	ESTABLE
12850	0.228	1.613	1.603	ESTABLE
10038	0.234	1.705	1.747	ESTABLE
12387	0.231	1.568	1.62	ESTABLE
6184	0.228	1.603	1.693	ESTABLE
17043	0.237	1.779	1.803	ESTABLE
10633	0.253	1.986	1.94	ESTABLE
1402	0.254	1.846	1.864	ESTABLE
2046	0.222	1.585	1.46	ESTABLE
13306	0.25	1.833	1.844	ESTABLE
19996	0.247	1.761	1.706	ESTABLE
12264	0.205	1.569	1.59	ESTABLE
7185	0.257	1.916	1.898	ESTABLE
13962	0.249	1.797	1.845	ESTABLE
12489	0.217	1.489	1.438	ESTABLE
12774	0.219	1.572	1.509	ESTABLE
10391	0.244	1.746	1.847	ESTABLE
13655	0.236	1.769	1.83	ESTABLE
15346	0.232	1.565	1.699	ESTABLE
5584	0.212	1.552	1.487	ESTABLE
3906	0.263	1.963	1.846	ESTABLE
7760	0.246	1.798	1.867	ESTABLE
11618	0.235	1.679	1.695	ESTABLE
14231	0.276	1.961	1.947	ESTABLE
4103	0.254	1.967	1.915	ESTABLE
15405	0.225	1.643	1.604	ESTABLE
12002	0.229	1.648	1.671	ESTABLE
394	0.248	1.955	1.915	ESTABLE
10991	0.263	2.016	1.971	ESTABLE
15282	0.234	1.639	1.663	ESTABLE
16699	0.255	1.905	1.768	ESTABLE
1585	0.239	1.797	1.841	ESTABLE
15185	0.218	1.628	1.583	ESTABLE
16876	0.24	1.78	1.807	ESTABLE
19743	0.226	1.554	1.508	ESTABLE
2695	0.219	1.674	1.591	ESTABLE
18986	0.223	1.658	1.617	ESTABLE
4096	0.268	1.976	1.859	ESTABLE
18860	0.218	1.573	1.566	ESTABLE
19870	0.225	1.533	1.64	ESTABLE
3697	0.262	1.934	1.875	ESTABLE
14750	0.234	1.843	1.688	INESTABLE
9369	0.207	1.506	1.555	ESTABLE
1341	0.248	1.835	1.884	ESTABLE
18440	0.221	1.644	1.566	ESTABLE
3189	0.225	1.626	1.623	ESTABLE
6421	0.225	1.604	1.678	ESTABLE
16970	0.25	1.864	1.816	ESTABLE
5182	0.233	1.675	1.698	ESTABLE
7355	0.255	1.949	1.918	ESTABLE
8724	0.225	1.565	1.613	ESTABLE
6883	0.243	1.763	1.697	ESTABLE
11848	0.238	1.705	1.752	ESTABLE
15666	0.225	1.543	1.601	ESTABLE
11767	0.241	1.727	1.743	ESTABLE
14048	0.259	1.863	1.799	ESTABLE
8475	0.242	1.76	1.79	ESTABLE
5923	0.211	1.544	1.507	ESTABLE
17074	0.249	1.903	1.802	ESTABLE
7645	0.256	1.947	1.867	ESTABLE
8492	0.237	1.743	1.762	ESTABLE
1995	0.222	1.614	1.523	ESTABLE
12957	0.222	1.591	1.577	ESTABLE
6667	0.223	1.628	1.661	ESTABLE
7087	0.257	1.87	1.882	ESTABLE
5293	0.231	1.601	1.71	ESTABLE
10196	0.234	1.7	1.747	ESTABLE
11289	0.241	1.83	1.828	ESTABLE
33	0.227	1.697	1.706	ESTABLE
7438	0.267	2.005	1.927	ESTABLE
9177	0.204	1.427	1.416	ESTABLE
4144	0.264	1.891	1.91	ESTABLE
8732	0.22	1.556	1.669	ESTABLE
14458	0.263	1.953	1.903	ESTABLE
3144	0.218	1.551	1.582	ESTABLE
4495	0.245	1.795	1.802	ESTABLE
10759	0.265	2.053	1.98	ESTABLE
17294	0.243	1.812	1.809	ESTABLE
9338	0.226	1.56	1.486	ESTABLE
4254	0.245	1.89	1.858	ESTABLE
12953	0.223	1.635	1.582	ESTABLE
1066	0.237	1.81	1.903	ESTABLE
15236	0.224	1.598	1.631	ESTABLE
9637	0.227	1.679	1.645	ESTABLE
19907	0.214	1.67	1.615	ESTABLE
2876	0.238	1.7	1.628	ESTABLE
9260	0.208	1.475	1.487	ESTABLE
9880	0.245	1.675	1.728	ESTABLE
19046	0.23	1.591	1.629	ESTABLE
3175	0.224	1.56	1.685	ESTABLE
16584	0.241	1.769	1.693	ESTABLE
16087	0.212	1.477	1.545	ESTABLE
8094	0.239	1.742	1.747	ESTABLE
8198	0.229	1.71	1.822	ESTABLE
17889	0.255	1.916	1.935	ESTABLE
10274	0.24	1.697	1.783	ESTABLE
15118	0.217	1.627	1.639	ESTABLE
6490	0.234	1.617	1.682	ESTABLE
17048	0.251	1.816	1.828	ESTABLE
17591	0.247	1.839	1.933	ESTABLE
13280	0.253	1.8	1.815	ESTABLE
9930	0.238	1.711	1.755	ESTABLE
10945	0.263	2.014	2.029	ESTABLE
4600	0.246	1.775	1.827	ESTABLE
603	0.254	1.934	1.865	ESTABLE
11142	0.262	1.956	1.897	ESTABLE
8091	0.245	1.757	1.8	ESTABLE
3839	0.257	1.937	1.893	ESTABLE
3624	0.249	1.888	1.774	ESTABLE
4968	0.244	1.752	1.756	ESTABLE
13534	0.247	1.79	1.802	ESTABLE
1475	0.256	1.869	1.929	ESTABLE
3138	0.218	1.553	1.654	ESTABLE
5863	0.213	1.517	1.507	ESTABLE
4607	0.245	1.739	1.839	ESTABLE
14527	0.261	2.024	2.033	ESTABLE
15295	0.224	1.543	1.624	ESTABLE
154	0.249	1.83	1.812	ESTABLE
16834	0.249	1.903	1.769	ESTABLE
14141	0.244	1.867	1.898	ESTABLE
6070	0.213	1.636	1.573	ESTABLE
7581	0.251	1.966	1.919	ESTABLE
2045	0.212	1.517	1.513	ESTABLE
17704	0.264	1.878	1.952	ESTABLE
15807	0.221	1.545	1.573	ESTABLE
6337	0.24	1.664	1.67	ESTABLE
13979	0.25	1.819	1.848	ESTABLE
9852	0.247	1.767	1.746	ESTABLE
6167	0.218	1.6	1.63	ESTABLE
5784	0.222	1.565	1.509	ESTABLE
2023	0.209	1.562	1.442	ESTABLE
7294	0.253	1.977	1.904	ESTABLE
508	0.25	1.939	1.841	ESTABLE
8826	0.217	1.564	1.602	ESTABLE
16526	0.237	1.808	1.665	ESTABLE
1330	0.265	1.921	1.924	ESTABLE
8817	0.224	1.569	1.595	ESTABLE
6436	0.231	1.675	1.683	ESTABLE
17013	0.251	1.842	1.837	ESTABLE
17641	0.242	1.877	1.96	ESTABLE
6770	0.231	1.653	1.721	ESTABLE
2844	0.231	1.652	1.657	ESTABLE
157	0.25	1.888	1.848	ESTABLE
11572	0.236	1.697	1.686	ESTABLE
14542	0.251	1.993	1.911	ESTABLE
9975	0.233	1.716	1.814	ESTABLE
34	0.239	1.836	1.762	ESTABLE
2191	0.22	1.526	1.522	ESTABLE
10688	0.257	1.94	1.957	ESTABLE
5382	0.205	1.507	1.429	ESTABLE
16121	0.212	1.504	1.466	ESTABLE
7534	0.261	2.009	1.933	ESTABLE
14448	0.273	1.968	1.953	ESTABLE
16614	0.248	1.818	1.728	ESTABLE
19117	0.225	1.592	1.599	ESTABLE
4030	0.255	1.963	1.903	ESTABLE
17252	0.241	1.805	1.848	ESTABLE
7418	0.262	2.053	1.976	ESTABLE
4283	0.248	1.791	1.813	ESTABLE
5614	0.205	1.414	1.395	ESTABLE
19079	0.231	1.587	1.608	ESTABLE
16871	0.261	1.87	1.807	ESTABLE
10002	0.242	1.744	1.73	ESTABLE
12646	0.214	1.521	1.429	ESTABLE
7078	0.257	1.879	1.9	ESTABLE
12750	0.23	1.55	1.511	ESTABLE
19385	0.213	1.498	1.583	ESTABLE
2289	0.223	1.501	1.551	ESTABLE
10519	0.258	1.886	1.853	ESTABLE
13794	0.25	1.718	1.856	ESTABLE
1470	0.233	1.789	1.876	ESTABLE
4926	0.239	1.811	1.795	ESTABLE
1146	0.252	1.808	1.87	ESTABLE
10794	0.26	1.98	1.98	ESTABLE
19089	0.228	1.614	1.664	ESTABLE
2645	0.227	1.652	1.649	ESTABLE
12100	0.236	1.675	1.678	ESTABLE
4610	0.245	1.779	1.839	ESTABLE
8362	0.236	1.674	1.79	ESTABLE
9588	0.229	1.698	1.707	ESTABLE
15242	0.233	1.607	1.583	ESTABLE
18626	0.226	1.637	1.579	ESTABLE
19557	0.213	1.479	1.571	ESTABLE
4111	0.251	1.896	1.881	ESTABLE
9796	0.241	1.675	1.704	ESTABLE
4478	0.255	1.828	1.87	ESTABLE
7901	0.241	1.744	1.797	ESTABLE
986	0.247	1.766	1.864	ESTABLE
9	0.251	1.853	1.773	ESTABLE
14191	0.239	1.831	1.949	ESTABLE
19058	0.225	1.612	1.625	ESTABLE
10745	0.261	1.899	1.897	ESTABLE
17	0.235	1.757	1.738	ESTABLE
15381	0.22	1.608	1.601	ESTABLE
7402	0.265	2.036	1.932	ESTABLE
9096	0.203	1.507	1.38	ESTABLE
6943	0.238	1.776	1.806	ESTABLE
16993	0.243	1.852	1.746	ESTABLE
4017	0.267	2.006	1.948	ESTABLE
10222	0.238	1.698	1.701	ESTABLE
8855	0.222	1.593	1.59	ESTABLE
6117	0.225	1.596	1.573	ESTABLE
15729	0.219	1.552	1.573	ESTABLE
3334	0.227	1.604	1.67	ESTABLE
16361	0.226	1.648	1.548	ESTABLE
1375	0.249	1.905	1.93	ESTABLE
16003	0.212	1.473	1.481	ESTABLE
6665	0.224	1.661	1.67	ESTABLE
18502	0.223	1.629	1.587	ESTABLE
18656	0.233	1.597	1.601	ESTABLE
2058	0.212	1.578	1.528	ESTABLE
9089	0.209	1.469	1.461	ESTABLE
17080	0.243	1.888	1.779	ESTABLE
17927	0.245	1.98	1.933	ESTABLE
9604	0.241	1.693	1.693	ESTABLE
9078	0.229	1.505	1.432	ESTABLE
4410	0.242	1.815	1.77	ESTABLE
17632	0.247	1.78	1.871	ESTABLE
3830	0.264	1.975	1.935	ESTABLE
6677	0.219	1.599	1.626	ESTABLE
17541	0.26	1.805	1.825	ESTABLE
7933	0.242	1.757	1.795	ESTABLE
15497	0.238	1.624	1.655	ESTABLE
6670	0.231	1.618	1.724	ESTABLE
9063	0.204	1.418	1.435	ESTABLE
7616	0.255	1.93	1.878	ESTABLE
19466	0.223	1.529	1.572	ESTABLE
994	0.246	1.789	1.815	ESTABLE
10849	0.265	2.07	1.984	ESTABLE
1886	0.23	1.654	1.671	ESTABLE
6309	0.218	1.593	1.656	ESTABLE
8265	0.221	1.624	1.694	ESTABLE
8334	0.248	1.738	1.826	ESTABLE
8077	0.241	1.788	1.809	ESTABLE
3875	0.26	2.022	1.881	ESTABLE
9602	0.227	1.661	1.74	ESTABLE
14346	0.269	2.019	1.937	ESTABLE
3926	0.254	1.996	1.919	ESTABLE
16639	0.238	1.779	1.787	ESTABLE
18233	0.236	1.787	1.791	ESTABLE
19552	0.231	1.536	1.617	ESTABLE
12201	0.225	1.611	1.66	ESTABLE
11737	0.225	1.609	1.65	ESTABLE
5312	0.239	1.672	1.65	ESTABLE
6764	0.22	1.572	1.562	ESTABLE
2335	0.219	1.549	1.472	ESTABLE
5244	0.217	1.637	1.655	ESTABLE
19197	0.216	1.577	1.659	ESTABLE
11167	0.255	1.879	1.816	ESTABLE
14077	0.258	1.925	1.936	ESTABLE
11724	0.22	1.686	1.629	ESTABLE
446	0.271	1.996	1.91	ESTABLE
2974	0.215	1.471	1.576	ESTABLE
18483	0.218	1.631	1.586	ESTABLE
16307	0.223	1.533	1.642	ESTABLE
966	0.241	1.748	1.825	ESTABLE
2773	0.235	1.655	1.725	ESTABLE
19424	0.219	1.462	1.509	ESTABLE
5027	0.252	1.737	1.743	ESTABLE
2527	0.216	1.588	1.567	ESTABLE
10941	0.261	2.048	1.952	ESTABLE
18487	0.223	1.647	1.57	ESTABLE
19139	0.226	1.552	1.652	ESTABLE
12805	0.216	1.598	1.578	ESTABLE
4676	0.245	1.83	1.823	ESTABLE
2756	0.231	1.596	1.644	ESTABLE
8877	0.226	1.582	1.629	ESTABLE
1628	0.238	1.671	1.739	ESTABLE
1879	0.227	1.63	1.618	ESTABLE
19237	0.231	1.533	1.664	ESTABLE
4214	0.249	1.881	1.908	ESTABLE
12614	0.21	1.542	1.463	ESTABLE
5200	0.244	1.719	1.754	ESTABLE
8650	0.232	1.652	1.713	ESTABLE
395	0.256	1.962	1.878	ESTABLE
6799	0.225	1.68	1.751	ESTABLE
16743	0.244	1.853	1.779	ESTABLE
7161	0.259	1.972	1.914	ESTABLE
5570	0.217	1.517	1.488	ESTABLE
382	0.257	1.985	1.914	ESTABLE
12120	0.226	1.671	1.675	ESTABLE
738	0.247	1.853	1.837	ESTABLE
9649	0.235	1.782	1.674	ESTABLE
6584	0.217	1.572	1.687	ESTABLE
5250	0.233	1.629	1.722	ESTABLE
9943	0.23	1.724	1.803	ESTABLE
8742	0.226	1.605	1.645	ESTABLE
18616	0.226	1.637	1.553	ESTABLE
11812	0.242	1.697	1.728	ESTABLE
9496	0.217	1.612	1.566	ESTABLE
18220	0.239	1.762	1.719	ESTABLE
16974	0.255	1.872	1.863	ESTABLE
17917	0.261	1.932	1.95	ESTABLE
311	0.242	1.97	1.928	ESTABLE
2945	0.226	1.458	1.679	INESTABLE
8714	0.234	1.677	1.645	ESTABLE
1971	0.221	1.564	1.521	ESTABLE
15067	0.216	1.655	1.59	ESTABLE
8236	0.235	1.762	1.738	ESTABLE
19384	0.209	1.481	1.517	ESTABLE
16841	0.258	1.905	1.89	ESTABLE
12740	0.217	1.492	1.47	ESTABLE
11583	0.233	1.665	1.623	ESTABLE
11716	0.239	1.768	1.678	ESTABLE
11263	0.243	1.938	1.792	ESTABLE
19264	0.226	1.523	1.615	ESTABLE
10137	0.248	1.778	1.803	ESTABLE
3153	0.225	1.573	1.575	ESTABLE
1396	0.254	1.796	1.871	ESTABLE
9165	0.199	1.472	1.506	ESTABLE
10413	0.248	1.744	1.781	ESTABLE
9193	0.22	1.495	1.405	ESTABLE
5061	0.237	1.768	1.732	ESTABLE
9372	0.211	1.643	1.469	INESTABLE
11863	0.23	1.703	1.725	ESTABLE
15122	0.229	1.615	1.629	ESTABLE
1451	0.25	1.851	1.881	ESTABLE
11592	0.228	1.697	1.716	ESTABLE
15647	0.224	1.538	1.663	ESTABLE
12369	0.227	1.59	1.566	ESTABLE
8864	0.214	1.515	1.515	ESTABLE
17451	0.237	1.776	1.746	ESTABLE
6479	0.22	1.669	1.674	ESTABLE
14275	0.259	1.938	1.952	ESTABLE
6345	0.211	1.598	1.698	ESTABLE
6712	0.24	1.596	1.783	INESTABLE
10217	0.234	1.69	1.781	ESTABLE
10237	0.243	1.696	1.733	ESTABLE
1464	0.262	1.897	1.937	ESTABLE
14408	0.254	1.96	1.906	ESTABLE
12134	0.225	1.564	1.739	INESTABLE
18401	0.228	1.687	1.619	ESTABLE
10724	0.264	1.942	1.963	ESTABLE
11346	0.245	1.71	1.719	ESTABLE
12070	0.229	1.622	1.669	ESTABLE
2270	0.207	1.534	1.459	ESTABLE
2176	0.22	1.546	1.455	ESTABLE
13148	0.234	1.69	1.645	ESTABLE
11141	0.25	1.919	1.878	ESTABLE
17064	0.256	1.848	1.876	ESTABLE
5535	0.209	1.501	1.46	ESTABLE
17116	0.257	1.829	1.884	ESTABLE
18513	0.227	1.648	1.573	ESTABLE
5075	0.248	1.829	1.807	ESTABLE
9390	0.216	1.552	1.516	ESTABLE
7884	0.242	1.779	1.734	ESTABLE
6842	0.221	1.552	1.699	ESTABLE
733	0.244	1.85	1.836	ESTABLE
17217	0.247	1.828	1.882	ESTABLE
5713	0.202	1.437	1.466	ESTABLE
15375	0.215	1.575	1.58	ESTABLE
2005	0.218	1.563	1.554	ESTABLE
35	0.246	1.752	1.77	ESTABLE
8009	0.239	1.782	1.801	ESTABLE
3000	0.215	1.526	1.582	ESTABLE
15850	0.219	1.528	1.601	ESTABLE
15061	0.218	1.617	1.7	ESTABLE
13729	0.243	1.796	1.802	ESTABLE
18132	0.249	1.822	1.838	ESTABLE
6911	0.242	1.748	1.79	ESTABLE
18326	0.224	1.665	1.662	ESTABLE
2329	0.225	1.623	1.559	ESTABLE
2341	0.219	1.531	1.45	ESTABLE
459	0.258	1.934	1.916	ESTABLE
7962	0.236	1.765	1.694	ESTABLE
4817	0.262	1.847	1.88	ESTABLE
11799	0.237	1.578	1.687	ESTABLE
6136	0.227	1.682	1.688	ESTABLE
15668	0.224	1.607	1.692	ESTABLE
17266	0.247	1.882	1.873	ESTABLE
16374	0.217	1.578	1.526	ESTABLE
2512	0.223	1.642	1.594	ESTABLE
8566	0.241	1.714	1.725	ESTABLE
660	0.24	1.853	1.846	ESTABLE
14301	0.259	1.91	1.961	ESTABLE
9368	0.226	1.523	1.539	ESTABLE
6056	0.219	1.581	1.51	ESTABLE
17589	0.247	1.863	1.835	ESTABLE
11548	0.233	1.65	1.682	ESTABLE
17152	0.247	1.81	1.763	ESTABLE
11195	0.241	1.839	1.804	ESTABLE
17203	0.24	1.765	1.769	ESTABLE
6052	0.231	1.629	1.616	ESTABLE
14129	0.275	1.947	1.971	ESTABLE
17515	0.249	1.803	1.837	ESTABLE
535	0.247	1.914	1.884	ESTABLE
12807	0.215	1.494	1.45	ESTABLE
7462	0.263	2.036	1.968	ESTABLE
3484	0.245	1.708	1.764	ESTABLE
10532	0.251	1.827	1.872	ESTABLE
8670	0.23	1.627	1.711	ESTABLE
8409	0.242	1.79	1.832	ESTABLE
2120	0.213	1.471	1.447	ESTABLE
10893	0.27	1.998	1.959	ESTABLE
12693	0.199	1.482	1.46	ESTABLE
18786	0.222	1.506	1.529	ESTABLE
8287	0.234	1.746	1.751	ESTABLE
2365	0.213	1.567	1.519	ESTABLE
19093	0.229	1.68	1.603	ESTABLE
6831	0.222	1.561	1.704	ESTABLE
8021	0.24	1.762	1.837	ESTABLE
7211	0.264	2.022	1.918	ESTABLE
6938	0.229	1.673	1.732	ESTABLE
15823	0.221	1.53	1.579	ESTABLE
14746	0.244	1.801	1.791	ESTABLE
4321	0.24	1.81	1.781	ESTABLE
18578	0.212	1.56	1.524	ESTABLE
8503	0.231	1.693	1.723	ESTABLE
9159	0.213	1.542	1.547	ESTABLE
9638	0.223	1.633	1.625	ESTABLE
6599	0.228	1.642	1.628	ESTABLE
8623	0.228	1.688	1.821	ESTABLE
6051	0.215	1.553	1.637	ESTABLE
12737	0.202	1.539	1.46	ESTABLE
7310	0.273	2.072	1.971	ESTABLE
13921	0.24	1.81	1.919	ESTABLE
12633	0.209	1.426	1.46	ESTABLE
2131	0.21	1.559	1.45	ESTABLE
10748	0.254	1.911	1.948	ESTABLE
16845	0.238	1.841	1.771	ESTABLE
1512	0.254	1.848	1.875	ESTABLE
1343	0.251	1.831	1.916	ESTABLE
6752	0.226	1.625	1.639	ESTABLE
12124	0.22	1.609	1.709	ESTABLE
2402	0.213	1.54	1.556	ESTABLE
12119	0.221	1.617	1.665	ESTABLE
7444	0.27	2.006	1.93	ESTABLE
5920	0.226	1.61	1.55	ESTABLE
13065	0.228	1.683	1.701	ESTABLE
9542	0.225	1.692	1.569	ESTABLE
8462	0.24	1.794	1.776	ESTABLE
5372	0.203	1.543	1.557	ESTABLE
1725	0.231	1.758	1.707	ESTABLE
4058	0.26	1.971	1.882	ESTABLE
14309	0.261	1.9	1.949	ESTABLE
6188	0.22	1.64	1.684	ESTABLE
18176	0.243	1.905	1.786	ESTABLE
9385	0.228	1.547	1.476	ESTABLE
14793	0.246	1.747	1.787	ESTABLE
4903	0.244	1.809	1.872	ESTABLE
13044	0.216	1.737	1.619	ESTABLE
3832	0.266	1.999	1.955	ESTABLE
12659	0.213	1.454	1.489	ESTABLE
8738	0.233	1.615	1.661	ESTABLE
10285	0.239	1.653	1.721	ESTABLE
17164	0.259	1.877	1.926	ESTABLE
9529	0.233	1.654	1.579	ESTABLE
12249	0.231	1.628	1.623	ESTABLE
5554	0.219	1.551	1.523	ESTABLE
17274	0.252	1.745	1.815	ESTABLE
86	0.239	1.774	1.737	ESTABLE
18924	0.228	1.591	1.604	ESTABLE
4882	0.233	1.771	1.917	ESTABLE
7353	0.26	1.986	1.904	ESTABLE
2044	0.212	1.572	1.495	ESTABLE
783	0.243	1.785	1.813	ESTABLE
11603	0.236	1.683	1.649	ESTABLE
5808	0.21	1.528	1.434	ESTABLE
8315	0.248	1.84	1.838	ESTABLE
10273	0.246	1.697	1.769	ESTABLE
4256	0.247	1.886	1.811	ESTABLE
6111	0.226	1.698	1.579	ESTABLE
983	0.24	1.809	1.896	ESTABLE
14553	0.258	1.821	1.932	ESTABLE
8279	0.235	1.736	1.804	ESTABLE
16501	0.227	1.704	1.684	ESTABLE
11771	0.236	1.599	1.683	ESTABLE
3955	0.258	1.954	1.892	ESTABLE
4239	0.244	1.895	1.832	ESTABLE
19246	0.217	1.601	1.622	ESTABLE
18169	0.242	1.904	1.771	ESTABLE
19134	0.228	1.614	1.631	ESTABLE
384	0.252	1.953	1.837	ESTABLE
2622	0.21	1.531	1.629	ESTABLE
10416	0.249	1.824	1.903	ESTABLE
17947	0.255	1.956	1.898	ESTABLE
8542	0.248	1.645	1.796	INESTABLE
5116	0.235	1.701	1.821	ESTABLE
18828	0.221	1.619	1.588	ESTABLE
13402	0.25	1.77	1.853	ESTABLE
1521	0.263	1.796	1.9	ESTABLE
3502	0.248	1.747	1.675	ESTABLE
4652	0.247	1.819	1.905	ESTABLE
8861	0.228	1.569	1.596	ESTABLE
8528	0.23	1.69	1.724	ESTABLE
2065	0.21	1.5	1.444	ESTABLE
15705	0.219	1.624	1.649	ESTABLE
17242	0.255	1.819	1.906	ESTABLE
17180	0.246	1.789	1.862	ESTABLE
606	0.26	1.944	1.87	ESTABLE
1381	0.266	1.911	1.952	ESTABLE
11896	0.232	1.6	1.696	ESTABLE
3233	0.222	1.593	1.604	ESTABLE
6628	0.237	1.681	1.788	ESTABLE
12127	0.233	1.628	1.738	ESTABLE
7245	0.263	1.897	1.939	ESTABLE
10129	0.235	1.635	1.755	ESTABLE
10230	0.238	1.751	1.797	ESTABLE
8920	0.213	1.513	1.449	ESTABLE
3361	0.231	1.671	1.686	ESTABLE
19293	0.232	1.544	1.671	ESTABLE
14780	0.244	1.807	1.734	ESTABLE
18601	0.221	1.648	1.518	ESTABLE
19589	0.212	1.482	1.587	ESTABLE
8648	0.218	1.689	1.657	ESTABLE
4584	0.24	1.875	1.861	ESTABLE
15747	0.218	1.559	1.587	ESTABLE
14528	0.256	1.864	1.843	ESTABLE
5140	0.241	1.672	1.725	ESTABLE
4987	0.253	1.832	1.834	ESTABLE
9071	0.21	1.488	1.411	ESTABLE
11302	0.23	1.763	1.717	ESTABLE
17397	0.25	1.835	1.819	ESTABLE
16558	0.229	1.739	1.653	ESTABLE
8517	0.227	1.628	1.746	ESTABLE
15250	0.222	1.589	1.527	ESTABLE
948	0.247	1.827	1.826	ESTABLE
11915	0.225	1.617	1.675	ESTABLE
2474	0.217	1.547	1.554	ESTABLE
608	0.25	1.905	1.82	ESTABLE
6444	0.228	1.684	1.717	ESTABLE
18079	0.249	1.856	1.87	ESTABLE
17663	0.261	1.889	1.934	ESTABLE
2693	0.235	1.602	1.611	ESTABLE
15525	0.233	1.563	1.639	ESTABLE
18670	0.223	1.615	1.575	ESTABLE
15997	0.205	1.422	1.528	ESTABLE
1390	0.244	1.86	1.862	ESTABLE
13565	0.237	1.73	1.735	ESTABLE
8477	0.232	1.718	1.796	ESTABLE
163	0.244	1.858	1.756	ESTABLE
2386	0.232	1.616	1.605	ESTABLE
7252	0.259	1.976	1.919	ESTABLE
488	0.241	1.88	1.887	ESTABLE
15892	0.223	1.494	1.636	ESTABLE
14265	0.263	2.012	1.986	ESTABLE
7517	0.25	1.901	1.881	ESTABLE
6707	0.237	1.604	1.698	ESTABLE
12938	0.228	1.635	1.534	ESTABLE
7026	0.24	1.758	1.817	ESTABLE
2261	0.235	1.538	1.563	ESTABLE
19219	0.214	1.599	1.596	ESTABLE
16060	0.223	1.439	1.483	ESTABLE
11707	0.223	1.609	1.637	ESTABLE
12473	0.217	1.436	1.505	ESTABLE
4022	0.259	2.004	1.938	ESTABLE
10313	0.226	1.64	1.722	ESTABLE
5909	0.207	1.508	1.574	ESTABLE
6800	0.223	1.64	1.753	ESTABLE
17874	0.266	1.95	2.053	ESTABLE
4359	0.251	1.763	1.828	ESTABLE
1397	0.252	1.76	1.883	ESTABLE
18355	0.224	1.735	1.647	ESTABLE
8275	0.239	1.711	1.762	ESTABLE
16971	0.251	1.884	1.927	ESTABLE
12595	0.206	1.443	1.424	ESTABLE
7761	0.25	1.823	1.827	ESTABLE
4020	0.254	2.006	1.877	ESTABLE
13347	0.241	1.872	1.698	INESTABLE
6812	0.238	1.682	1.634	ESTABLE
7195	0.241	1.891	1.851	ESTABLE
3308	0.217	1.529	1.66	ESTABLE
2015	0.207	1.535	1.505	ESTABLE
2258	0.215	1.51	1.542	ESTABLE
5483	0.211	1.514	1.482	ESTABLE
11498	0.223	1.676	1.605	ESTABLE
12814	0.207	1.549	1.516	ESTABLE
19016	0.214	1.572	1.649	ESTABLE
14264	0.261	1.926	1.965	ESTABLE
8289	0.238	1.754	1.885	ESTABLE
10897	0.269	2.012	1.989	ESTABLE
4787	0.256	1.803	1.874	ESTABLE
18135	0.249	1.807	1.749	ESTABLE
18458	0.225	1.611	1.515	ESTABLE
11601	0.232	1.662	1.71	ESTABLE
1935	0.216	1.64	1.583	ESTABLE
10321	0.25	1.762	1.805	ESTABLE
17361	0.256	1.83	1.842	ESTABLE
1728	0.24	1.715	1.795	ESTABLE
18340	0.237	1.71	1.662	ESTABLE
688	0.247	1.848	1.878	ESTABLE
11908	0.237	1.663	1.816	INESTABLE
1670	0.236	1.72	1.728	ESTABLE
9989	0.246	1.767	1.74	ESTABLE
18975	0.224	1.567	1.712	ESTABLE
1735	0.231	1.69	1.673	ESTABLE
1818	0.228	1.598	1.655	ESTABLE
7490	0.271	2.045	1.928	ESTABLE
7174	0.24	1.869	1.848	ESTABLE
18888	0.205	1.611	1.542	ESTABLE
19378	0.224	1.54	1.67	ESTABLE
16435	0.235	1.691	1.648	ESTABLE
12467	0.218	1.552	1.461	ESTABLE
16318	0.212	1.563	1.564	ESTABLE
16502	0.232	1.714	1.58	ESTABLE
9127	0.215	1.497	1.451	ESTABLE
765	0.252	1.872	1.85	ESTABLE
17413	0.254	1.856	1.823	ESTABLE
11675	0.241	1.677	1.743	ESTABLE
14738	0.244	1.782	1.765	ESTABLE
7969	0.251	1.766	1.734	ESTABLE
3672	0.258	1.96	1.9	ESTABLE
9208	0.222	1.544	1.439	ESTABLE
1978	0.222	1.551	1.5	ESTABLE
13855	0.242	1.742	1.85	ESTABLE
10119	0.249	1.71	1.812	ESTABLE
18447	0.226	1.619	1.499	ESTABLE
19967	0.247	1.755	1.719	ESTABLE
12394	0.226	1.592	1.592	ESTABLE
1044	0.247	1.845	1.857	ESTABLE
524	0.269	1.966	1.998	ESTABLE
10738	0.257	1.94	1.907	ESTABLE
16109	0.198	1.403	1.451	ESTABLE
14215	0.254	1.89	1.974	ESTABLE
5850	0.211	1.55	1.439	ESTABLE
4274	0.243	1.805	1.814	ESTABLE
15191	0.217	1.649	1.544	ESTABLE
298	0.253	1.871	1.821	ESTABLE
771	0.25	1.814	1.961	ESTABLE
9124	0.208	1.436	1.416	ESTABLE
19055	0.225	1.605	1.634	ESTABLE
3846	0.266	2.028	1.936	ESTABLE
4976	0.247	1.807	1.804	ESTABLE
8090	0.233	1.65	1.761	ESTABLE
6816	0.241	1.654	1.729	ESTABLE
1654	0.239	1.829	1.818	ESTABLE
8064	0.239	1.724	1.781	ESTABLE
9925	0.235	1.702	1.761	ESTABLE
15409	0.242	1.654	1.679	ESTABLE
3269	0.232	1.64	1.678	ESTABLE
19314	0.225	1.567	1.636	ESTABLE
2116	0.203	1.463	1.447	ESTABLE
7912	0.242	1.792	1.743	ESTABLE
1413	0.254	1.91	1.927	ESTABLE
4628	0.249	1.759	1.862	ESTABLE
18709	0.218	1.605	1.555	ESTABLE
10189	0.262	1.826	1.776	ESTABLE
14483	0.257	1.955	1.893	ESTABLE
7739	0.246	1.84	1.801	ESTABLE
12816	0.213	1.509	1.489	ESTABLE
6830	0.242	1.737	1.797	ESTABLE
6396	0.231	1.633	1.682	ESTABLE
4807	0.23	1.773	1.829	ESTABLE
14590	0.257	1.952	1.856	ESTABLE
7676	0.262	1.957	1.848	ESTABLE
9865	0.225	1.663	1.752	ESTABLE
19309	0.227	1.574	1.647	ESTABLE
19925	0.229	1.701	1.614	ESTABLE
3600	0.246	1.864	1.848	ESTABLE
8318	0.23	1.693	1.774	ESTABLE
3803	0.255	1.957	1.93	ESTABLE
17182	0.245	1.85	1.815	ESTABLE
11903	0.232	1.724	1.628	ESTABLE
15967	0.199	1.416	1.462	ESTABLE
3150	0.217	1.563	1.564	ESTABLE
4719	0.24	1.78	1.765	ESTABLE
13320	0.237	1.713	1.71	ESTABLE
341	0.258	1.885	1.836	ESTABLE
7148	0.242	1.834	1.816	ESTABLE
7346	0.261	1.987	1.937	ESTABLE
17683	0.264	1.895	1.913	ESTABLE
10588	0.246	1.858	1.847	ESTABLE
10203	0.239	1.718	1.738	ESTABLE
8107	0.243	1.762	1.809	ESTABLE
11918	0.233	1.648	1.715	ESTABLE
7756	0.244	1.886	1.787	ESTABLE
18831	0.229	1.599	1.599	ESTABLE
19848	0.215	1.696	1.623	ESTABLE
18063	0.261	1.879	1.873	ESTABLE
1041	0.234	1.786	1.896	ESTABLE
15818	0.219	1.526	1.575	ESTABLE
5175	0.236	1.718	1.736	ESTABLE
9444	0.199	1.539	1.492	ESTABLE
18548	0.226	1.589	1.553	ESTABLE
312	0.262	1.965	1.841	ESTABLE
16536	0.233	1.748	1.674	ESTABLE
14024	0.247	1.843	1.923	ESTABLE
3800	0.248	1.887	1.929	ESTABLE
18789	0.22	1.59	1.571	ESTABLE
12853	0.218	1.633	1.484	ESTABLE
11390	0.238	1.713	1.718	ESTABLE
14454	0.258	1.974	1.979	ESTABLE
7965	0.236	1.795	1.792	ESTABLE
6549	0.227	1.61	1.644	ESTABLE
14260	0.271	1.954	1.99	ESTABLE
15019	0.232	1.659	1.674	ESTABLE
16261	0.204	1.531	1.47	ESTABLE
9082	0.21	1.589	1.459	ESTABLE
9763	0.238	1.762	1.74	ESTABLE
15156	0.23	1.647	1.595	ESTABLE
16764	0.254	1.921	1.842	ESTABLE
6811	0.243	1.71	1.694	ESTABLE
12604	0.212	1.473	1.448	ESTABLE
10329	0.231	1.749	1.753	ESTABLE
16272	0.212	1.539	1.436	ESTABLE
130	0.25	1.982	1.769	INESTABLE
5470	0.219	1.559	1.478	ESTABLE
16412	0.213	1.55	1.496	ESTABLE
6419	0.234	1.609	1.693	ESTABLE
16343	0.214	1.574	1.515	ESTABLE
4831	0.254	1.822	1.872	ESTABLE
3299	0.231	1.66	1.719	ESTABLE
3976	0.267	2.042	1.893	ESTABLE
11772	0.234	1.677	1.687	ESTABLE
7365	0.258	1.907	1.956	ESTABLE
322	0.25	1.907	1.849	ESTABLE
7725	0.245	1.898	1.828	ESTABLE
12224	0.23	1.58	1.673	ESTABLE
19618	0.217	1.535	1.493	ESTABLE
2498	0.223	1.637	1.613	ESTABLE
2722	0.232	1.643	1.646	ESTABLE
1909	0.216	1.628	1.497	ESTABLE
358	0.254	1.891	1.886	ESTABLE
6913	0.237	1.726	1.791	ESTABLE
15410	0.227	1.623	1.601	ESTABLE
19215	0.227	1.551	1.63	ESTABLE
7593	0.254	1.899	1.939	ESTABLE
4931	0.256	1.86	1.906	ESTABLE
15439	0.226	1.659	1.702	ESTABLE
3128	0.219	1.577	1.613	ESTABLE
15263	0.233	1.639	1.672	ESTABLE
10258	0.238	1.705	1.773	ESTABLE
10921	0.265	1.958	2.071	ESTABLE
12589	0.218	1.516	1.453	ESTABLE
10646	0.251	1.918	1.918	ESTABLE
12620	0.206	1.468	1.421	ESTABLE
10628	0.258	1.913	1.876	ESTABLE
18358	0.231	1.666	1.677	ESTABLE
3429	0.232	1.746	1.773	ESTABLE
11766	0.246	1.723	1.716	ESTABLE
12819	0.22	1.532	1.547	ESTABLE
12102	0.23	1.629	1.677	ESTABLE
11184	0.247	1.889	1.75	ESTABLE
3127	0.227	1.618	1.696	ESTABLE
228	0.247	1.974	1.867	ESTABLE
13926	0.249	1.699	1.797	ESTABLE
2050	0.224	1.562	1.48	ESTABLE
12393	0.225	1.53	1.54	ESTABLE
13129	0.229	1.67	1.675	ESTABLE
6472	0.223	1.564	1.676	ESTABLE
5911	0.214	1.544	1.501	ESTABLE
16609	0.241	1.734	1.709	ESTABLE
10134	0.237	1.703	1.769	ESTABLE
17619	0.253	1.86	1.962	ESTABLE
15847	0.216	1.473	1.568	ESTABLE
19529	0.216	1.453	1.504	ESTABLE
15245	0.209	1.629	1.599	ESTABLE
7540	0.242	1.918	1.87	ESTABLE
17142	0.249	1.859	1.814	ESTABLE
11943	0.229	1.606	1.726	ESTABLE
218	0.24	1.844	1.782	ESTABLE
1912	0.223	1.686	1.592	ESTABLE
6471	0.239	1.636	1.766	ESTABLE
16210	0.215	1.497	1.469	ESTABLE
16284	0.22	1.596	1.55	ESTABLE
11686	0.22	1.717	1.651	ESTABLE
7108	0.249	1.812	1.816	ESTABLE
12353	0.223	1.55	1.508	ESTABLE
4249	0.25	1.883	1.929	ESTABLE
9897	0.224	1.663	1.666	ESTABLE
16161	0.21	1.561	1.526	ESTABLE
3033	0.22	1.523	1.612	ESTABLE
19330	0.226	1.541	1.593	ESTABLE
14614	0.24	1.858	1.819	ESTABLE
13202	0.239	1.746	1.8	ESTABLE
4343	0.248	1.836	1.76	ESTABLE
17343	0.251	1.788	1.874	ESTABLE
7372	0.27	2.022	1.943	ESTABLE
12190	0.226	1.614	1.649	ESTABLE
11804	0.242	1.655	1.713	ESTABLE
11196	0.243	1.932	1.744	INESTABLE
4877	0.233	1.756	1.837	ESTABLE
12297	0.226	1.54	1.598	ESTABLE
1365	0.267	1.846	1.95	ESTABLE
742	0.245	1.817	1.768	ESTABLE
14990	0.224	1.727	1.669	ESTABLE
2986	0.227	1.571	1.655	ESTABLE
2942	0.225	1.59	1.621	ESTABLE
15281	0.228	1.65	1.648	ESTABLE
1867	0.225	1.597	1.611	ESTABLE
267	0.256	1.897	1.808	ESTABLE
8249	0.236	1.75	1.787	ESTABLE
1340	0.265	1.906	1.885	ESTABLE
16378	0.215	1.607	1.551	ESTABLE
4176	0.247	1.842	1.846	ESTABLE
16704	0.25	1.906	1.722	INESTABLE
4152	0.25	1.812	1.859	ESTABLE
9314	0.212	1.532	1.409	ESTABLE
7613	0.256	1.929	1.867	ESTABLE
11700	0.226	1.686	1.743	ESTABLE
6767	0.22	1.63	1.614	ESTABLE
6962	0.241	1.81	1.722	ESTABLE
18956	0.232	1.569	1.672	ESTABLE
1764	0.231	1.718	1.678	ESTABLE
8412	0.247	1.759	1.859	ESTABLE
739	0.242	1.84	1.865	ESTABLE
11447	0.233	1.817	1.648	INESTABLE
9028	0.206	1.473	1.437	ESTABLE
14551	0.263	1.97	1.974	ESTABLE
9315	0.2	1.498	1.37	ESTABLE
4842	0.24	1.722	1.817	ESTABLE
7008	0.23	1.795	1.785	ESTABLE
11645	0.225	1.649	1.632	ESTABLE
4074	0.254	1.948	1.887	ESTABLE
17826	0.26	1.9	1.943	ESTABLE
2094	0.205	1.479	1.383	ESTABLE
2435	0.223	1.606	1.562	ESTABLE
13872	0.252	1.748	1.871	ESTABLE
19030	0.238	1.64	1.727	ESTABLE
14325	0.264	1.926	1.969	ESTABLE
7166	0.257	1.933	1.9	ESTABLE
7672	0.241	1.911	1.839	ESTABLE
17882	0.26	1.942	1.919	ESTABLE
15746	0.233	1.503	1.624	ESTABLE
17293	0.248	1.713	1.864	INESTABLE
10986	0.258	2.052	1.962	ESTABLE
15082	0.23	1.604	1.678	ESTABLE
8639	0.229	1.62	1.71	ESTABLE
8116	0.238	1.704	1.721	ESTABLE
2541	0.221	1.595	1.568	ESTABLE
12104	0.232	1.667	1.697	ESTABLE
3674	0.255	1.87	1.824	ESTABLE
7595	0.254	1.992	1.861	ESTABLE
13629	0.244	1.679	1.828	ESTABLE
16679	0.251	1.822	1.869	ESTABLE
15190	0.232	1.607	1.656	ESTABLE
12993	0.225	1.603	1.591	ESTABLE
16100	0.21	1.457	1.524	ESTABLE
10334	0.237	1.711	1.845	ESTABLE
7113	0.25	1.9	1.868	ESTABLE
3054	0.217	1.522	1.644	ESTABLE
10058	0.24	1.744	1.687	ESTABLE
6034	0.229	1.642	1.657	ESTABLE
6923	0.241	1.812	1.797	ESTABLE
12342	0.215	1.543	1.641	ESTABLE
6932	0.242	1.774	1.773	ESTABLE
9836	0.23	1.702	1.776	ESTABLE
9226	0.205	1.541	1.448	ESTABLE
4399	0.248	1.819	1.87	ESTABLE
7806	0.255	1.902	1.831	ESTABLE
17356	0.259	1.779	1.889	ESTABLE
11843	0.223	1.63	1.602	ESTABLE
16313	0.226	1.564	1.6	ESTABLE
3275	0.227	1.53	1.679	ESTABLE
12724	0.209	1.549	1.419	ESTABLE
17078	0.25	1.829	1.821	ESTABLE
1575	0.239	1.768	1.777	ESTABLE
5883	0.211	1.573	1.477	ESTABLE
2152	0.217	1.611	1.439	INESTABLE
14996	0.214	1.605	1.553	ESTABLE
5081	0.233	1.761	1.719	ESTABLE
7084	0.249	1.832	1.872	ESTABLE
8043	0.242	1.662	1.725	ESTABLE
4892	0.25	1.778	1.856	ESTABLE
1976	0.226	1.665	1.57	ESTABLE
12658	0.2	1.453	1.487	ESTABLE
10717	0.26	1.977	1.923	ESTABLE
18708	0.209	1.479	1.487	ESTABLE
4669	0.233	1.805	1.891	ESTABLE
6593	0.241	1.599	1.628	ESTABLE
6366	0.226	1.675	1.596	ESTABLE
2670	0.228	1.567	1.642	ESTABLE
12928	0.224	1.641	1.559	ESTABLE
337	0.244	1.884	1.831	ESTABLE
1462	0.243	1.847	1.835	ESTABLE
16788	0.245	1.876	1.875	ESTABLE
3934	0.274	2.063	2.027	ESTABLE
15463	0.223	1.601	1.607	ESTABLE
4181	0.245	1.878	1.898	ESTABLE
6535	0.235	1.679	1.694	ESTABLE
1517	0.244	1.766	1.75	ESTABLE
15533	0.237	1.686	1.639	ESTABLE
17448	0.248	1.797	1.787	ESTABLE
8965	0.216	1.533	1.506	ESTABLE
12079	0.228	1.664	1.684	ESTABLE
910	0.242	1.745	1.882	ESTABLE
19637	0.217	1.533	1.586	ESTABLE
15631	0.233	1.606	1.644	ESTABLE
10546	0.248	1.849	1.913	ESTABLE
798	0.24	1.844	1.866	ESTABLE
3464	0.238	1.728	1.747	ESTABLE
2119	0.205	1.507	1.486	ESTABLE
9326	0.207	1.541	1.497	ESTABLE
13505	0.238	1.725	1.742	ESTABLE
18565	0.223	1.64	1.542	ESTABLE
10197	0.24	1.673	1.768	ESTABLE
14846	0.231	1.764	1.652	ESTABLE
15512	0.229	1.669	1.645	ESTABLE
5398	0.233	1.646	1.529	ESTABLE
96	0.234	1.798	1.728	ESTABLE
10781	0.266	2.018	1.932	ESTABLE
9736	0.23	1.733	1.721	ESTABLE
4413	0.253	1.833	1.781	ESTABLE
16647	0.236	1.744	1.704	ESTABLE
14101	0.265	1.953	1.936	ESTABLE
7862	0.24	1.801	1.756	ESTABLE
13391	0.239	1.853	1.757	ESTABLE
18622	0.2	1.519	1.484	ESTABLE
1329	0.251	1.872	1.889	ESTABLE
474	0.236	1.855	1.826	ESTABLE
16367	0.224	1.65	1.589	ESTABLE
5301	0.221	1.575	1.63	ESTABLE
1738	0.24	1.728	1.663	ESTABLE
17624	0.251	1.86	1.938	ESTABLE
6121	0.217	1.591	1.607	ESTABLE
6459	0.215	1.65	1.667	ESTABLE
17011	0.239	1.795	1.773	ESTABLE
4658	0.234	1.712	1.852	ESTABLE
426	0.257	1.88	1.853	ESTABLE
19232	0.237	1.646	1.712	ESTABLE
1546	0.249	1.85	1.787	ESTABLE
11460	0.234	1.728	1.673	ESTABLE
18085	0.254	1.812	1.842	ESTABLE
15755	0.221	1.617	1.648	ESTABLE
6823	0.234	1.679	1.688	ESTABLE
16538	0.232	1.766	1.755	ESTABLE
9352	0.2	1.523	1.438	ESTABLE
8619	0.238	1.757	1.752	ESTABLE
15671	0.228	1.657	1.638	ESTABLE
9561	0.245	1.701	1.651	ESTABLE
18107	0.243	1.857	1.842	ESTABLE
9596	0.215	1.593	1.601	ESTABLE
16820	0.256	1.903	1.881	ESTABLE
9229	0.203	1.469	1.446	ESTABLE
4470	0.236	1.847	1.78	ESTABLE
15515	0.235	1.663	1.637	ESTABLE
2758	0.226	1.644	1.647	ESTABLE
18885	0.219	1.568	1.533	ESTABLE
4655	0.256	1.86	1.861	ESTABLE
14912	0.233	1.682	1.7	ESTABLE
1534	0.25	1.829	1.821	ESTABLE
5728	0.212	1.523	1.492	ESTABLE
11550	0.226	1.696	1.644	ESTABLE
13818	0.237	1.69	1.846	INESTABLE
13776	0.242	1.714	1.761	ESTABLE
17963	0.25	1.913	1.944	ESTABLE
19220	0.213	1.582	1.574	ESTABLE
17653	0.247	1.911	1.871	ESTABLE
9190	0.218	1.478	1.466	ESTABLE
5842	0.217	1.525	1.447	ESTABLE
7234	0.25	1.923	1.947	ESTABLE
669	0.256	1.836	1.801	ESTABLE
17822	0.26	1.919	1.991	ESTABLE
12892	0.217	1.583	1.548	ESTABLE
16437	0.216	1.594	1.568	ESTABLE
19027	0.219	1.543	1.598	ESTABLE
2680	0.228	1.573	1.658	ESTABLE
18723	0.211	1.565	1.581	ESTABLE
7705	0.262	1.941	1.873	ESTABLE
16240	0.218	1.45	1.491	ESTABLE
3001	0.215	1.55	1.562	ESTABLE
3767	0.252	1.941	1.823	ESTABLE
15974	0.212	1.538	1.591	ESTABLE
15231	0.227	1.613	1.612	ESTABLE
3096	0.223	1.577	1.569	ESTABLE
872	0.255	1.88	1.874	ESTABLE
7209	0.252	1.908	1.959	ESTABLE
10431	0.26	1.869	1.878	ESTABLE
12610	0.205	1.525	1.465	ESTABLE
9105	0.203	1.524	1.466	ESTABLE
2479	0.226	1.569	1.611	ESTABLE
8050	0.236	1.782	1.801	ESTABLE
13169	0.236	1.767	1.74	ESTABLE
12319	0.218	1.507	1.56	ESTABLE
7140	0.243	1.888	1.891	ESTABLE
5129	0.233	1.759	1.765	ESTABLE
13451	0.237	1.757	1.733	ESTABLE
4322	0.253	1.843	1.856	ESTABLE
11907	0.244	1.684	1.75	ESTABLE
15261	0.215	1.631	1.614	ESTABLE
4636	0.245	1.722	1.903	INESTABLE
13591	0.246	1.714	1.764	ESTABLE
5908	0.223	1.591	1.495	ESTABLE
12684	0.206	1.426	1.408	ESTABLE
18235	0.241	1.81	1.714	ESTABLE
15087	0.236	1.623	1.657	ESTABLE
724	0.25	1.861	1.875	ESTABLE
12579	0.211	1.454	1.488	ESTABLE
11865	0.229	1.605	1.736	ESTABLE
11912	0.234	1.694	1.713	ESTABLE
2324	0.202	1.57	1.557	ESTABLE
7094	0.255	1.889	1.897	ESTABLE
12619	0.2	1.461	1.395	ESTABLE
5199	0.239	1.711	1.74	ESTABLE
1469	0.246	1.864	1.886	ESTABLE
11945	0.242	1.638	1.747	ESTABLE
7670	0.26	1.94	1.84	ESTABLE
5558	0.204	1.529	1.429	ESTABLE
8075	0.237	1.748	1.736	ESTABLE
8254	0.241	1.791	1.822	ESTABLE
18665	0.218	1.557	1.5	ESTABLE
4265	0.24	1.829	1.801	ESTABLE
15110	0.224	1.705	1.672	ESTABLE
9511	0.223	1.655	1.545	ESTABLE
674	0.247	1.921	1.87	ESTABLE
17469	0.242	1.764	1.888	ESTABLE
15027	0.214	1.592	1.585	ESTABLE
6077	0.226	1.61	1.658	ESTABLE
6467	0.237	1.689	1.647	ESTABLE
4957	0.25	1.783	1.901	ESTABLE
19792	0.23	1.618	1.593	ESTABLE
10153	0.242	1.746	1.729	ESTABLE
19383	0.215	1.493	1.53	ESTABLE
19497	0.216	1.479	1.609	ESTABLE
19182	0.228	1.557	1.649	ESTABLE
13227	0.253	1.794	1.785	ESTABLE
12896	0.214	1.604	1.48	ESTABLE
18413	0.231	1.679	1.549	ESTABLE
18568	0.218	1.583	1.617	ESTABLE
7716	0.256	1.901	1.911	ESTABLE
14694	0.24	1.869	1.803	ESTABLE
5454	0.206	1.528	1.437	ESTABLE
11509	0.233	1.743	1.692	ESTABLE
963	0.241	1.677	1.846	INESTABLE
19795	0.218	1.558	1.642	ESTABLE
1562	0.249	1.886	1.847	ESTABLE
1197	0.247	1.836	1.879	ESTABLE
13896	0.249	1.724	1.878	INESTABLE
19423	0.21	1.488	1.579	ESTABLE
19390	0.224	1.54	1.653	ESTABLE
6284	0.228	1.64	1.702	ESTABLE
3477	0.232	1.667	1.757	ESTABLE
11828	0.243	1.694	1.737	ESTABLE
5297	0.23	1.687	1.644	ESTABLE
2183	0.206	1.513	1.412	ESTABLE
7683	0.244	1.979	1.856	ESTABLE
17916	0.251	1.895	1.888	ESTABLE
17147	0.239	1.788	1.817	ESTABLE
7507	0.248	1.998	1.91	ESTABLE
12564	0.208	1.484	1.44	ESTABLE
14789	0.247	1.832	1.781	ESTABLE
18017	0.26	1.899	1.913	ESTABLE
18166	0.229	1.776	1.755	ESTABLE
19611	0.214	1.542	1.541	ESTABLE
14297	0.266	1.967	1.958	ESTABLE
18701	0.215	1.574	1.563	ESTABLE
11033	0.251	1.91	1.877	ESTABLE
4755	0.247	1.799	1.908	ESTABLE
14476	0.26	1.926	1.962	ESTABLE
17044	0.244	1.826	1.805	ESTABLE
19695	0.216	1.538	1.531	ESTABLE
13970	0.241	1.714	1.848	ESTABLE
6854	0.238	1.711	1.793	ESTABLE
3103	0.229	1.646	1.653	ESTABLE
4637	0.23	1.721	1.745	ESTABLE
3532	0.237	1.82	1.682	ESTABLE
9832	0.23	1.704	1.688	ESTABLE
3386	0.231	1.685	1.699	ESTABLE
18384	0.228	1.653	1.566	ESTABLE
11629	0.23	1.673	1.703	ESTABLE
6260	0.22	1.643	1.594	ESTABLE
19410	0.218	1.536	1.587	ESTABLE
4718	0.241	1.7	1.913	INESTABLE
4362	0.245	1.788	1.817	ESTABLE
3122	0.225	1.548	1.625	ESTABLE
3329	0.231	1.702	1.695	ESTABLE
14817	0.237	1.78	1.741	ESTABLE
1942	0.21	1.572	1.523	ESTABLE
8097	0.239	1.685	1.698	ESTABLE
13430	0.229	1.752	1.795	ESTABLE
7130	0.259	1.874	1.964	ESTABLE
19704	0.225	1.562	1.628	ESTABLE
232	0.268	1.923	1.909	ESTABLE
1923	0.223	1.677	1.573	ESTABLE
11946	0.241	1.65	1.762	ESTABLE
2788	0.222	1.544	1.65	ESTABLE
6029	0.215	1.645	1.526	ESTABLE
1460	0.239	1.775	1.881	ESTABLE
2446	0.22	1.549	1.519	ESTABLE
4263	0.246	1.842	1.87	ESTABLE
13233	0.24	1.839	1.824	ESTABLE
7028	0.24	1.797	1.894	ESTABLE
10126	0.23	1.592	1.704	ESTABLE
6571	0.22	1.631	1.708	ESTABLE
816	0.243	1.867	1.854	ESTABLE
16195	0.194	1.459	1.431	ESTABLE
4290	0.246	1.88	1.896	ESTABLE
3249	0.223	1.477	1.589	ESTABLE
7577	0.246	1.898	1.858	ESTABLE
1458	0.249	1.83	1.855	ESTABLE
3748	0.259	1.983	1.884	ESTABLE
15258	0.226	1.61	1.609	ESTABLE
12276	0.225	1.57	1.59	ESTABLE
15678	0.235	1.624	1.644	ESTABLE
19403	0.231	1.565	1.625	ESTABLE
19874	0.233	1.675	1.652	ESTABLE
340	0.248	1.877	1.846	ESTABLE
3678	0.245	1.902	1.874	ESTABLE
12095	0.225	1.554	1.656	ESTABLE
6183	0.246	1.65	1.672	ESTABLE
6448	0.226	1.578	1.676	ESTABLE
2981	0.221	1.556	1.535	ESTABLE
6023	0.22	1.704	1.556	ESTABLE
11787	0.239	1.689	1.671	ESTABLE
12661	0.214	1.453	1.407	ESTABLE
16164	0.218	1.58	1.548	ESTABLE
18099	0.248	1.874	1.808	ESTABLE
5368	0.191	1.462	1.465	ESTABLE
9717	0.251	1.787	1.714	ESTABLE
17864	0.248	1.863	1.94	ESTABLE
4271	0.238	1.868	1.765	ESTABLE
2188	0.202	1.476	1.432	ESTABLE
18446	0.234	1.652	1.594	ESTABLE
7398	0.258	1.987	1.849	ESTABLE
17840	0.267	1.906	1.941	ESTABLE
6723	0.228	1.665	1.693	ESTABLE
9733	0.241	1.753	1.748	ESTABLE
13027	0.239	1.749	1.674	ESTABLE
10637	0.257	1.876	1.888	ESTABLE
15138	0.222	1.625	1.631	ESTABLE
4090	0.259	1.954	1.84	ESTABLE
2586	0.221	1.682	1.613	ESTABLE
19536	0.211	1.486	1.473	ESTABLE
11540	0.228	1.587	1.667	ESTABLE
9435	0.226	1.536	1.547	ESTABLE
5141	0.233	1.736	1.689	ESTABLE
5007	0.247	1.785	1.818	ESTABLE
10295	0.234	1.741	1.752	ESTABLE
15994	0.227	1.553	1.527	ESTABLE
14848	0.213	1.706	1.632	ESTABLE
51	0.235	1.748	1.76	ESTABLE
2230	0.218	1.532	1.475	ESTABLE
10504	0.261	1.896	1.898	ESTABLE
7265	0.251	1.968	1.902	ESTABLE
10325	0.232	1.689	1.712	ESTABLE
3011	0.223	1.535	1.619	ESTABLE
10512	0.257	1.858	1.87	ESTABLE
13486	0.241	1.823	1.779	ESTABLE
14201	0.245	1.857	1.966	ESTABLE
14741	0.244	1.86	1.771	ESTABLE
14155	0.248	1.841	1.883	ESTABLE
5354	0.217	1.62	1.557	ESTABLE
15874	0.216	1.568	1.56	ESTABLE
9866	0.224	1.693	1.742	ESTABLE
16187	0.212	1.483	1.534	ESTABLE
5765	0.199	1.464	1.447	ESTABLE
1088	0.254	1.809	1.867	ESTABLE
8296	0.24	1.744	1.844	ESTABLE
17362	0.244	1.821	1.837	ESTABLE
17420	0.25	1.848	1.863	ESTABLE
1645	0.251	1.833	1.754	ESTABLE
16783	0.249	1.831	1.852	ESTABLE
18983	0.241	1.72	1.703	ESTABLE
12655	0.205	1.518	1.402	ESTABLE
7719	0.242	1.893	1.783	ESTABLE
18511	0.219	1.521	1.525	ESTABLE
1313	0.25	1.853	1.943	ESTABLE
4490	0.249	1.742	1.782	ESTABLE
556	0.253	1.9	1.876	ESTABLE
17634	0.26	1.806	1.933	ESTABLE
12986	0.22	1.643	1.551	ESTABLE
5197	0.243	1.625	1.725	ESTABLE
10345	0.231	1.691	1.806	ESTABLE
19416	0.232	1.561	1.656	ESTABLE
19715	0.225	1.566	1.646	ESTABLE
3447	0.256	1.766	1.772	ESTABLE
4873	0.242	1.799	1.848	ESTABLE
3858	0.264	1.992	1.905	ESTABLE
11174	0.253	1.89	1.827	ESTABLE
4930	0.253	1.768	1.887	ESTABLE
4187	0.251	1.852	1.866	ESTABLE
6439	0.22	1.6	1.626	ESTABLE
129	0.248	1.884	1.844	ESTABLE
6365	0.227	1.654	1.689	ESTABLE
7249	0.269	1.994	1.973	ESTABLE
3873	0.264	1.994	1.987	ESTABLE
18692	0.225	1.618	1.52	ESTABLE
18657	0.215	1.55	1.388	INESTABLE
5946	0.218	1.614	1.563	ESTABLE
11706	0.229	1.72	1.754	ESTABLE
5068	0.232	1.744	1.769	ESTABLE
15791	0.215	1.522	1.657	ESTABLE
9056	0.2	1.426	1.438	ESTABLE
4145	0.244	1.862	1.816	ESTABLE
3927	0.262	1.956	1.978	ESTABLE
11004	0.269	2.012	1.943	ESTABLE
896	0.232	1.776	1.786	ESTABLE
19049	0.221	1.54	1.659	ESTABLE
571	0.26	1.948	1.873	ESTABLE
9926	0.231	1.725	1.714	ESTABLE
10575	0.241	1.772	1.825	ESTABLE
17366	0.251	1.818	1.841	ESTABLE
5050	0.228	1.698	1.731	ESTABLE
15639	0.218	1.545	1.646	ESTABLE
17782	0.258	1.931	1.975	ESTABLE
19127	0.22	1.558	1.655	ESTABLE
12193	0.23	1.593	1.606	ESTABLE
18199	0.24	1.796	1.722	ESTABLE
4037	0.249	1.982	1.889	ESTABLE
12821	0.207	1.495	1.478	ESTABLE
18752	0.219	1.531	1.518	ESTABLE
15400	0.222	1.611	1.668	ESTABLE
15806	0.206	1.459	1.539	ESTABLE
14197	0.253	1.928	1.96	ESTABLE
6140	0.238	1.612	1.704	ESTABLE
17506	0.256	1.807	1.858	ESTABLE
8035	0.251	1.881	1.817	ESTABLE
13864	0.238	1.747	1.838	ESTABLE
9659	0.239	1.722	1.727	ESTABLE
16019	0.206	1.412	1.439	ESTABLE
6691	0.236	1.662	1.664	ESTABLE
7201	0.258	1.964	1.91	ESTABLE
17931	0.262	1.986	1.943	ESTABLE
13011	0.229	1.678	1.671	ESTABLE
2870	0.221	1.618	1.631	ESTABLE
1751	0.228	1.679	1.706	ESTABLE
2364	0.223	1.555	1.598	ESTABLE
19672	0.223	1.526	1.567	ESTABLE
6929	0.251	1.805	1.879	ESTABLE
3866	0.257	2.035	1.936	ESTABLE
6389	0.229	1.643	1.616	ESTABLE
9574	0.223	1.618	1.589	ESTABLE
13609	0.235	1.723	1.743	ESTABLE
16326	0.224	1.551	1.508	ESTABLE
2004	0.215	1.522	1.521	ESTABLE
15009	0.221	1.616	1.652	ESTABLE
3901	0.274	1.999	1.967	ESTABLE
1479	0.241	1.761	1.868	ESTABLE
16853	0.259	1.918	1.888	ESTABLE
4126	0.252	1.917	1.832	ESTABLE
19275	0.222	1.576	1.685	ESTABLE
18096	0.25	1.918	1.895	ESTABLE
10883	0.261	1.955	1.951	ESTABLE
8552	0.235	1.733	1.778	ESTABLE
1977	0.213	1.569	1.484	ESTABLE
8197	0.241	1.75	1.736	ESTABLE
13149	0.238	1.78	1.764	ESTABLE
1834	0.235	1.683	1.601	ESTABLE
3868	0.257	2.004	1.842	INESTABLE
2303	0.213	1.596	1.438	INESTABLE
6503	0.229	1.631	1.674	ESTABLE
1480	0.252	1.83	1.903	ESTABLE
10772	0.274	2.053	2.004	ESTABLE
15336	0.22	1.604	1.553	ESTABLE
12976	0.224	1.619	1.636	ESTABLE
6669	0.225	1.59	1.663	ESTABLE
19989	0.234	1.736	1.665	ESTABLE
19164	0.222	1.615	1.709	ESTABLE
9857	0.241	1.767	1.743	ESTABLE
15765	0.208	1.554	1.606	ESTABLE
1376	0.251	1.791	1.834	ESTABLE
907	0.237	1.846	1.816	ESTABLE
327	0.243	1.841	1.895	ESTABLE
15315	0.238	1.658	1.707	ESTABLE
11774	0.239	1.682	1.792	ESTABLE
16119	0.218	1.5	1.511	ESTABLE
2884	0.228	1.603	1.675	ESTABLE
9023	0.227	1.486	1.503	ESTABLE
10792	0.265	2.007	1.994	ESTABLE
4552	0.234	1.764	1.783	ESTABLE
18625	0.21	1.577	1.515	ESTABLE
13197	0.254	1.808	1.727	ESTABLE
2236	0.209	1.551	1.481	ESTABLE
4469	0.241	1.82	1.796	ESTABLE
2611	0.223	1.613	1.571	ESTABLE
16540	0.228	1.687	1.631	ESTABLE
12397	0.206	1.473	1.46	ESTABLE
10600	0.244	1.896	1.898	ESTABLE
19191	0.231	1.545	1.603	ESTABLE
15291	0.226	1.632	1.65	ESTABLE
9173	0.21	1.472	1.547	ESTABLE
14054	0.24	1.764	1.89	ESTABLE
7605	0.262	1.976	1.887	ESTABLE
5088	0.243	1.804	1.775	ESTABLE
4024	0.251	1.902	1.888	ESTABLE
454	0.248	1.871	1.93	ESTABLE
12267	0.226	1.621	1.664	ESTABLE
2457	0.226	1.604	1.554	ESTABLE
12035	0.249	1.695	1.74	ESTABLE
12408	0.21	1.533	1.559	ESTABLE
15137	0.226	1.668	1.603	ESTABLE
16992	0.273	1.86	1.956	ESTABLE
13349	0.234	1.762	1.763	ESTABLE
4202	0.246	1.831	1.841	ESTABLE
19000	0.23	1.64	1.679	ESTABLE
16725	0.25	1.941	1.863	ESTABLE
4703	0.247	1.79	1.829	ESTABLE
4374	0.226	1.692	1.774	ESTABLE
14727	0.237	1.793	1.78	ESTABLE
3336	0.229	1.618	1.682	ESTABLE
10387	0.247	1.737	1.766	ESTABLE
17739	0.252	1.858	1.857	ESTABLE
5221	0.241	1.72	1.728	ESTABLE
6722	0.231	1.623	1.698	ESTABLE
16136	0.22	1.504	1.508	ESTABLE
13211	0.224	1.696	1.692	ESTABLE
13749	0.238	1.753	1.814	ESTABLE
11985	0.243	1.65	1.776	ESTABLE
19064	0.235	1.602	1.713	ESTABLE
18950	0.225	1.634	1.587	ESTABLE
15140	0.217	1.623	1.563	ESTABLE
5969	0.22	1.576	1.603	ESTABLE
12508	0.211	1.472	1.526	ESTABLE
16656	0.244	1.816	1.701	ESTABLE
982	0.248	1.776	1.822	ESTABLE
10269	0.235	1.703	1.828	ESTABLE
17648	0.249	1.87	1.899	ESTABLE
7107	0.24	1.769	1.866	ESTABLE
10067	0.228	1.67	1.656	ESTABLE
17913	0.26	1.864	1.982	ESTABLE
10452	0.245	1.787	1.814	ESTABLE
17281	0.246	1.735	1.746	ESTABLE
7657	0.261	1.927	1.853	ESTABLE
10827	0.267	2.036	1.961	ESTABLE
3490	0.235	1.735	1.686	ESTABLE
8179	0.242	1.825	1.747	ESTABLE
16058	0.216	1.511	1.51	ESTABLE
19752	0.206	1.481	1.6	ESTABLE
8458	0.237	1.812	1.703	ESTABLE
19545	0.218	1.468	1.626	INESTABLE
17113	0.24	1.817	1.859	ESTABLE
18541	0.221	1.64	1.586	ESTABLE
8972	0.209	1.47	1.428	ESTABLE
11841	0.237	1.594	1.724	ESTABLE
7426	0.249	1.958	1.918	ESTABLE
8444	0.235	1.767	1.719	ESTABLE
10240	0.232	1.705	1.761	ESTABLE
4117	0.247	1.924	1.944	ESTABLE
19823	0.227	1.575	1.602	ESTABLE
17526	0.261	1.811	1.945	ESTABLE
3279	0.231	1.642	1.723	ESTABLE
5134	0.242	1.818	1.759	ESTABLE
13841	0.253	1.791	1.86	ESTABLE
16736	0.248	1.908	1.799	ESTABLE
7093	0.254	1.912	1.924	ESTABLE
4914	0.249	1.911	1.888	ESTABLE
13967	0.257	1.824	1.978	INESTABLE
13925	0.234	1.748	1.854	ESTABLE
15509	0.239	1.684	1.741	ESTABLE
1257	0.258	1.799	1.943	ESTABLE
14145	0.256	1.856	1.932	ESTABLE
3437	0.237	1.775	1.679	ESTABLE
13974	0.255	1.823	1.906	ESTABLE
14178	0.263	1.908	1.997	ESTABLE
16286	0.212	1.574	1.465	ESTABLE
9281	0.203	1.526	1.415	ESTABLE
1103	0.244	1.889	1.835	ESTABLE
16545	0.227	1.698	1.723	ESTABLE
5519	0.209	1.507	1.469	ESTABLE
9698	0.226	1.729	1.629	ESTABLE
1553	0.253	1.876	1.799	ESTABLE
9474	0.231	1.655	1.58	ESTABLE
12557	0.206	1.513	1.411	ESTABLE
10233	0.232	1.673	1.746	ESTABLE
18745	0.211	1.57	1.522	ESTABLE
12341	0.21	1.524	1.574	ESTABLE
15086	0.229	1.676	1.626	ESTABLE
4872	0.255	1.788	1.891	ESTABLE
779	0.255	1.942	1.892	ESTABLE
4345	0.251	1.85	1.808	ESTABLE
4709	0.249	1.828	1.883	ESTABLE
19658	0.234	1.518	1.594	ESTABLE
13167	0.237	1.735	1.703	ESTABLE
1235	0.241	1.872	1.917	ESTABLE
10412	0.236	1.727	1.835	ESTABLE
8143	0.241	1.787	1.769	ESTABLE
3306	0.223	1.648	1.648	ESTABLE
7144	0.248	1.97	1.813	INESTABLE
15890	0.221	1.531	1.596	ESTABLE
4908	0.244	1.811	1.879	ESTABLE
10074	0.24	1.646	1.748	ESTABLE
2731	0.227	1.607	1.658	ESTABLE
5564	0.211	1.474	1.401	ESTABLE
10935	0.271	2.058	1.969	ESTABLE
19262	0.21	1.555	1.583	ESTABLE
8139	0.236	1.707	1.715	ESTABLE
16815	0.253	1.892	1.894	ESTABLE
3374	0.235	1.706	1.706	ESTABLE
17616	0.263	1.862	1.878	ESTABLE
11320	0.241	1.824	1.794	ESTABLE
15322	0.229	1.619	1.614	ESTABLE
18972	0.223	1.591	1.613	ESTABLE
1602	0.257	1.856	1.881	ESTABLE
9381	0.213	1.619	1.504	ESTABLE
5283	0.227	1.625	1.572	ESTABLE
6395	0.236	1.666	1.701	ESTABLE
9345	0.215	1.519	1.502	ESTABLE
6189	0.237	1.648	1.698	ESTABLE
13262	0.247	1.837	1.686	INESTABLE
365	0.261	1.967	1.918	ESTABLE
9634	0.221	1.702	1.694	ESTABLE
17686	0.256	1.889	1.946	ESTABLE
335	0.259	1.905	1.87	ESTABLE
4369	0.25	1.856	1.798	ESTABLE
6901	0.23	1.678	1.706	ESTABLE
12059	0.228	1.703	1.658	ESTABLE
9307	0.223	1.59	1.491	ESTABLE
13456	0.241	1.808	1.83	ESTABLE
10777	0.255	1.948	1.94	ESTABLE
7552	0.254	1.91	1.97	ESTABLE
13121	0.228	1.703	1.636	ESTABLE
12208	0.225	1.608	1.65	ESTABLE
11844	0.23	1.722	1.659	ESTABLE
323	0.25	1.94	1.861	ESTABLE
2782	0.23	1.648	1.652	ESTABLE
5532	0.206	1.572	1.452	ESTABLE
17524	0.251	1.774	1.867	ESTABLE
13656	0.24	1.774	1.778	ESTABLE
1074	0.244	1.813	1.84	ESTABLE
11634	0.228	1.672	1.629	ESTABLE
1392	0.246	1.816	1.931	ESTABLE
9709	0.225	1.703	1.654	ESTABLE
15134	0.214	1.634	1.599	ESTABLE
10619	0.274	1.898	1.905	ESTABLE
14455	0.267	1.951	1.98	ESTABLE
4057	0.269	2.004	1.945	ESTABLE
4002	0.261	1.966	1.924	ESTABLE
10834	0.251	1.942	1.979	ESTABLE
16752	0.241	1.857	1.79	ESTABLE
19130	0.229	1.599	1.656	ESTABLE
6750	0.228	1.608	1.615	ESTABLE
14279	0.274	1.953	1.931	ESTABLE
18523	0.226	1.598	1.582	ESTABLE
19337	0.231	1.62	1.711	ESTABLE
12359	0.219	1.539	1.526	ESTABLE
13397	0.241	1.858	1.826	ESTABLE
5592	0.202	1.521	1.415	ESTABLE
14163	0.243	1.846	1.896	ESTABLE
441	0.24	1.886	1.877	ESTABLE
9568	0.227	1.681	1.645	ESTABLE
5716	0.214	1.482	1.453	ESTABLE
13513	0.242	1.769	1.77	ESTABLE
15326	0.227	1.604	1.633	ESTABLE
740	0.253	1.865	1.878	ESTABLE
18932	0.215	1.526	1.601	ESTABLE
17873	0.248	1.858	1.856	ESTABLE
12706	0.205	1.536	1.488	ESTABLE
17231	0.241	1.777	1.825	ESTABLE
13930	0.248	1.76	1.823	ESTABLE
5780	0.203	1.467	1.455	ESTABLE
11084	0.246	1.85	1.857	ESTABLE
12978	0.231	1.708	1.676	ESTABLE
14138	0.252	1.898	1.873	ESTABLE
12355	0.226	1.578	1.593	ESTABLE
8106	0.233	1.708	1.718	ESTABLE
4316	0.247	1.795	1.876	ESTABLE
6413	0.212	1.561	1.616	ESTABLE
914	0.239	1.703	1.733	ESTABLE
13210	0.236	1.744	1.699	ESTABLE
2561	0.223	1.599	1.603	ESTABLE
9212	0.212	1.552	1.437	ESTABLE
7798	0.244	1.942	1.788	INESTABLE
7698	0.239	1.831	1.778	ESTABLE
18305	0.232	1.686	1.633	ESTABLE
8838	0.221	1.581	1.534	ESTABLE
15490	0.216	1.576	1.658	ESTABLE
9074	0.202	1.456	1.476	ESTABLE
10815	0.255	1.945	1.971	ESTABLE
11775	0.237	1.698	1.817	ESTABLE
19387	0.228	1.559	1.559	ESTABLE
9321	0.217	1.585	1.457	ESTABLE
1793	0.243	1.713	1.678	ESTABLE
19061	0.229	1.617	1.635	ESTABLE
6375	0.23	1.698	1.65	ESTABLE
12732	0.211	1.468	1.382	ESTABLE
14565	0.252	1.881	1.904	ESTABLE
7057	0.259	1.772	1.806	ESTABLE
19680	0.218	1.516	1.541	ESTABLE
19252	0.217	1.57	1.559	ESTABLE
4966	0.243	1.758	1.879	ESTABLE
14999	0.235	1.74	1.652	ESTABLE
17302	0.237	1.801	1.783	ESTABLE
16327	0.217	1.603	1.527	ESTABLE
18366	0.226	1.72	1.628	ESTABLE
590	0.254	1.872	1.851	ESTABLE
7532	0.267	2.002	1.944	ESTABLE
17629	0.258	1.884	1.919	ESTABLE
16840	0.256	1.748	1.865	ESTABLE
5154	0.232	1.748	1.738	ESTABLE
7375	0.275	2.098	1.99	ESTABLE
6286	0.225	1.667	1.666	ESTABLE
17888	0.25	1.913	1.894	ESTABLE
7052	0.248	1.826	1.83	ESTABLE
18794	0.223	1.584	1.531	ESTABLE
290	0.247	1.894	1.855	ESTABLE
15636	0.231	1.62	1.667	ESTABLE
12878	0.215	1.562	1.535	ESTABLE
17086	0.249	1.851	1.865	ESTABLE
14505	0.259	1.986	1.908	ESTABLE
4288	0.248	1.827	1.728	ESTABLE
16445	0.225	1.662	1.656	ESTABLE
16925	0.256	1.87	1.822	ESTABLE
8158	0.246	1.728	1.726	ESTABLE
10848	0.266	2.1	1.997	ESTABLE
15559	0.221	1.577	1.596	ESTABLE
13876	0.247	1.771	1.817	ESTABLE
7636	0.252	1.922	1.862	ESTABLE
8065	0.229	1.682	1.76	ESTABLE
17079	0.252	1.79	1.804	ESTABLE
15107	0.229	1.605	1.616	ESTABLE
19568	0.206	1.46	1.524	ESTABLE
1579	0.241	1.769	1.835	ESTABLE
12791	0.23	1.437	1.496	ESTABLE
17837	0.267	1.955	1.908	ESTABLE
18776	0.219	1.524	1.528	ESTABLE
17032	0.247	1.8	1.795	ESTABLE
5357	0.214	1.634	1.539	ESTABLE
11129	0.252	1.913	1.813	ESTABLE
12779	0.215	1.525	1.46	ESTABLE
14736	0.228	1.801	1.735	ESTABLE
2935	0.231	1.6	1.726	ESTABLE
439	0.264	1.971	1.894	ESTABLE
11111	0.254	2.006	1.883	ESTABLE
16310	0.214	1.571	1.484	ESTABLE
15576	0.225	1.589	1.752	INESTABLE
866	0.245	1.836	1.868	ESTABLE
14007	0.259	1.845	1.885	ESTABLE
18798	0.217	1.595	1.592	ESTABLE
17338	0.245	1.788	1.853	ESTABLE
17414	0.246	1.726	1.867	ESTABLE
3782	0.261	1.997	1.973	ESTABLE
19770	0.218	1.541	1.544	ESTABLE
8018	0.229	1.742	1.703	ESTABLE
16644	0.215	1.699	1.715	ESTABLE
15391	0.226	1.603	1.685	ESTABLE
1771	0.228	1.721	1.635	ESTABLE
15171	0.217	1.584	1.589	ESTABLE
2415	0.227	1.614	1.575	ESTABLE
4570	0.244	1.75	1.797	ESTABLE
8380	0.243	1.716	1.778	ESTABLE
7939	0.242	1.773	1.693	ESTABLE
15449	0.231	1.704	1.68	ESTABLE
17436	0.249	1.82	1.87	ESTABLE
10923	0.257	1.974	1.976	ESTABLE
7796	0.248	1.771	1.76	ESTABLE
5835	0.209	1.588	1.479	ESTABLE
16070	0.209	1.474	1.551	ESTABLE
10549	0.259	1.896	1.935	ESTABLE
4473	0.249	1.844	1.869	ESTABLE
9727	0.237	1.732	1.685	ESTABLE
9535	0.222	1.684	1.567	ESTABLE
4564	0.222	1.665	1.748	ESTABLE
8178	0.242	1.716	1.791	ESTABLE
6959	0.243	1.725	1.794	ESTABLE
3816	0.259	1.977	1.883	ESTABLE
2012	0.217	1.621	1.536	ESTABLE
6624	0.221	1.692	1.64	ESTABLE
13313	0.248	1.843	1.811	ESTABLE
14801	0.241	1.806	1.762	ESTABLE
5549	0.212	1.473	1.447	ESTABLE
3262	0.218	1.534	1.601	ESTABLE
5960	0.213	1.506	1.513	ESTABLE
1061	0.253	1.763	1.858	ESTABLE
2765	0.215	1.483	1.558	ESTABLE
1667	0.232	1.712	1.727	ESTABLE
12939	0.238	1.596	1.585	ESTABLE
14099	0.252	1.863	1.891	ESTABLE
12446	0.213	1.516	1.531	ESTABLE
6469	0.239	1.628	1.683	ESTABLE
2349	0.219	1.527	1.57	ESTABLE
1954	0.206	1.523	1.514	ESTABLE
1393	0.251	1.94	1.945	ESTABLE
11085	0.253	1.93	1.886	ESTABLE
10790	0.265	2.005	1.975	ESTABLE
8564	0.236	1.66	1.755	ESTABLE
7178	0.261	1.935	1.974	ESTABLE
6495	0.237	1.713	1.734	ESTABLE
18664	0.221	1.663	1.565	ESTABLE
13319	0.237	1.835	1.768	ESTABLE
15960	0.215	1.514	1.528	ESTABLE
11046	0.272	1.986	1.895	ESTABLE
15717	0.238	1.604	1.616	ESTABLE
2938	0.216	1.492	1.593	ESTABLE
6021	0.229	1.686	1.642	ESTABLE
11127	0.261	1.938	1.895	ESTABLE
7794	0.24	1.795	1.808	ESTABLE
12897	0.211	1.472	1.508	ESTABLE
3094	0.221	1.516	1.543	ESTABLE
17936	0.254	1.909	1.909	ESTABLE
4762	0.242	1.775	1.914	ESTABLE
6673	0.245	1.649	1.701	ESTABLE
17073	0.243	1.815	1.824	ESTABLE
12458	0.216	1.57	1.541	ESTABLE
7274	0.253	1.969	1.909	ESTABLE
13085	0.226	1.699	1.642	ESTABLE
5112	0.241	1.796	1.836	ESTABLE
16399	0.227	1.603	1.602	ESTABLE
7487	0.262	2.016	1.978	ESTABLE
4647	0.252	1.794	1.897	ESTABLE
14659	0.249	1.831	1.791	ESTABLE
1896	0.218	1.583	1.587	ESTABLE
8089	0.248	1.715	1.741	ESTABLE
5376	0.216	1.58	1.512	ESTABLE
1348	0.251	1.87	1.947	ESTABLE
15618	0.239	1.663	1.674	ESTABLE
19836	0.238	1.591	1.617	ESTABLE
19008	0.237	1.611	1.609	ESTABLE
15175	0.218	1.585	1.571	ESTABLE
16714	0.244	1.852	1.767	ESTABLE
19711	0.233	1.591	1.58	ESTABLE
14939	0.23	1.668	1.602	ESTABLE
1808	0.23	1.682	1.655	ESTABLE
7634	0.258	1.956	1.864	ESTABLE
2026	0.217	1.592	1.487	ESTABLE
5150	0.224	1.703	1.678	ESTABLE
1849	0.232	1.667	1.66	ESTABLE
6678	0.238	1.606	1.659	ESTABLE
3729	0.267	1.922	1.972	ESTABLE
8426	0.238	1.639	1.808	INESTABLE
3511	0.244	1.758	1.862	ESTABLE
12787	0.199	1.451	1.389	ESTABLE
18827	0.223	1.539	1.624	ESTABLE
5814	0.212	1.589	1.471	ESTABLE
2964	0.222	1.586	1.629	ESTABLE
1759	0.223	1.726	1.662	ESTABLE
18463	0.209	1.631	1.581	ESTABLE
7204	0.261	1.92	1.902	ESTABLE
3034	0.237	1.607	1.608	ESTABLE
9657	0.225	1.658	1.68	ESTABLE
11439	0.241	1.703	1.688	ESTABLE
6005	0.215	1.53	1.568	ESTABLE
7778	0.251	1.842	1.855	ESTABLE
19657	0.223	1.564	1.556	ESTABLE
19955	0.247	1.695	1.689	ESTABLE
1617	0.252	1.811	1.815	ESTABLE
11887	0.226	1.714	1.692	ESTABLE
15376	0.228	1.657	1.692	ESTABLE
2815	0.231	1.625	1.683	ESTABLE
4618	0.246	1.859	1.9	ESTABLE
3139	0.228	1.585	1.657	ESTABLE
3556	0.238	1.822	1.817	ESTABLE
8665	0.238	1.719	1.776	ESTABLE
230	0.253	1.864	1.817	ESTABLE
12703	0.208	1.478	1.427	ESTABLE
1624	0.239	1.732	1.812	ESTABLE
1120	0.257	1.83	1.984	INESTABLE
9343	0.217	1.501	1.525	ESTABLE
8273	0.244	1.752	1.78	ESTABLE
3963	0.272	1.968	1.973	ESTABLE
10043	0.22	1.609	1.743	ESTABLE
13444	0.235	1.713	1.787	ESTABLE
2631	0.216	1.548	1.579	ESTABLE
16756	0.243	1.737	1.784	ESTABLE
5699	0.221	1.528	1.439	ESTABLE
19821	0.225	1.641	1.555	ESTABLE
4545	0.243	1.76	1.871	ESTABLE
13577	0.255	1.831	1.827	ESTABLE
1488	0.248	1.866	1.826	ESTABLE
480	0.257	1.902	1.915	ESTABLE
12566	0.198	1.413	1.441	ESTABLE
10988	0.245	1.914	1.806	ESTABLE
19131	0.227	1.608	1.681	ESTABLE
3278	0.221	1.592	1.578	ESTABLE
9628	0.226	1.651	1.659	ESTABLE
14935	0.233	1.706	1.722	ESTABLE
9860	0.242	1.729	1.744	ESTABLE
2029	0.212	1.524	1.467	ESTABLE
1582	0.253	1.781	1.864	ESTABLE
169	0.24	1.865	1.795	ESTABLE
17651	0.243	1.763	1.857	ESTABLE
19446	0.205	1.463	1.547	ESTABLE
1086	0.248	1.795	1.834	ESTABLE
12232	0.225	1.568	1.63	ESTABLE
4146	0.259	1.945	1.944	ESTABLE
1949	0.229	1.535	1.533	ESTABLE
7686	0.248	1.87	1.875	ESTABLE
972	0.253	1.79	1.857	ESTABLE
9719	0.24	1.663	1.736	ESTABLE
8413	0.25	1.763	1.817	ESTABLE
17621	0.251	1.887	1.882	ESTABLE
538	0.248	1.915	1.797	ESTABLE
1767	0.241	1.772	1.731	ESTABLE
3218	0.216	1.58	1.646	ESTABLE
697	0.248	1.872	1.792	ESTABLE
12499	0.208	1.525	1.409	ESTABLE
7935	0.243	1.854	1.831	ESTABLE
309	0.267	1.877	1.878	ESTABLE
1274	0.247	1.849	1.89	ESTABLE
1831	0.234	1.726	1.656	ESTABLE
11319	0.239	1.741	1.611	ESTABLE
6961	0.24	1.734	1.786	ESTABLE
1288	0.255	1.803	1.996	INESTABLE
2134	0.212	1.505	1.503	ESTABLE
13068	0.237	1.702	1.642	ESTABLE
2054	0.216	1.591	1.488	ESTABLE
5037	0.241	1.735	1.743	ESTABLE
3713	0.243	1.923	1.795	ESTABLE
11273	0.246	1.844	1.742	ESTABLE
19172	0.226	1.603	1.597	ESTABLE
11733	0.242	1.663	1.704	ESTABLE
2109	0.202	1.506	1.497	ESTABLE
12136	0.231	1.637	1.67	ESTABLE
1944	0.218	1.541	1.55	ESTABLE
472	0.255	1.927	1.855	ESTABLE
4992	0.237	1.759	1.82	ESTABLE
16943	0.251	1.953	1.861	ESTABLE
2822	0.229	1.595	1.625	ESTABLE
5605	0.214	1.535	1.457	ESTABLE
12288	0.22	1.57	1.622	ESTABLE
12712	0.206	1.512	1.471	ESTABLE
7241	0.258	1.977	1.989	ESTABLE
2278	0.22	1.545	1.465	ESTABLE
5941	0.225	1.623	1.559	ESTABLE
11323	0.245	1.815	1.74	ESTABLE
19984	0.219	1.688	1.612	ESTABLE
5706	0.216	1.538	1.5	ESTABLE
7857	0.25	1.856	1.795	ESTABLE
285	0.252	1.939	1.922	ESTABLE
14417	0.261	1.975	2.003	ESTABLE
1910	0.219	1.582	1.515	ESTABLE
1252	0.242	1.767	1.888	ESTABLE
7545	0.252	1.952	1.918	ESTABLE
18907	0.243	1.704	1.669	ESTABLE
16168	0.208	1.5	1.5	ESTABLE
12835	0.215	1.56	1.504	ESTABLE
9030	0.209	1.497	1.439	ESTABLE
8718	0.233	1.648	1.667	ESTABLE
8613	0.235	1.67	1.762	ESTABLE
11300	0.243	1.817	1.778	ESTABLE
10051	0.23	1.677	1.64	ESTABLE
9154	0.199	1.499	1.391	ESTABLE
16245	0.218	1.529	1.485	ESTABLE
3623	0.256	1.856	1.797	ESTABLE
17435	0.23	1.777	1.827	ESTABLE
2533	0.219	1.56	1.59	ESTABLE
3570	0.246	1.782	1.754	ESTABLE
1679	0.235	1.777	1.755	ESTABLE
2672	0.232	1.656	1.68	ESTABLE
5576	0.218	1.575	1.507	ESTABLE
18402	0.226	1.693	1.555	ESTABLE
12666	0.206	1.549	1.473	ESTABLE
6112	0.227	1.691	1.654	ESTABLE
4611	0.248	1.724	1.841	ESTABLE
14829	0.242	1.829	1.703	ESTABLE
11781	0.229	1.631	1.66	ESTABLE
212	0.238	1.837	1.732	ESTABLE
16222	0.205	1.463	1.465	ESTABLE
5762	0.223	1.498	1.459	ESTABLE
9504	0.236	1.678	1.611	ESTABLE
8756	0.232	1.64	1.722	ESTABLE
1571	0.238	1.847	1.838	ESTABLE
5940	0.212	1.544	1.533	ESTABLE
11278	0.254	1.93	1.853	ESTABLE
11436	0.231	1.726	1.712	ESTABLE
11231	0.253	1.826	1.805	ESTABLE
18219	0.247	1.833	1.771	ESTABLE
4933	0.238	1.794	1.855	ESTABLE
11223	0.261	1.826	1.883	ESTABLE
5181	0.232	1.66	1.683	ESTABLE
15267	0.213	1.589	1.62	ESTABLE
14951	0.234	1.664	1.676	ESTABLE
2739	0.232	1.573	1.614	ESTABLE
19663	0.219	1.514	1.557	ESTABLE
1549	0.23	1.798	1.791	ESTABLE
3003	0.224	1.544	1.624	ESTABLE
11736	0.234	1.638	1.705	ESTABLE
3176	0.217	1.569	1.535	ESTABLE
19514	0.217	1.473	1.568	ESTABLE
1259	0.241	1.843	1.888	ESTABLE
14025	0.253	1.853	1.89	ESTABLE
8678	0.228	1.659	1.69	ESTABLE
4779	0.245	1.792	1.856	ESTABLE
4750	0.234	1.794	1.802	ESTABLE
799	0.241	1.767	1.839	ESTABLE
5833	0.218	1.519	1.482	ESTABLE
10425	0.251	1.719	1.834	ESTABLE
6874	0.24	1.749	1.745	ESTABLE
5918	0.208	1.572	1.55	ESTABLE
15672	0.233	1.596	1.678	ESTABLE
867	0.236	1.745	1.826	ESTABLE
14984	0.215	1.594	1.567	ESTABLE
18600	0.213	1.587	1.572	ESTABLE
2220	0.21	1.47	1.479	ESTABLE
11359	0.244	1.78	1.734	ESTABLE
7554	0.27	2.022	1.91	ESTABLE
5238	0.224	1.599	1.636	ESTABLE
2395	0.219	1.571	1.568	ESTABLE
959	0.258	1.79	1.829	ESTABLE
9530	0.22	1.576	1.554	ESTABLE
2669	0.226	1.633	1.624	ESTABLE
18190	0.247	1.851	1.853	ESTABLE
288	0.244	1.943	1.893	ESTABLE
17942	0.254	1.837	1.884	ESTABLE
15361	0.224	1.661	1.645	ESTABLE
6115	0.223	1.629	1.648	ESTABLE
1960	0.224	1.659	1.524	ESTABLE
11375	0.238	1.762	1.733	ESTABLE
7800	0.24	1.83	1.818	ESTABLE
15423	0.222	1.62	1.657	ESTABLE
10290	0.231	1.753	1.758	ESTABLE
18493	0.218	1.569	1.62	ESTABLE
12463	0.21	1.436	1.551	ESTABLE
15306	0.217	1.573	1.596	ESTABLE
7873	0.241	1.84	1.774	ESTABLE
14181	0.264	1.899	1.914	ESTABLE
5928	0.218	1.56	1.535	ESTABLE
18982	0.23	1.621	1.668	ESTABLE
18913	0.223	1.656	1.604	ESTABLE
8079	0.239	1.753	1.702	ESTABLE
4542	0.254	1.847	1.806	ESTABLE
15620	0.218	1.557	1.683	ESTABLE
467	0.247	1.934	1.9	ESTABLE
13346	0.242	1.833	1.739	ESTABLE
10565	0.248	1.931	1.936	ESTABLE
13506	0.242	1.752	1.758	ESTABLE
18528	0.216	1.486	1.543	ESTABLE
2939	0.226	1.612	1.658	ESTABLE
6835	0.239	1.716	1.821	ESTABLE
13735	0.26	1.799	1.881	ESTABLE
17660	0.245	1.756	1.9	ESTABLE
12373	0.208	1.51	1.5	ESTABLE
2035	0.214	1.555	1.46	ESTABLE
18576	0.214	1.494	1.491	ESTABLE
10430	0.249	1.784	1.871	ESTABLE
10495	0.247	1.779	1.861	ESTABLE
16962	0.259	1.874	1.864	ESTABLE
4304	0.242	1.781	1.825	ESTABLE
2524	0.225	1.657	1.633	ESTABLE
41	0.239	1.683	1.737	ESTABLE
440	0.258	1.918	1.878	ESTABLE
3679	0.248	1.876	1.823	ESTABLE
7594	0.239	1.918	1.798	ESTABLE
13797	0.25	1.788	1.798	ESTABLE
16131	0.225	1.556	1.556	ESTABLE
14006	0.244	1.788	1.859	ESTABLE
9589	0.236	1.682	1.689	ESTABLE
4948	0.247	1.779	1.867	ESTABLE
14212	0.249	1.918	1.826	ESTABLE
16401	0.225	1.716	1.643	ESTABLE
9075	0.221	1.542	1.546	ESTABLE
4743	0.238	1.731	1.783	ESTABLE
6255	0.224	1.674	1.64	ESTABLE
3048	0.223	1.605	1.662	ESTABLE
3265	0.211	1.505	1.626	ESTABLE
2244	0.215	1.467	1.483	ESTABLE
9305	0.195	1.495	1.388	ESTABLE
16851	0.239	1.86	1.788	ESTABLE
7572	0.261	1.962	1.918	ESTABLE
9107	0.208	1.545	1.485	ESTABLE
2866	0.235	1.645	1.671	ESTABLE
6792	0.24	1.653	1.691	ESTABLE
4479	0.241	1.762	1.813	ESTABLE
13069	0.243	1.755	1.689	ESTABLE
6709	0.221	1.599	1.67	ESTABLE
14672	0.249	1.879	1.822	ESTABLE
13120	0.248	1.742	1.744	ESTABLE
6157	0.231	1.648	1.69	ESTABLE
9678	0.247	1.773	1.788	ESTABLE
19605	0.225	1.55	1.547	ESTABLE
5496	0.218	1.591	1.539	ESTABLE
8607	0.226	1.717	1.738	ESTABLE
7777	0.241	1.787	1.808	ESTABLE
4969	0.257	1.81	1.855	ESTABLE
3405	0.227	1.678	1.733	ESTABLE
2354	0.223	1.556	1.534	ESTABLE
15047	0.225	1.68	1.546	ESTABLE
9797	0.231	1.789	1.723	ESTABLE
9621	0.227	1.692	1.644	ESTABLE
2287	0.205	1.462	1.503	ESTABLE
6787	0.232	1.626	1.744	ESTABLE
6945	0.243	1.771	1.749	ESTABLE
13526	0.236	1.763	1.762	ESTABLE
4729	0.248	1.813	1.88	ESTABLE
7250	0.262	2.035	1.933	ESTABLE
6810	0.243	1.716	1.776	ESTABLE
7279	0.259	1.919	1.949	ESTABLE
3534	0.232	1.828	1.721	ESTABLE
18317	0.234	1.687	1.677	ESTABLE
9192	0.212	1.485	1.476	ESTABLE
13829	0.244	1.705	1.773	ESTABLE
13270	0.237	1.82	1.738	ESTABLE
5757	0.2	1.436	1.425	ESTABLE
5652	0.213	1.501	1.403	ESTABLE
14512	0.263	1.938	2.008	ESTABLE
200	0.242	1.888	1.811	ESTABLE
15260	0.245	1.634	1.626	ESTABLE
6327	0.24	1.686	1.702	ESTABLE
14251	0.259	1.886	1.955	ESTABLE
7007	0.234	1.789	1.784	ESTABLE
11731	0.228	1.774	1.631	ESTABLE
18014	0.246	1.943	1.879	ESTABLE
6514	0.231	1.691	1.655	ESTABLE
5916	0.226	1.509	1.462	ESTABLE
10925	0.253	1.993	1.899	ESTABLE
12395	0.204	1.469	1.497	ESTABLE
16173	0.206	1.54	1.521	ESTABLE
9914	0.236	1.72	1.737	ESTABLE
19344	0.215	1.55	1.591	ESTABLE
18192	0.245	1.773	1.742	ESTABLE
8036	0.247	1.782	1.826	ESTABLE
3186	0.219	1.564	1.597	ESTABLE
6463	0.216	1.565	1.611	ESTABLE
8386	0.248	1.746	1.796	ESTABLE
18455	0.227	1.605	1.539	ESTABLE
11003	0.262	1.931	1.922	ESTABLE
18328	0.225	1.625	1.661	ESTABLE
7299	0.256	1.96	1.892	ESTABLE
14515	0.254	1.946	1.946	ESTABLE
1370	0.254	1.856	1.893	ESTABLE
370	0.242	1.91	1.829	ESTABLE
3207	0.215	1.519	1.59	ESTABLE
4554	0.238	1.81	1.789	ESTABLE
3640	0.248	1.871	1.759	ESTABLE
8626	0.231	1.698	1.748	ESTABLE
9559	0.217	1.644	1.53	ESTABLE
3198	0.224	1.651	1.633	ESTABLE
17417	0.261	1.754	1.873	ESTABLE
9964	0.239	1.695	1.713	ESTABLE
902	0.255	1.794	1.806	ESTABLE
5348	0.232	1.628	1.552	ESTABLE
1516	0.245	1.825	1.865	ESTABLE
5856	0.213	1.531	1.459	ESTABLE
12567	0.218	1.495	1.427	ESTABLE
18101	0.249	1.847	1.875	ESTABLE
10118	0.229	1.618	1.756	ESTABLE
6581	0.232	1.629	1.73	ESTABLE
407	0.26	1.913	1.884	ESTABLE
15477	0.236	1.702	1.72	ESTABLE
13144	0.218	1.588	1.715	ESTABLE
9027	0.214	1.471	1.44	ESTABLE
14115	0.255	1.846	2.033	INESTABLE
2285	0.209	1.499	1.516	ESTABLE
12129	0.215	1.589	1.655	ESTABLE
7848	0.25	1.809	1.764	ESTABLE
16742	0.238	1.815	1.864	ESTABLE
11291	0.246	1.789	1.786	ESTABLE
13031	0.234	1.698	1.658	ESTABLE
17711	0.253	1.917	1.922	ESTABLE
9261	0.193	1.479	1.448	ESTABLE
18052	0.24	1.842	1.837	ESTABLE
10927	0.261	1.977	1.856	ESTABLE
12133	0.227	1.564	1.756	INESTABLE
15425	0.231	1.62	1.68	ESTABLE
11975	0.225	1.637	1.702	ESTABLE
17996	0.255	1.933	1.999	ESTABLE
14896	0.229	1.713	1.617	ESTABLE
15751	0.222	1.592	1.548	ESTABLE
5428	0.207	1.547	1.523	ESTABLE
8314	0.255	1.711	1.839	ESTABLE
12769	0.217	1.512	1.531	ESTABLE
19741	0.214	1.482	1.58	ESTABLE
2557	0.225	1.612	1.595	ESTABLE
5247	0.23	1.721	1.646	ESTABLE
7505	0.269	2.023	1.914	ESTABLE
13332	0.24	1.798	1.751	ESTABLE
8183	0.241	1.725	1.77	ESTABLE
6629	0.232	1.608	1.639	ESTABLE
13115	0.235	1.769	1.653	ESTABLE
1991	0.215	1.589	1.563	ESTABLE
4941	0.245	1.825	1.877	ESTABLE
19871	0.233	1.698	1.615	ESTABLE
2664	0.22	1.62	1.645	ESTABLE
19923	0.216	1.656	1.667	ESTABLE
18202	0.242	1.854	1.781	ESTABLE
6110	0.228	1.672	1.592	ESTABLE
17384	0.243	1.802	1.843	ESTABLE
15367	0.237	1.647	1.634	ESTABLE
5193	0.226	1.672	1.67	ESTABLE
10905	0.259	1.916	2.001	ESTABLE
569	0.258	1.887	1.888	ESTABLE
11586	0.238	1.738	1.67	ESTABLE
9216	0.22	1.446	1.46	ESTABLE
14645	0.248	1.873	1.807	ESTABLE
3023	0.23	1.597	1.607	ESTABLE
6057	0.242	1.671	1.627	ESTABLE
4267	0.247	1.807	1.852	ESTABLE
19977	0.235	1.703	1.698	ESTABLE
2073	0.22	1.593	1.515	ESTABLE
9414	0.216	1.622	1.604	ESTABLE
12864	0.219	1.579	1.54	ESTABLE
13956	0.234	1.748	1.805	ESTABLE
1916	0.205	1.502	1.492	ESTABLE
13358	0.254	1.798	1.818	ESTABLE
17745	0.263	1.846	1.919	ESTABLE
18542	0.217	1.556	1.486	ESTABLE
10918	0.265	1.995	1.952	ESTABLE
16919	0.246	1.855	1.897	ESTABLE
14350	0.264	1.975	1.998	ESTABLE
18295	0.234	1.768	1.704	ESTABLE
16604	0.234	1.764	1.776	ESTABLE
4674	0.248	1.796	1.893	ESTABLE
12451	0.223	1.523	1.551	ESTABLE
11663	0.23	1.615	1.712	ESTABLE
2635	0.219	1.629	1.611	ESTABLE
14166	0.256	1.905	1.874	ESTABLE
15075	0.237	1.673	1.604	ESTABLE
18292	0.228	1.736	1.606	ESTABLE
19289	0.227	1.577	1.612	ESTABLE
14726	0.245	1.834	1.772	ESTABLE
18178	0.237	1.898	1.815	ESTABLE
19586	0.213	1.437	1.487	ESTABLE
4721	0.244	1.851	1.793	ESTABLE
6094	0.226	1.658	1.695	ESTABLE
7934	0.251	1.887	1.808	ESTABLE
3716	0.25	1.922	1.931	ESTABLE
18805	0.213	1.537	1.53	ESTABLE
17347	0.249	1.777	1.893	ESTABLE
5022	0.233	1.727	1.812	ESTABLE
2162	0.203	1.536	1.456	ESTABLE
17645	0.262	1.86	1.865	ESTABLE
4983	0.256	1.789	1.916	ESTABLE
13663	0.227	1.723	1.815	ESTABLE
7296	0.276	2.066	1.998	ESTABLE
8987	0.224	1.585	1.581	ESTABLE
12265	0.226	1.619	1.612	ESTABLE
11418	0.249	1.767	1.793	ESTABLE
10910	0.257	1.949	1.921	ESTABLE
9722	0.236	1.758	1.728	ESTABLE
7966	0.241	1.757	1.836	ESTABLE
5347	0.239	1.685	1.628	ESTABLE
10585	0.254	1.853	1.973	ESTABLE
17208	0.249	1.813	1.799	ESTABLE
5617	0.202	1.43	1.409	ESTABLE
9482	0.228	1.608	1.605	ESTABLE
12153	0.225	1.59	1.695	ESTABLE
12178	0.234	1.574	1.58	ESTABLE
11971	0.235	1.702	1.709	ESTABLE
8514	0.252	1.85	1.836	ESTABLE
3807	0.249	1.981	1.95	ESTABLE
362	0.271	2.006	1.924	ESTABLE
1032	0.258	1.763	1.937	INESTABLE
3098	0.228	1.506	1.617	ESTABLE
4777	0.252	1.801	1.84	ESTABLE
352	0.245	1.945	1.855	ESTABLE
15340	0.229	1.586	1.637	ESTABLE
7273	0.262	1.931	1.941	ESTABLE
19615	0.216	1.467	1.617	ESTABLE
5681	0.198	1.436	1.465	ESTABLE
17211	0.244	1.831	1.781	ESTABLE
2164	0.209	1.585	1.441	ESTABLE
8871	0.219	1.544	1.568	ESTABLE
11181	0.247	1.799	1.743	ESTABLE
13858	0.249	1.795	1.774	ESTABLE
4804	0.247	1.784	1.875	ESTABLE
17002	0.259	1.873	1.866	ESTABLE
12080	0.215	1.559	1.65	ESTABLE
13482	0.244	1.817	1.775	ESTABLE
3347	0.215	1.623	1.653	ESTABLE
19630	0.215	1.539	1.536	ESTABLE
17071	0.256	1.85	1.859	ESTABLE
2425	0.239	1.565	1.514	ESTABLE
14126	0.255	1.875	1.93	ESTABLE
1836	0.232	1.644	1.613	ESTABLE
13914	0.239	1.756	1.801	ESTABLE
2700	0.227	1.62	1.672	ESTABLE
13481	0.23	1.745	1.753	ESTABLE
1261	0.248	1.822	1.903	ESTABLE
17525	0.256	1.878	1.923	ESTABLE
2930	0.212	1.555	1.573	ESTABLE
6401	0.22	1.569	1.596	ESTABLE
1314	0.244	1.871	1.852	ESTABLE
19570	0.212	1.474	1.507	ESTABLE
19138	0.218	1.56	1.598	ESTABLE
3086	0.223	1.598	1.621	ESTABLE
1076	0.241	1.75	1.812	ESTABLE
11358	0.232	1.759	1.659	ESTABLE
15444	0.224	1.576	1.667	ESTABLE
6032	0.225	1.677	1.611	ESTABLE
10174	0.233	1.714	1.751	ESTABLE
7406	0.275	1.945	1.99	ESTABLE
4789	0.238	1.72	1.867	ESTABLE
8731	0.223	1.6	1.653	ESTABLE
11114	0.251	1.92	1.837	ESTABLE
8715	0.231	1.593	1.716	ESTABLE
11630	0.237	1.709	1.725	ESTABLE
7704	0.256	1.953	1.914	ESTABLE
2011	0.219	1.551	1.477	ESTABLE
8630	0.226	1.673	1.73	ESTABLE
8216	0.243	1.778	1.793	ESTABLE
7967	0.242	1.755	1.853	ESTABLE
16959	0.246	1.923	1.838	ESTABLE
5657	0.201	1.518	1.447	ESTABLE
6109	0.232	1.585	1.616	ESTABLE
17553	0.257	1.822	1.9	ESTABLE
893	0.239	1.759	1.828	ESTABLE
4541	0.248	1.716	1.832	ESTABLE
6930	0.237	1.811	1.797	ESTABLE
11145	0.253	1.905	1.831	ESTABLE
8251	0.238	1.773	1.815	ESTABLE
4381	0.253	1.773	1.839	ESTABLE
5779	0.217	1.573	1.506	ESTABLE
5251	0.233	1.67	1.688	ESTABLE
3694	0.26	1.963	1.816	ESTABLE
3438	0.224	1.641	1.766	ESTABLE
13878	0.253	1.833	1.85	ESTABLE
9505	0.221	1.647	1.634	ESTABLE
19458	0.213	1.587	1.537	ESTABLE
10634	0.246	1.903	1.805	ESTABLE
16416	0.234	1.614	1.595	ESTABLE
14379	0.25	1.986	1.966	ESTABLE
3910	0.259	1.956	1.909	ESTABLE
5488	0.21	1.488	1.443	ESTABLE
13902	0.254	1.763	1.867	ESTABLE
3355	0.23	1.649	1.717	ESTABLE
11622	0.223	1.635	1.555	ESTABLE
17531	0.249	1.851	1.971	ESTABLE
1098	0.249	1.821	1.924	ESTABLE
12762	0.213	1.594	1.44	INESTABLE
9156	0.201	1.497	1.428	ESTABLE
10620	0.259	1.869	1.856	ESTABLE
15364	0.241	1.667	1.643	ESTABLE
6004	0.22	1.568	1.571	ESTABLE
12053	0.232	1.704	1.745	ESTABLE
670	0.255	1.844	1.755	ESTABLE
10144	0.234	1.739	1.765	ESTABLE
7625	0.254	1.982	1.879	ESTABLE
5990	0.221	1.588	1.577	ESTABLE
6275	0.236	1.719	1.637	ESTABLE
1819	0.225	1.672	1.672	ESTABLE
18800	0.215	1.582	1.562	ESTABLE
5964	0.207	1.556	1.507	ESTABLE
11054	0.258	2.005	1.86	ESTABLE
8434	0.242	1.733	1.791	ESTABLE
899	0.248	1.823	1.771	ESTABLE
12055	0.226	1.583	1.704	ESTABLE
5501	0.219	1.624	1.468	INESTABLE
18495	0.236	1.685	1.588	ESTABLE
1327	0.241	1.824	1.866	ESTABLE
14315	0.256	2.023	1.982	ESTABLE
3394	0.232	1.676	1.659	ESTABLE
19990	0.235	1.681	1.762	ESTABLE
8888	0.221	1.539	1.588	ESTABLE
10036	0.221	1.71	1.707	ESTABLE
19675	0.212	1.532	1.525	ESTABLE
4421	0.23	1.704	1.759	ESTABLE
6978	0.243	1.77	1.879	ESTABLE
4860	0.243	1.83	1.84	ESTABLE
536	0.271	1.944	1.949	ESTABLE
19569	0.216	1.538	1.611	ESTABLE
5455	0.218	1.447	1.568	ESTABLE
14179	0.254	1.937	1.947	ESTABLE
15981	0.2	1.467	1.443	ESTABLE
19818	0.23	1.633	1.569	ESTABLE
10278	0.244	1.736	1.81	ESTABLE
16737	0.242	1.808	1.74	ESTABLE
10378	0.235	1.715	1.749	ESTABLE
18552	0.21	1.574	1.476	ESTABLE
7608	0.245	1.952	1.84	ESTABLE
19827	0.239	1.612	1.664	ESTABLE
14985	0.219	1.642	1.629	ESTABLE
3031	0.214	1.506	1.566	ESTABLE
6642	0.228	1.534	1.698	INESTABLE
11521	0.221	1.719	1.64	ESTABLE
2272	0.221	1.541	1.566	ESTABLE
14499	0.249	1.97	1.84	ESTABLE
7453	0.271	2.014	1.939	ESTABLE
400	0.264	1.923	1.927	ESTABLE
16613	0.243	1.841	1.692	ESTABLE
9346	0.211	1.528	1.473	ESTABLE
7525	0.266	1.923	1.853	ESTABLE
18710	0.217	1.54	1.522	ESTABLE
14883	0.223	1.706	1.577	ESTABLE
13763	0.233	1.719	1.748	ESTABLE
16132	0.215	1.523	1.493	ESTABLE
7861	0.238	1.782	1.856	ESTABLE
261	0.258	2.004	1.862	ESTABLE
1487	0.237	1.845	1.855	ESTABLE
15640	0.23	1.62	1.674	ESTABLE
3917	0.254	2.025	1.896	ESTABLE
4847	0.245	1.779	1.866	ESTABLE
5873	0.217	1.51	1.504	ESTABLE
19577	0.207	1.502	1.56	ESTABLE
3572	0.243	1.889	1.8	ESTABLE
17677	0.255	1.947	1.958	ESTABLE
11990	0.223	1.633	1.714	ESTABLE
11357	0.239	1.736	1.765	ESTABLE
204	0.243	1.851	1.761	ESTABLE
9151	0.192	1.399	1.393	ESTABLE
1362	0.251	1.881	1.925	ESTABLE
3941	0.259	1.92	1.884	ESTABLE
8115	0.248	1.714	1.782	ESTABLE
14832	0.25	1.769	1.745	ESTABLE
1606	0.254	1.844	1.845	ESTABLE
17337	0.244	1.75	1.818	ESTABLE
7853	0.246	1.746	1.801	ESTABLE
13819	0.238	1.762	1.884	ESTABLE
8702	0.217	1.629	1.638	ESTABLE
12792	0.215	1.613	1.468	ESTABLE
19666	0.216	1.545	1.579	ESTABLE
8262	0.232	1.727	1.803	ESTABLE
12018	0.228	1.645	1.67	ESTABLE
7712	0.26	1.901	1.899	ESTABLE
657	0.248	1.852	1.841	ESTABLE
725	0.254	1.863	1.785	ESTABLE
17661	0.262	1.857	1.878	ESTABLE
84	0.248	1.86	1.76	ESTABLE
14703	0.247	1.842	1.784	ESTABLE
12382	0.207	1.433	1.523	ESTABLE
13460	0.248	1.779	1.799	ESTABLE
18379	0.215	1.628	1.527	ESTABLE
9494	0.225	1.625	1.582	ESTABLE
7115	0.254	1.939	1.864	ESTABLE
5363	0.22	1.577	1.529	ESTABLE
4061	0.268	2.017	1.88	ESTABLE
4042	0.273	1.984	1.913	ESTABLE
12062	0.234	1.715	1.744	ESTABLE
7015	0.254	1.85	1.834	ESTABLE
17403	0.254	1.76	1.857	ESTABLE
238	0.258	1.932	1.838	ESTABLE
4574	0.256	1.867	1.923	ESTABLE
7582	0.259	1.93	1.952	ESTABLE
18198	0.235	1.773	1.76	ESTABLE
18469	0.227	1.654	1.589	ESTABLE
18703	0.216	1.608	1.585	ESTABLE
15205	0.228	1.622	1.598	ESTABLE
8549	0.247	1.666	1.77	ESTABLE
14339	0.266	1.977	1.911	ESTABLE
1417	0.256	1.862	1.931	ESTABLE
3764	0.252	1.958	1.894	ESTABLE
9057	0.216	1.467	1.516	ESTABLE
13329	0.241	1.779	1.814	ESTABLE
17376	0.242	1.8	1.83	ESTABLE
10020	0.232	1.707	1.706	ESTABLE
10453	0.25	1.822	1.919	ESTABLE
2569	0.227	1.603	1.63	ESTABLE
9890	0.23	1.724	1.686	ESTABLE
15695	0.217	1.558	1.647	ESTABLE
15407	0.228	1.683	1.693	ESTABLE
14482	0.263	1.982	1.97	ESTABLE
2805	0.219	1.608	1.675	ESTABLE
6853	0.236	1.684	1.712	ESTABLE
7514	0.259	1.963	1.919	ESTABLE
16767	0.249	1.879	1.758	ESTABLE
1821	0.21	1.685	1.63	ESTABLE
2237	0.217	1.489	1.575	ESTABLE
19436	0.213	1.568	1.621	ESTABLE
978	0.243	1.763	1.875	ESTABLE
19228	0.223	1.578	1.618	ESTABLE
16315	0.211	1.428	1.496	ESTABLE
526	0.239	1.867	1.886	ESTABLE
2085	0.211	1.469	1.487	ESTABLE
5504	0.209	1.492	1.477	ESTABLE
3314	0.219	1.635	1.697	ESTABLE
18323	0.239	1.749	1.634	ESTABLE
16034	0.212	1.492	1.534	ESTABLE
10356	0.249	1.795	1.805	ESTABLE
3182	0.223	1.524	1.656	ESTABLE
17477	0.252	1.816	1.858	ESTABLE
7500	0.272	1.939	1.892	ESTABLE
18344	0.221	1.629	1.6	ESTABLE
6120	0.236	1.696	1.649	ESTABLE
6347	0.239	1.698	1.677	ESTABLE
2918	0.22	1.547	1.583	ESTABLE
18989	0.234	1.626	1.569	ESTABLE
19103	0.236	1.604	1.672	ESTABLE
15942	0.211	1.463	1.538	ESTABLE
2375	0.223	1.592	1.529	ESTABLE
7142	0.256	1.852	1.909	ESTABLE
12642	0.208	1.433	1.425	ESTABLE
17995	0.266	1.9	1.954	ESTABLE
15814	0.235	1.571	1.622	ESTABLE
7717	0.247	1.865	1.781	ESTABLE
17378	0.235	1.813	1.811	ESTABLE
3616	0.251	1.853	1.844	ESTABLE
6153	0.234	1.603	1.655	ESTABLE
19682	0.225	1.545	1.581	ESTABLE
6760	0.23	1.734	1.692	ESTABLE
19360	0.222	1.562	1.625	ESTABLE
3885	0.25	1.906	1.86	ESTABLE
1607	0.248	1.919	1.818	ESTABLE
17926	0.256	1.874	1.927	ESTABLE
5344	0.243	1.72	1.645	ESTABLE
1805	0.234	1.696	1.669	ESTABLE
3770	0.255	1.97	1.851	ESTABLE
5337	0.228	1.642	1.566	ESTABLE
11090	0.261	1.977	1.883	ESTABLE
3257	0.217	1.648	1.637	ESTABLE
19932	0.236	1.684	1.665	ESTABLE
5341	0.224	1.629	1.609	ESTABLE
9499	0.228	1.635	1.615	ESTABLE
9711	0.229	1.717	1.695	ESTABLE
7288	0.256	1.986	1.951	ESTABLE
17483	0.247	1.821	1.805	ESTABLE
3856	0.261	2.01	1.977	ESTABLE
1161	0.253	1.825	1.948	ESTABLE
1902	0.224	1.563	1.559	ESTABLE
8437	0.244	1.688	1.771	ESTABLE
7948	0.234	1.755	1.767	ESTABLE
477	0.243	1.942	1.816	ESTABLE
13586	0.232	1.775	1.787	ESTABLE
2882	0.22	1.572	1.639	ESTABLE
8805	0.223	1.589	1.606	ESTABLE
860	0.246	1.726	1.87	ESTABLE
19934	0.228	1.696	1.698	ESTABLE
1711	0.244	1.763	1.746	ESTABLE
710	0.246	1.793	1.834	ESTABLE
7425	0.257	2.066	1.879	INESTABLE
10106	0.231	1.746	1.708	ESTABLE
16567	0.244	1.7	1.71	ESTABLE
4119	0.252	1.883	1.918	ESTABLE
7122	0.259	1.892	1.931	ESTABLE
3434	0.227	1.716	1.727	ESTABLE
4671	0.244	1.784	1.892	ESTABLE
16700	0.244	1.866	1.743	ESTABLE
10566	0.259	1.88	1.886	ESTABLE
18231	0.238	1.819	1.76	ESTABLE
15088	0.225	1.694	1.606	ESTABLE
10980	0.258	1.957	1.895	ESTABLE
2618	0.223	1.694	1.63	ESTABLE
2889	0.221	1.561	1.61	ESTABLE
17539	0.253	1.828	1.878	ESTABLE
16196	0.212	1.447	1.407	ESTABLE
11228	0.245	1.871	1.825	ESTABLE
16628	0.242	1.859	1.734	ESTABLE
1847	0.217	1.602	1.564	ESTABLE
3174	0.218	1.623	1.643	ESTABLE
15488	0.231	1.636	1.693	ESTABLE
12528	0.203	1.463	1.44	ESTABLE
3410	0.218	1.615	1.651	ESTABLE
10803	0.264	2.021	1.944	ESTABLE
13376	0.24	1.753	1.753	ESTABLE
7606	0.258	1.916	1.89	ESTABLE
19887	0.205	1.648	1.622	ESTABLE
8316	0.233	1.731	1.772	ESTABLE
15235	0.222	1.514	1.567	ESTABLE
5930	0.219	1.604	1.541	ESTABLE
18445	0.213	1.693	1.567	ESTABLE
1568	0.246	1.818	1.818	ESTABLE
8687	0.216	1.583	1.653	ESTABLE
15002	0.222	1.627	1.68	ESTABLE
3145	0.219	1.608	1.626	ESTABLE
3861	0.265	2.036	1.929	ESTABLE
19778	0.216	1.566	1.621	ESTABLE
75	0.234	1.793	1.766	ESTABLE
6862	0.237	1.674	1.796	ESTABLE
5700	0.204	1.469	1.451	ESTABLE
15590	0.226	1.639	1.619	ESTABLE
10276	0.245	1.746	1.764	ESTABLE
13667	0.245	1.711	1.804	ESTABLE
13279	0.24	1.755	1.769	ESTABLE
14169	0.276	2.006	2.062	ESTABLE
11751	0.219	1.62	1.654	ESTABLE
15073	0.216	1.619	1.629	ESTABLE
9770	0.225	1.673	1.665	ESTABLE
617	0.242	1.825	1.798	ESTABLE
11333	0.244	1.836	1.796	ESTABLE
10004	0.238	1.687	1.722	ESTABLE
14514	0.239	1.879	1.877	ESTABLE
14814	0.234	1.787	1.695	ESTABLE
6751	0.234	1.648	1.718	ESTABLE
7380	0.26	1.953	1.94	ESTABLE
15436	0.235	1.612	1.685	ESTABLE
17429	0.242	1.789	1.801	ESTABLE
14385	0.256	1.951	1.891	ESTABLE
2345	0.215	1.558	1.545	ESTABLE
3378	0.235	1.653	1.655	ESTABLE
2080	0.209	1.541	1.469	ESTABLE
11344	0.247	1.862	1.789	ESTABLE
16692	0.237	1.848	1.826	ESTABLE
18925	0.218	1.57	1.629	ESTABLE
6820	0.236	1.689	1.778	ESTABLE
18679	0.21	1.53	1.512	ESTABLE
9728	0.228	1.696	1.676	ESTABLE
17407	0.242	1.743	1.837	ESTABLE
11580	0.238	1.762	1.708	ESTABLE
1461	0.25	1.848	1.879	ESTABLE
2940	0.235	1.623	1.648	ESTABLE
14343	0.257	1.949	1.898	ESTABLE
105	0.244	1.798	1.756	ESTABLE
1323	0.257	1.806	1.921	ESTABLE
15343	0.231	1.66	1.693	ESTABLE
19665	0.214	1.473	1.57	ESTABLE
18194	0.228	1.754	1.714	ESTABLE
6163	0.234	1.647	1.668	ESTABLE
17245	0.243	1.841	1.879	ESTABLE
13848	0.253	1.792	1.903	ESTABLE
1638	0.248	1.75	1.847	ESTABLE
15778	0.217	1.522	1.611	ESTABLE
14010	0.256	1.839	1.904	ESTABLE
9536	0.233	1.646	1.607	ESTABLE
3992	0.264	1.952	1.908	ESTABLE
14143	0.262	1.866	1.936	ESTABLE
2704	0.233	1.665	1.666	ESTABLE
9068	0.217	1.579	1.512	ESTABLE
6061	0.222	1.614	1.554	ESTABLE
11409	0.234	1.71	1.677	ESTABLE
16829	0.252	1.899	1.894	ESTABLE
6802	0.228	1.658	1.642	ESTABLE
2315	0.22	1.545	1.51	ESTABLE
4488	0.242	1.762	1.808	ESTABLE
15854	0.223	1.517	1.564	ESTABLE
1036	0.251	1.832	1.893	ESTABLE
5497	0.22	1.516	1.513	ESTABLE
12822	0.22	1.586	1.577	ESTABLE
9718	0.233	1.692	1.716	ESTABLE
747	0.25	1.883	1.899	ESTABLE
3494	0.248	1.809	1.74	ESTABLE
5269	0.229	1.573	1.629	ESTABLE
16349	0.22	1.619	1.518	ESTABLE
19415	0.226	1.619	1.654	ESTABLE
9437	0.22	1.727	1.548	INESTABLE
11209	0.253	1.888	1.789	ESTABLE
1980	0.217	1.602	1.578	ESTABLE
5313	0.223	1.641	1.558	ESTABLE
6587	0.227	1.626	1.669	ESTABLE
17292	0.243	1.786	1.823	ESTABLE
12091	0.221	1.588	1.692	ESTABLE
14492	0.269	1.963	1.933	ESTABLE
6984	0.237	1.794	1.713	ESTABLE
3321	0.216	1.626	1.654	ESTABLE
1034	0.24	1.78	1.859	ESTABLE
3614	0.242	1.913	1.806	ESTABLE
15593	0.218	1.566	1.637	ESTABLE
9749	0.239	1.738	1.693	ESTABLE
8146	0.235	1.695	1.697	ESTABLE
13413	0.233	1.834	1.748	ESTABLE
1743	0.229	1.705	1.723	ESTABLE
1048	0.249	1.804	1.891	ESTABLE
9684	0.223	1.758	1.633	ESTABLE
2797	0.227	1.547	1.664	ESTABLE
10015	0.232	1.693	1.754	ESTABLE
15908	0.211	1.546	1.55	ESTABLE
18073	0.257	1.886	1.871	ESTABLE
5036	0.24	1.769	1.708	ESTABLE
819	0.254	1.838	1.872	ESTABLE
10366	0.234	1.736	1.759	ESTABLE
2823	0.222	1.501	1.644	ESTABLE
19805	0.229	1.582	1.617	ESTABLE
2139	0.217	1.529	1.52	ESTABLE
18667	0.219	1.519	1.464	ESTABLE
14042	0.269	1.859	1.983	ESTABLE
18201	0.248	1.803	1.8	ESTABLE
15869	0.216	1.519	1.548	ESTABLE
15438	0.232	1.703	1.643	ESTABLE
7721	0.254	1.995	1.865	ESTABLE
19807	0.226	1.605	1.654	ESTABLE
12388	0.24	1.54	1.618	ESTABLE
8011	0.254	1.787	1.808	ESTABLE
13040	0.231	1.68	1.673	ESTABLE
14693	0.252	1.92	1.778	ESTABLE
605	0.254	1.864	1.815	ESTABLE
19849	0.221	1.612	1.546	ESTABLE
13897	0.25	1.751	1.862	ESTABLE
9493	0.227	1.679	1.655	ESTABLE
18109	0.268	1.896	1.823	ESTABLE
2441	0.226	1.662	1.615	ESTABLE
8792	0.231	1.571	1.568	ESTABLE
18294	0.249	1.812	1.667	ESTABLE
7510	0.267	2.022	1.936	ESTABLE
15995	0.192	1.433	1.414	ESTABLE
10934	0.279	1.999	1.97	ESTABLE
10713	0.257	1.922	1.953	ESTABLE
18597	0.206	1.505	1.531	ESTABLE
13239	0.236	1.748	1.669	ESTABLE
6644	0.227	1.631	1.709	ESTABLE
15181	0.23	1.736	1.731	ESTABLE
11814	0.242	1.691	1.648	ESTABLE
5534	0.215	1.605	1.466	ESTABLE
19480	0.223	1.531	1.56	ESTABLE
5559	0.209	1.522	1.481	ESTABLE
607	0.259	1.886	1.891	ESTABLE
269	0.244	1.885	1.792	ESTABLE
19505	0.213	1.448	1.579	ESTABLE
14561	0.26	2.021	1.959	ESTABLE
8187	0.232	1.738	1.75	ESTABLE
5042	0.242	1.84	1.835	ESTABLE
15972	0.211	1.551	1.464	ESTABLE
13030	0.235	1.664	1.659	ESTABLE
1033	0.251	1.815	1.854	ESTABLE
6370	0.237	1.58	1.75	INESTABLE
8016	0.235	1.705	1.771	ESTABLE
3908	0.276	2.028	1.88	ESTABLE
9715	0.242	1.708	1.772	ESTABLE
11793	0.231	1.585	1.751	INESTABLE
18157	0.253	1.826	1.81	ESTABLE
12561	0.217	1.51	1.523	ESTABLE
585	0.253	1.868	1.852	ESTABLE
19547	0.215	1.53	1.503	ESTABLE
14459	0.25	1.916	1.877	ESTABLE
13497	0.241	1.805	1.739	ESTABLE
7176	0.259	1.838	1.891	ESTABLE
10368	0.232	1.736	1.716	ESTABLE
1391	0.241	1.854	1.864	ESTABLE
7971	0.245	1.801	1.779	ESTABLE
13543	0.253	1.803	1.797	ESTABLE
18804	0.22	1.553	1.575	ESTABLE
12741	0.202	1.398	1.454	ESTABLE
17458	0.244	1.852	1.865	ESTABLE
6392	0.246	1.659	1.713	ESTABLE
19896	0.243	1.683	1.608	ESTABLE
4897	0.247	1.905	1.867	ESTABLE
3130	0.225	1.556	1.635	ESTABLE
19381	0.22	1.589	1.569	ESTABLE
6295	0.21	1.568	1.633	ESTABLE
645	0.243	1.857	1.909	ESTABLE
9085	0.209	1.508	1.454	ESTABLE
14568	0.246	1.947	1.79	INESTABLE
15653	0.214	1.598	1.604	ESTABLE
10614	0.254	1.957	1.995	ESTABLE
4751	0.247	1.739	1.848	ESTABLE
7531	0.252	1.954	1.913	ESTABLE
19133	0.211	1.566	1.591	ESTABLE
5572	0.224	1.605	1.489	ESTABLE
17563	0.246	1.774	1.833	ESTABLE
15149	0.241	1.705	1.659	ESTABLE
18861	0.224	1.597	1.593	ESTABLE
10602	0.259	1.874	1.924	ESTABLE
18561	0.223	1.566	1.538	ESTABLE
19574	0.209	1.476	1.472	ESTABLE
15079	0.235	1.637	1.574	ESTABLE
4962	0.24	1.783	1.79	ESTABLE
11172	0.239	1.889	1.816	ESTABLE
5464	0.218	1.577	1.472	ESTABLE
5881	0.23	1.63	1.537	ESTABLE
8771	0.214	1.628	1.615	ESTABLE
14734	0.243	1.847	1.704	ESTABLE
1986	0.21	1.543	1.436	ESTABLE
15130	0.222	1.57	1.596	ESTABLE
14139	0.268	1.902	1.881	ESTABLE
6299	0.227	1.624	1.673	ESTABLE
55	0.239	1.752	1.666	ESTABLE
3701	0.268	1.956	1.929	ESTABLE
8850	0.214	1.574	1.543	ESTABLE
1149	0.23	1.779	1.757	ESTABLE
14456	0.254	1.939	1.871	ESTABLE
6618	0.231	1.621	1.799	INESTABLE
7145	0.254	1.881	1.876	ESTABLE
7834	0.242	1.851	1.853	ESTABLE
8040	0.241	1.728	1.779	ESTABLE
11594	0.231	1.626	1.636	ESTABLE
8445	0.238	1.722	1.723	ESTABLE
61	0.229	1.727	1.684	ESTABLE
9415	0.22	1.598	1.472	ESTABLE
6412	0.236	1.649	1.762	ESTABLE
5404	0.214	1.534	1.523	ESTABLE
19747	0.221	1.578	1.557	ESTABLE
2484	0.222	1.562	1.573	ESTABLE
4366	0.247	1.78	1.818	ESTABLE
6398	0.229	1.611	1.582	ESTABLE
10889	0.271	2.027	2.015	ESTABLE
620	0.262	1.814	1.919	ESTABLE
15	0.223	1.709	1.682	ESTABLE
16218	0.216	1.509	1.544	ESTABLE
10697	0.262	1.909	1.959	ESTABLE
2439	0.225	1.524	1.563	ESTABLE
19409	0.214	1.534	1.621	ESTABLE
18955	0.223	1.636	1.581	ESTABLE
7306	0.257	1.947	1.931	ESTABLE
15701	0.227	1.552	1.657	ESTABLE
11921	0.238	1.688	1.689	ESTABLE
15269	0.222	1.581	1.671	ESTABLE
14922	0.227	1.717	1.607	ESTABLE
15584	0.215	1.543	1.683	ESTABLE
572	0.246	1.925	1.839	ESTABLE
1693	0.233	1.776	1.757	ESTABLE
4244	0.247	1.879	1.817	ESTABLE
11722	0.231	1.668	1.652	ESTABLE
7235	0.263	1.992	1.915	ESTABLE
1741	0.217	1.685	1.645	ESTABLE
15950	0.222	1.548	1.604	ESTABLE
14847	0.238	1.781	1.753	ESTABLE
3579	0.25	1.81	1.858	ESTABLE
7066	0.253	1.865	1.78	ESTABLE
8858	0.222	1.457	1.497	ESTABLE
2358	0.206	1.535	1.452	ESTABLE
19097	0.224	1.667	1.664	ESTABLE
8062	0.241	1.718	1.725	ESTABLE
10576	0.255	1.854	1.906	ESTABLE
2924	0.218	1.537	1.608	ESTABLE
18153	0.257	1.923	1.828	ESTABLE
10000	0.251	1.791	1.746	ESTABLE
3288	0.219	1.585	1.65	ESTABLE
8057	0.237	1.708	1.737	ESTABLE
16573	0.244	1.747	1.73	ESTABLE
7219	0.26	2.005	1.953	ESTABLE
2916	0.221	1.596	1.576	ESTABLE
4337	0.244	1.792	1.817	ESTABLE
4231	0.246	1.865	1.801	ESTABLE
16207	0.208	1.558	1.524	ESTABLE
16672	0.251	1.812	1.839	ESTABLE
14047	0.258	1.867	1.956	ESTABLE
12829	0.211	1.507	1.516	ESTABLE
12848	0.212	1.558	1.469	ESTABLE
4544	0.249	1.831	1.863	ESTABLE
1213	0.251	1.878	1.962	ESTABLE
2654	0.22	1.637	1.623	ESTABLE
18045	0.252	1.873	1.833	ESTABLE
13780	0.239	1.732	1.763	ESTABLE
10938	0.267	2.035	1.967	ESTABLE
11342	0.243	1.789	1.722	ESTABLE
6996	0.242	1.766	1.812	ESTABLE
4529	0.237	1.718	1.803	ESTABLE
15034	0.226	1.622	1.549	ESTABLE
10466	0.245	1.808	1.782	ESTABLE
1241	0.258	1.861	1.887	ESTABLE
10822	0.277	2.018	2	ESTABLE
7651	0.258	1.962	1.932	ESTABLE
4827	0.242	1.812	1.84	ESTABLE
14207	0.248	1.942	1.972	ESTABLE
3019	0.219	1.61	1.676	ESTABLE
11398	0.245	1.716	1.777	ESTABLE
16980	0.243	1.801	1.784	ESTABLE
3028	0.214	1.533	1.518	ESTABLE
9275	0.221	1.534	1.512	ESTABLE
15389	0.225	1.658	1.637	ESTABLE
12516	0.209	1.464	1.503	ESTABLE
10755	0.262	1.937	1.943	ESTABLE
6160	0.221	1.643	1.651	ESTABLE
2129	0.216	1.585	1.542	ESTABLE
15345	0.219	1.523	1.603	ESTABLE
1416	0.249	1.903	1.912	ESTABLE
18721	0.205	1.53	1.436	ESTABLE
11602	0.227	1.65	1.655	ESTABLE
1996	0.227	1.576	1.547	ESTABLE
10455	0.256	1.754	1.852	ESTABLE
9821	0.228	1.704	1.703	ESTABLE
19567	0.217	1.466	1.637	INESTABLE
10758	0.255	1.942	1.969	ESTABLE
9735	0.247	1.732	1.691	ESTABLE
932	0.238	1.787	1.879	ESTABLE
15568	0.225	1.615	1.682	ESTABLE
10149	0.22	1.673	1.705	ESTABLE
17582	0.249	1.808	1.843	ESTABLE
558	0.263	1.948	1.982	ESTABLE
3164	0.222	1.565	1.626	ESTABLE
15461	0.234	1.677	1.679	ESTABLE
13038	0.227	1.623	1.612	ESTABLE
11883	0.225	1.67	1.689	ESTABLE
15052	0.226	1.624	1.573	ESTABLE
5760	0.227	1.504	1.491	ESTABLE
7307	0.269	2.022	1.903	ESTABLE
12894	0.213	1.508	1.509	ESTABLE
14432	0.259	1.927	1.93	ESTABLE
13487	0.237	1.786	1.733	ESTABLE
14964	0.236	1.676	1.649	ESTABLE
19565	0.222	1.501	1.626	ESTABLE
196	0.246	1.898	1.835	ESTABLE
1114	0.249	1.849	1.831	ESTABLE
139	0.251	1.848	1.855	ESTABLE
19307	0.215	1.599	1.7	ESTABLE
15213	0.218	1.638	1.55	ESTABLE
8973	0.205	1.516	1.439	ESTABLE
5133	0.245	1.717	1.771	ESTABLE
13246	0.249	1.81	1.707	ESTABLE
17946	0.264	1.957	1.964	ESTABLE
11104	0.255	1.896	1.871	ESTABLE
5529	0.203	1.463	1.376	ESTABLE
8519	0.233	1.629	1.729	ESTABLE
3194	0.222	1.545	1.552	ESTABLE
9646	0.239	1.688	1.716	ESTABLE
11009	0.254	1.964	1.933	ESTABLE
16442	0.226	1.662	1.653	ESTABLE
3962	0.264	1.982	1.954	ESTABLE
12274	0.22	1.535	1.623	ESTABLE
18142	0.24	1.802	1.783	ESTABLE
19261	0.217	1.549	1.609	ESTABLE
6409	0.234	1.661	1.693	ESTABLE
15308	0.22	1.684	1.591	ESTABLE
10721	0.256	1.891	1.899	ESTABLE
4184	0.242	1.846	1.809	ESTABLE
1611	0.253	1.815	1.809	ESTABLE
4376	0.241	1.823	1.885	ESTABLE
4430	0.243	1.744	1.746	ESTABLE
5489	0.216	1.52	1.529	ESTABLE
4467	0.25	1.852	1.88	ESTABLE
10684	0.258	1.949	1.951	ESTABLE
10003	0.231	1.683	1.753	ESTABLE
7075	0.264	1.929	1.872	ESTABLE
13257	0.251	1.787	1.751	ESTABLE
16657	0.242	1.817	1.728	ESTABLE
15296	0.21	1.555	1.574	ESTABLE
17730	0.261	1.896	1.976	ESTABLE
673	0.246	1.863	1.829	ESTABLE
11189	0.252	1.945	1.839	ESTABLE
8688	0.237	1.653	1.741	ESTABLE
14559	0.254	1.862	1.865	ESTABLE
11117	0.259	1.834	1.855	ESTABLE
6259	0.236	1.671	1.665	ESTABLE
15628	0.231	1.673	1.669	ESTABLE
13377	0.241	1.849	1.772	ESTABLE
195	0.246	1.92	1.87	ESTABLE
12859	0.236	1.619	1.529	ESTABLE
16684	0.245	1.808	1.79	ESTABLE
13589	0.255	1.767	1.865	ESTABLE
4303	0.237	1.778	1.79	ESTABLE
7776	0.239	1.839	1.724	ESTABLE
6391	0.226	1.653	1.626	ESTABLE
11561	0.235	1.698	1.659	ESTABLE
11199	0.254	1.959	1.898	ESTABLE
19732	0.211	1.541	1.581	ESTABLE
3829	0.259	1.884	1.861	ESTABLE
8725	0.233	1.586	1.639	ESTABLE
15003	0.234	1.63	1.622	ESTABLE
14305	0.267	1.947	1.96	ESTABLE
7804	0.239	1.86	1.808	ESTABLE
15422	0.233	1.599	1.69	ESTABLE
7803	0.255	1.826	1.837	ESTABLE
6534	0.221	1.596	1.629	ESTABLE
7603	0.255	1.938	1.882	ESTABLE
14495	0.252	1.927	1.94	ESTABLE
17466	0.233	1.763	1.833	ESTABLE
1901	0.226	1.635	1.559	ESTABLE
14354	0.263	1.974	1.932	ESTABLE
15184	0.228	1.628	1.602	ESTABLE
12797	0.216	1.589	1.496	ESTABLE
891	0.241	1.812	1.835	ESTABLE
15133	0.226	1.599	1.583	ESTABLE
12032	0.229	1.665	1.696	ESTABLE
9466	0.219	1.594	1.538	ESTABLE
3455	0.232	1.801	1.714	ESTABLE
2741	0.215	1.608	1.698	ESTABLE
15068	0.218	1.602	1.586	ESTABLE
19844	0.217	1.555	1.565	ESTABLE
7212	0.274	2.047	1.982	ESTABLE
10825	0.269	2.068	1.923	ESTABLE
3899	0.257	2.007	1.954	ESTABLE
6278	0.226	1.659	1.721	ESTABLE
12622	0.21	1.474	1.403	ESTABLE
14307	0.269	2.009	1.983	ESTABLE
12334	0.224	1.632	1.637	ESTABLE
8126	0.236	1.8	1.713	ESTABLE
14073	0.243	1.796	1.857	ESTABLE
9758	0.233	1.705	1.742	ESTABLE
19668	0.22	1.533	1.586	ESTABLE
1383	0.253	1.874	1.914	ESTABLE
15782	0.22	1.566	1.682	ESTABLE
543	0.25	1.859	1.866	ESTABLE
8641	0.23	1.722	1.706	ESTABLE
16861	0.245	1.789	1.814	ESTABLE
17928	0.271	1.941	1.954	ESTABLE
12917	0.224	1.61	1.539	ESTABLE
11482	0.234	1.835	1.756	ESTABLE
4281	0.265	1.854	1.829	ESTABLE
2874	0.22	1.553	1.54	ESTABLE
16602	0.242	1.771	1.788	ESTABLE
14886	0.239	1.753	1.732	ESTABLE
10800	0.251	1.949	1.9	ESTABLE
2477	0.222	1.565	1.621	ESTABLE
12108	0.234	1.607	1.646	ESTABLE
18933	0.22	1.626	1.64	ESTABLE
17473	0.255	1.827	1.85	ESTABLE
9894	0.236	1.65	1.802	INESTABLE
1828	0.216	1.678	1.645	ESTABLE
15370	0.212	1.606	1.631	ESTABLE
233	0.246	1.925	1.793	ESTABLE
4210	0.266	1.905	1.901	ESTABLE
4510	0.237	1.774	1.791	ESTABLE
4604	0.234	1.75	1.801	ESTABLE
10090	0.246	1.749	1.738	ESTABLE
16054	0.216	1.478	1.532	ESTABLE
4130	0.256	1.966	1.911	ESTABLE
4553	0.245	1.762	1.804	ESTABLE
1260	0.255	1.823	1.865	ESTABLE
15969	0.205	1.473	1.466	ESTABLE
2078	0.216	1.591	1.512	ESTABLE
1352	0.247	1.808	1.831	ESTABLE
7943	0.236	1.771	1.723	ESTABLE
4700	0.237	1.769	1.786	ESTABLE
448	0.246	1.931	1.873	ESTABLE
10229	0.235	1.73	1.764	ESTABLE
12082	0.209	1.584	1.686	ESTABLE
4781	0.239	1.795	1.842	ESTABLE
10754	0.258	2.008	1.962	ESTABLE
846	0.235	1.799	1.783	ESTABLE
9386	0.22	1.582	1.519	ESTABLE
2771	0.217	1.629	1.673	ESTABLE
9473	0.237	1.669	1.541	ESTABLE
15824	0.218	1.521	1.61	ESTABLE
10311	0.242	1.763	1.779	ESTABLE
1007	0.25	1.776	1.846	ESTABLE
4268	0.246	1.731	1.86	ESTABLE
9236	0.219	1.596	1.45	ESTABLE
11911	0.236	1.599	1.656	ESTABLE
4982	0.248	1.784	1.835	ESTABLE
12279	0.226	1.584	1.655	ESTABLE
9792	0.232	1.737	1.748	ESTABLE
11388	0.234	1.696	1.737	ESTABLE
579	0.249	1.924	1.992	ESTABLE
2745	0.221	1.594	1.659	ESTABLE
4739	0.252	1.73	1.853	ESTABLE
4828	0.241	1.766	1.84	ESTABLE
5783	0.216	1.514	1.393	ESTABLE
6898	0.237	1.665	1.71	ESTABLE
5432	0.213	1.615	1.522	ESTABLE
12023	0.23	1.604	1.691	ESTABLE
9404	0.218	1.61	1.588	ESTABLE
18256	0.25	1.858	1.785	ESTABLE
15081	0.214	1.644	1.518	ESTABLE
7439	0.267	1.973	1.978	ESTABLE
7682	0.243	1.899	1.776	ESTABLE
177	0.239	1.826	1.784	ESTABLE
8766	0.22	1.584	1.656	ESTABLE
5629	0.203	1.473	1.359	ESTABLE
865	0.251	1.859	1.912	ESTABLE
14072	0.247	1.853	1.89	ESTABLE
17562	0.261	1.815	1.999	INESTABLE
9497	0.222	1.649	1.504	ESTABLE
8835	0.225	1.662	1.59	ESTABLE
10383	0.235	1.72	1.778	ESTABLE
13600	0.245	1.763	1.791	ESTABLE
1280	0.261	1.807	1.906	ESTABLE
10957	0.262	1.928	1.991	ESTABLE
15984	0.204	1.486	1.502	ESTABLE
12152	0.237	1.628	1.811	INESTABLE
14564	0.264	1.991	1.968	ESTABLE
7741	0.253	1.89	1.818	ESTABLE
4018	0.248	1.987	1.854	ESTABLE
17728	0.26	1.916	2.012	ESTABLE
9996	0.23	1.679	1.699	ESTABLE
14366	0.261	1.947	1.965	ESTABLE
1282	0.243	1.789	1.878	ESTABLE
8470	0.236	1.732	1.804	ESTABLE
13691	0.232	1.729	1.725	ESTABLE
4579	0.235	1.781	1.758	ESTABLE
14255	0.256	1.866	1.942	ESTABLE
8625	0.237	1.699	1.799	ESTABLE
11982	0.237	1.614	1.713	ESTABLE
11964	0.23	1.697	1.751	ESTABLE
2328	0.223	1.578	1.519	ESTABLE
14449	0.257	1.987	1.965	ESTABLE
18243	0.241	1.799	1.747	ESTABLE
15100	0.221	1.658	1.573	ESTABLE
16368	0.234	1.675	1.602	ESTABLE
15045	0.219	1.644	1.622	ESTABLE
13299	0.25	1.812	1.79	ESTABLE
11549	0.231	1.651	1.609	ESTABLE
7918	0.232	1.75	1.732	ESTABLE
9309	0.207	1.513	1.455	ESTABLE
15467	0.229	1.657	1.658	ESTABLE
17581	0.258	1.837	1.874	ESTABLE
19763	0.228	1.609	1.57	ESTABLE
9443	0.213	1.583	1.499	ESTABLE
8949	0.21	1.454	1.517	ESTABLE
6732	0.233	1.649	1.734	ESTABLE
4412	0.237	1.75	1.771	ESTABLE
8221	0.244	1.711	1.767	ESTABLE
11668	0.231	1.617	1.696	ESTABLE
3879	0.265	1.964	1.924	ESTABLE
11976	0.223	1.653	1.679	ESTABLE
8162	0.248	1.706	1.749	ESTABLE
17183	0.246	1.772	1.839	ESTABLE
122	0.247	1.923	1.769	INESTABLE
9906	0.239	1.751	1.727	ESTABLE
6960	0.238	1.78	1.735	ESTABLE
3045	0.235	1.588	1.72	ESTABLE
3699	0.251	1.855	1.893	ESTABLE
5822	0.217	1.486	1.457	ESTABLE
6304	0.242	1.748	1.767	ESTABLE
13728	0.238	1.787	1.795	ESTABLE
9045	0.209	1.55	1.533	ESTABLE
6949	0.253	1.75	1.731	ESTABLE
19556	0.22	1.515	1.583	ESTABLE
7445	0.262	2.011	1.868	ESTABLE
13442	0.248	1.8	1.813	ESTABLE
16407	0.227	1.666	1.633	ESTABLE
6975	0.235	1.778	1.839	ESTABLE
19428	0.221	1.608	1.564	ESTABLE
11394	0.245	1.824	1.758	ESTABLE
7472	0.267	1.999	1.957	ESTABLE
6814	0.238	1.743	1.655	ESTABLE
13873	0.237	1.719	1.793	ESTABLE
13626	0.241	1.706	1.811	ESTABLE
18268	0.236	1.711	1.705	ESTABLE
15779	0.221	1.521	1.57	ESTABLE
7156	0.257	1.938	1.903	ESTABLE
14046	0.242	1.789	1.919	ESTABLE
7975	0.225	1.742	1.738	ESTABLE
11819	0.22	1.654	1.742	ESTABLE
2360	0.217	1.577	1.52	ESTABLE
258	0.248	1.876	1.857	ESTABLE
10624	0.255	1.81	1.865	ESTABLE
1176	0.248	1.829	1.882	ESTABLE
15973	0.234	1.539	1.526	ESTABLE
15287	0.219	1.608	1.615	ESTABLE
2057	0.219	1.535	1.519	ESTABLE
17890	0.26	1.889	1.942	ESTABLE
4727	0.236	1.812	1.797	ESTABLE
2528	0.21	1.569	1.525	ESTABLE
6836	0.247	1.766	1.774	ESTABLE
5903	0.213	1.606	1.518	ESTABLE
6302	0.225	1.564	1.723	INESTABLE
9101	0.197	1.502	1.393	ESTABLE
3084	0.215	1.506	1.549	ESTABLE
2279	0.211	1.556	1.473	ESTABLE
15554	0.23	1.657	1.63	ESTABLE
2842	0.211	1.61	1.651	ESTABLE
16184	0.211	1.531	1.492	ESTABLE
16232	0.207	1.599	1.543	ESTABLE
8932	0.22	1.486	1.504	ESTABLE
15479	0.227	1.607	1.692	ESTABLE
13867	0.24	1.744	1.859	ESTABLE
6653	0.235	1.603	1.715	ESTABLE
6272	0.231	1.608	1.638	ESTABLE
11662	0.233	1.682	1.662	ESTABLE
5213	0.23	1.717	1.723	ESTABLE
13645	0.243	1.78	1.813	ESTABLE
6460	0.233	1.563	1.704	ESTABLE
9670	0.232	1.683	1.684	ESTABLE
11506	0.224	1.638	1.669	ESTABLE
7074	0.25	1.877	1.826	ESTABLE
3855	0.256	2.003	1.871	ESTABLE
13155	0.236	1.772	1.737	ESTABLE
4624	0.249	1.881	1.873	ESTABLE
1798	0.227	1.692	1.679	ESTABLE
17433	0.25	1.748	1.814	ESTABLE
9176	0.206	1.47	1.501	ESTABLE
19515	0.209	1.435	1.507	ESTABLE
19526	0.224	1.533	1.517	ESTABLE
871	0.255	1.83	1.816	ESTABLE
15342	0.216	1.651	1.654	ESTABLE
6050	0.233	1.676	1.657	ESTABLE
1023	0.248	1.885	1.866	ESTABLE
15629	0.231	1.602	1.629	ESTABLE
19437	0.208	1.491	1.595	ESTABLE
6623	0.225	1.637	1.652	ESTABLE
15218	0.219	1.574	1.583	ESTABLE
19601	0.235	1.602	1.542	ESTABLE
134	0.247	1.837	1.872	ESTABLE
9548	0.22	1.665	1.589	ESTABLE
16596	0.243	1.729	1.67	ESTABLE
5641	0.214	1.518	1.464	ESTABLE
11761	0.233	1.662	1.768	ESTABLE
7123	0.244	1.848	1.866	ESTABLE
13759	0.253	1.812	1.847	ESTABLE
11134	0.243	1.871	1.845	ESTABLE
9344	0.218	1.576	1.447	ESTABLE
17810	0.255	1.904	1.938	ESTABLE
5188	0.228	1.646	1.771	ESTABLE
16733	0.249	1.865	1.848	ESTABLE
3370	0.235	1.651	1.751	ESTABLE
3206	0.238	1.638	1.645	ESTABLE
7327	0.268	1.983	1.952	ESTABLE
9469	0.223	1.648	1.663	ESTABLE
10086	0.235	1.661	1.782	ESTABLE
6390	0.226	1.644	1.649	ESTABLE
4776	0.251	1.725	1.818	ESTABLE
19163	0.231	1.596	1.676	ESTABLE
7422	0.267	2.006	1.922	ESTABLE
2445	0.229	1.585	1.553	ESTABLE
19799	0.225	1.559	1.579	ESTABLE
2404	0.226	1.567	1.54	ESTABLE
19953	0.219	1.754	1.665	ESTABLE
13933	0.248	1.827	1.843	ESTABLE
16884	0.246	1.836	1.785	ESTABLE
15808	0.218	1.537	1.553	ESTABLE
9516	0.225	1.647	1.555	ESTABLE
15124	0.21	1.604	1.523	ESTABLE
3566	0.258	1.846	1.833	ESTABLE
15217	0.218	1.604	1.569	ESTABLE
1008	0.241	1.741	1.823	ESTABLE
10817	0.259	2.032	1.961	ESTABLE
10568	0.264	1.92	1.933	ESTABLE
8099	0.235	1.71	1.77	ESTABLE
5365	0.222	1.565	1.542	ESTABLE
13298	0.253	1.798	1.819	ESTABLE
12638	0.206	1.397	1.491	ESTABLE
9772	0.242	1.653	1.708	ESTABLE
13163	0.237	1.718	1.71	ESTABLE
1782	0.239	1.722	1.621	ESTABLE
9802	0.233	1.699	1.689	ESTABLE
18255	0.242	1.813	1.713	ESTABLE
6649	0.232	1.628	1.679	ESTABLE
5047	0.245	1.743	1.757	ESTABLE
2887	0.226	1.574	1.691	ESTABLE
7295	0.254	1.972	1.909	ESTABLE
1600	0.236	1.721	1.74	ESTABLE
15384	0.222	1.641	1.673	ESTABLE
5331	0.223	1.607	1.594	ESTABLE
16903	0.25	1.879	1.898	ESTABLE
16434	0.24	1.684	1.687	ESTABLE
9703	0.233	1.788	1.693	ESTABLE
19724	0.22	1.534	1.539	ESTABLE
14557	0.266	1.938	1.839	ESTABLE
17775	0.255	1.877	1.856	ESTABLE
15764	0.231	1.566	1.687	ESTABLE
12114	0.236	1.606	1.681	ESTABLE
14005	0.26	1.808	1.896	ESTABLE
10971	0.265	2.039	1.912	ESTABLE
10857	0.254	1.997	1.977	ESTABLE
2836	0.224	1.631	1.648	ESTABLE
17698	0.271	1.911	1.956	ESTABLE
11373	0.241	1.762	1.72	ESTABLE
8922	0.203	1.518	1.518	ESTABLE
5607	0.221	1.501	1.411	ESTABLE
18262	0.247	1.777	1.736	ESTABLE
9294	0.215	1.479	1.41	ESTABLE
7133	0.25	1.892	1.863	ESTABLE
15673	0.227	1.632	1.61	ESTABLE
19157	0.225	1.548	1.638	ESTABLE
9683	0.244	1.712	1.704	ESTABLE
11372	0.232	1.753	1.681	ESTABLE
17065	0.242	1.814	1.784	ESTABLE
5583	0.22	1.46	1.479	ESTABLE
1083	0.248	1.774	1.79	ESTABLE
6289	0.235	1.727	1.735	ESTABLE
7904	0.232	1.867	1.771	ESTABLE
2606	0.234	1.644	1.614	ESTABLE
18437	0.222	1.63	1.551	ESTABLE
15089	0.233	1.692	1.632	ESTABLE
10173	0.238	1.622	1.685	ESTABLE
3909	0.254	1.951	1.937	ESTABLE
6774	0.243	1.704	1.78	ESTABLE
9676	0.229	1.718	1.701	ESTABLE
16745	0.242	1.812	1.811	ESTABLE
7553	0.264	1.976	1.806	INESTABLE
8729	0.226	1.526	1.604	ESTABLE
4950	0.251	1.755	1.823	ESTABLE
1163	0.257	1.902	1.948	ESTABLE
10641	0.256	1.877	1.95	ESTABLE
9112	0.21	1.462	1.456	ESTABLE
5340	0.23	1.574	1.609	ESTABLE
15859	0.217	1.513	1.451	ESTABLE
11703	0.244	1.761	1.719	ESTABLE
6647	0.23	1.598	1.714	ESTABLE
1687	0.243	1.765	1.739	ESTABLE
18958	0.227	1.591	1.643	ESTABLE
2088	0.205	1.544	1.386	INESTABLE
9416	0.209	1.465	1.497	ESTABLE
9904	0.247	1.768	1.726	ESTABLE
5712	0.204	1.504	1.43	ESTABLE
17250	0.24	1.813	1.836	ESTABLE
4625	0.25	1.802	1.919	ESTABLE
2799	0.233	1.627	1.649	ESTABLE
7557	0.243	1.93	1.868	ESTABLE
17060	0.241	1.838	1.835	ESTABLE
5759	0.213	1.55	1.508	ESTABLE
17722	0.274	1.938	1.9	ESTABLE
7788	0.24	1.814	1.776	ESTABLE
1071	0.236	1.72	1.818	ESTABLE
496	0.256	1.864	1.852	ESTABLE
14507	0.254	1.948	1.895	ESTABLE
7427	0.268	2.068	1.952	ESTABLE
5321	0.219	1.56	1.618	ESTABLE
12924	0.214	1.659	1.527	ESTABLE
5413	0.222	1.56	1.501	ESTABLE
10899	0.276	2.042	2.027	ESTABLE
18496	0.226	1.691	1.555	ESTABLE
3005	0.221	1.544	1.592	ESTABLE
6424	0.225	1.641	1.713	ESTABLE
19395	0.213	1.558	1.555	ESTABLE
4228	0.257	1.968	1.852	ESTABLE
14013	0.244	1.833	1.846	ESTABLE
2355	0.215	1.546	1.49	ESTABLE
3667	0.249	1.849	1.893	ESTABLE
15186	0.233	1.672	1.67	ESTABLE
16373	0.224	1.591	1.563	ESTABLE
7626	0.262	1.97	1.857	ESTABLE
12559	0.213	1.462	1.371	ESTABLE
11637	0.232	1.692	1.658	ESTABLE
10559	0.256	1.912	1.881	ESTABLE
16030	0.218	1.471	1.558	ESTABLE
5086	0.236	1.717	1.686	ESTABLE
7465	0.259	1.992	1.928	ESTABLE
1594	0.232	1.745	1.713	ESTABLE
17125	0.241	1.842	1.794	ESTABLE
11446	0.241	1.755	1.732	ESTABLE
17501	0.246	1.855	1.864	ESTABLE
18507	0.231	1.613	1.594	ESTABLE
9303	0.216	1.528	1.556	ESTABLE
17924	0.265	1.951	1.936	ESTABLE
12525	0.218	1.529	1.519	ESTABLE
12383	0.208	1.532	1.584	ESTABLE
1287	0.258	1.863	1.88	ESTABLE
15408	0.228	1.591	1.598	ESTABLE
10992	0.267	2.09	1.994	ESTABLE
12426	0.2	1.537	1.522	ESTABLE
11681	0.227	1.627	1.675	ESTABLE
18398	0.227	1.701	1.532	INESTABLE
5445	0.221	1.574	1.494	ESTABLE
14348	0.262	1.942	1.936	ESTABLE
5827	0.21	1.599	1.523	ESTABLE
10098	0.238	1.684	1.73	ESTABLE
19587	0.207	1.52	1.542	ESTABLE
11459	0.244	1.739	1.685	ESTABLE
11308	0.236	1.836	1.744	ESTABLE
15494	0.229	1.619	1.68	ESTABLE
9712	0.232	1.667	1.773	ESTABLE
9767	0.239	1.734	1.783	ESTABLE
11546	0.233	1.657	1.788	ESTABLE
2933	0.218	1.645	1.677	ESTABLE
6422	0.242	1.658	1.741	ESTABLE
13612	0.238	1.804	1.791	ESTABLE
1411	0.253	1.867	1.895	ESTABLE
14439	0.264	1.984	2.009	ESTABLE
16271	0.213	1.521	1.503	ESTABLE
1736	0.233	1.768	1.769	ESTABLE
827	0.234	1.79	1.834	ESTABLE
15684	0.229	1.569	1.609	ESTABLE
7713	0.244	1.859	1.774	ESTABLE
476	0.257	1.92	1.895	ESTABLE
15613	0.218	1.529	1.705	INESTABLE
832	0.255	1.916	1.83	ESTABLE
7269	0.267	1.959	1.986	ESTABLE
14403	0.256	2.008	1.976	ESTABLE
5550	0.205	1.508	1.441	ESTABLE
19263	0.227	1.631	1.631	ESTABLE
5102	0.243	1.709	1.792	ESTABLE
1168	0.253	1.869	1.909	ESTABLE
19837	0.226	1.646	1.591	ESTABLE
4012	0.256	1.98	1.924	ESTABLE
9406	0.215	1.589	1.553	ESTABLE
14954	0.23	1.712	1.647	ESTABLE
17610	0.263	1.912	1.929	ESTABLE
2320	0.216	1.572	1.494	ESTABLE
4441	0.236	1.79	1.785	ESTABLE
5219	0.244	1.742	1.666	ESTABLE
18554	0.224	1.673	1.581	ESTABLE
5740	0.215	1.553	1.495	ESTABLE
15743	0.222	1.599	1.631	ESTABLE
17467	0.244	1.841	1.828	ESTABLE
1678	0.245	1.749	1.762	ESTABLE
8423	0.236	1.723	1.771	ESTABLE
9169	0.213	1.556	1.424	ESTABLE
10207	0.241	1.655	1.735	ESTABLE
250	0.248	1.878	1.889	ESTABLE
1876	0.228	1.695	1.616	ESTABLE
4484	0.254	1.793	1.825	ESTABLE
19838	0.222	1.67	1.668	ESTABLE
13157	0.238	1.811	1.619	INESTABLE
4468	0.243	1.852	1.862	ESTABLE
1928	0.213	1.579	1.458	ESTABLE
10996	0.264	2.013	1.905	ESTABLE
7228	0.246	1.878	1.868	ESTABLE
12662	0.218	1.519	1.504	ESTABLE
5229	0.242	1.649	1.67	ESTABLE
8721	0.237	1.696	1.704	ESTABLE
19892	0.212	1.589	1.525	ESTABLE
15703	0.225	1.561	1.622	ESTABLE
19273	0.224	1.564	1.547	ESTABLE
3286	0.22	1.607	1.655	ESTABLE
5258	0.232	1.653	1.682	ESTABLE
13282	0.238	1.749	1.789	ESTABLE
10467	0.242	1.738	1.848	ESTABLE
5115	0.239	1.763	1.802	ESTABLE
17550	0.253	1.842	1.859	ESTABLE
9463	0.216	1.583	1.575	ESTABLE
369	0.26	1.977	1.919	ESTABLE
5120	0.23	1.756	1.743	ESTABLE
12216	0.218	1.593	1.711	ESTABLE
10797	0.279	2.065	2.057	ESTABLE
12554	0.205	1.496	1.481	ESTABLE
15577	0.229	1.625	1.683	ESTABLE
1690	0.241	1.874	1.778	ESTABLE
756	0.25	1.825	1.88	ESTABLE
7650	0.25	1.902	1.838	ESTABLE
13203	0.237	1.712	1.67	ESTABLE
18343	0.233	1.707	1.667	ESTABLE
9737	0.236	1.691	1.717	ESTABLE
11257	0.259	1.908	1.787	ESTABLE
722	0.249	1.841	1.852	ESTABLE
5096	0.243	1.769	1.761	ESTABLE
16282	0.227	1.629	1.544	ESTABLE
16203	0.202	1.484	1.479	ESTABLE
8559	0.242	1.706	1.783	ESTABLE
18581	0.221	1.577	1.576	ESTABLE
6351	0.244	1.67	1.712	ESTABLE
7527	0.255	2.014	1.924	ESTABLE
599	0.249	1.93	1.815	ESTABLE
11872	0.232	1.604	1.718	ESTABLE
18279	0.227	1.772	1.643	ESTABLE
2175	0.23	1.539	1.509	ESTABLE
16283	0.23	1.584	1.511	ESTABLE
17140	0.243	1.842	1.806	ESTABLE
1610	0.242	1.758	1.817	ESTABLE
12608	0.219	1.572	1.482	ESTABLE
2348	0.207	1.58	1.469	ESTABLE
5364	0.222	1.536	1.591	ESTABLE
12707	0.216	1.545	1.444	ESTABLE
5085	0.238	1.722	1.776	ESTABLE
8580	0.233	1.679	1.733	ESTABLE
12001	0.233	1.721	1.72	ESTABLE
15192	0.234	1.726	1.682	ESTABLE
5573	0.204	1.461	1.464	ESTABLE
3117	0.225	1.493	1.606	ESTABLE
2525	0.226	1.666	1.574	ESTABLE
18431	0.232	1.615	1.586	ESTABLE
7908	0.235	1.796	1.748	ESTABLE
13092	0.234	1.747	1.713	ESTABLE
13432	0.245	1.801	1.843	ESTABLE
8291	0.226	1.628	1.731	ESTABLE
7271	0.251	1.927	1.878	ESTABLE
1518	0.246	1.907	1.885	ESTABLE
3312	0.227	1.638	1.687	ESTABLE
12744	0.207	1.527	1.508	ESTABLE
13871	0.246	1.743	1.802	ESTABLE
12861	0.211	1.548	1.472	ESTABLE
6132	0.22	1.688	1.624	ESTABLE
17547	0.258	1.862	1.827	ESTABLE
14776	0.235	1.784	1.702	ESTABLE
13644	0.24	1.825	1.84	ESTABLE
8604	0.242	1.714	1.742	ESTABLE
3542	0.256	1.82	1.823	ESTABLE
4959	0.237	1.741	1.769	ESTABLE
7405	0.259	1.969	1.931	ESTABLE
6089	0.235	1.582	1.634	ESTABLE
18046	0.25	1.799	1.85	ESTABLE
8144	0.245	1.762	1.799	ESTABLE
14810	0.239	1.812	1.695	ESTABLE
6781	0.227	1.593	1.7	ESTABLE
4449	0.249	1.856	1.831	ESTABLE
519	0.25	1.93	1.871	ESTABLE
11631	0.234	1.666	1.689	ESTABLE
5153	0.231	1.684	1.718	ESTABLE
11556	0.227	1.671	1.646	ESTABLE
18582	0.215	1.567	1.542	ESTABLE
12314	0.206	1.497	1.498	ESTABLE
12818	0.227	1.586	1.54	ESTABLE
1915	0.228	1.551	1.632	ESTABLE
9752	0.234	1.709	1.767	ESTABLE
19987	0.232	1.708	1.729	ESTABLE
6383	0.23	1.698	1.655	ESTABLE
17390	0.255	1.773	1.893	ESTABLE
9355	0.218	1.555	1.55	ESTABLE
2720	0.221	1.566	1.645	ESTABLE
8754	0.231	1.662	1.629	ESTABLE
14419	0.263	1.925	1.901	ESTABLE
17248	0.244	1.824	1.815	ESTABLE
17453	0.25	1.84	1.787	ESTABLE
511	0.257	1.988	1.91	ESTABLE
4596	0.238	1.699	1.799	ESTABLE
2447	0.221	1.628	1.519	ESTABLE
1085	0.244	1.823	1.787	ESTABLE
5794	0.217	1.545	1.504	ESTABLE
13039	0.231	1.704	1.626	ESTABLE
13100	0.237	1.698	1.669	ESTABLE
15468	0.239	1.68	1.669	ESTABLE
11232	0.246	1.772	1.712	ESTABLE
9461	0.225	1.634	1.596	ESTABLE
3413	0.227	1.729	1.71	ESTABLE
18746	0.228	1.548	1.53	ESTABLE
8780	0.215	1.593	1.583	ESTABLE
9097	0.2	1.481	1.4	ESTABLE
19670	0.207	1.551	1.477	ESTABLE
18041	0.247	1.853	1.854	ESTABLE
11878	0.237	1.721	1.728	ESTABLE
9257	0.221	1.561	1.432	ESTABLE
4905	0.248	1.803	1.82	ESTABLE
8538	0.246	1.733	1.752	ESTABLE
918	0.242	1.801	1.919	ESTABLE
12167	0.223	1.643	1.639	ESTABLE
14462	0.261	1.981	1.953	ESTABLE
14825	0.229	1.721	1.676	ESTABLE
19445	0.223	1.577	1.6	ESTABLE
5491	0.208	1.514	1.511	ESTABLE
8798	0.225	1.622	1.594	ESTABLE
7547	0.254	1.964	1.886	ESTABLE
19725	0.211	1.511	1.554	ESTABLE
2546	0.212	1.58	1.563	ESTABLE
18076	0.256	1.888	1.898	ESTABLE
2225	0.219	1.512	1.491	ESTABLE
10579	0.254	1.902	1.925	ESTABLE
583	0.249	1.938	1.835	ESTABLE
13063	0.228	1.683	1.673	ESTABLE
7775	0.241	1.823	1.741	ESTABLE
7850	0.237	1.732	1.788	ESTABLE
11018	0.258	1.98	1.944	ESTABLE
19320	0.213	1.556	1.668	ESTABLE
19678	0.216	1.497	1.579	ESTABLE
16617	0.234	1.827	1.79	ESTABLE
2878	0.233	1.559	1.632	ESTABLE
478	0.25	1.84	1.81	ESTABLE
13789	0.247	1.771	1.804	ESTABLE
16041	0.213	1.474	1.466	ESTABLE
14136	0.254	1.834	1.952	ESTABLE
6489	0.227	1.649	1.681	ESTABLE
15881	0.21	1.536	1.607	ESTABLE
18272	0.245	1.746	1.679	ESTABLE
11237	0.231	1.778	1.703	ESTABLE
16072	0.224	1.518	1.52	ESTABLE
101	0.255	1.88	1.791	ESTABLE
12568	0.214	1.502	1.413	ESTABLE
18814	0.216	1.601	1.506	ESTABLE
18759	0.219	1.62	1.577	ESTABLE
8302	0.239	1.728	1.818	ESTABLE
4920	0.234	1.84	1.804	ESTABLE
5043	0.249	1.734	1.821	ESTABLE
13584	0.239	1.841	1.808	ESTABLE
12947	0.217	1.634	1.57	ESTABLE
4169	0.248	1.875	1.901	ESTABLE
4615	0.256	1.818	1.885	ESTABLE
11306	0.242	1.811	1.728	ESTABLE
3297	0.23	1.635	1.678	ESTABLE
14494	0.262	1.899	1.911	ESTABLE
186	0.261	1.919	1.86	ESTABLE
3479	0.252	1.786	1.812	ESTABLE
17699	0.243	1.871	1.938	ESTABLE
13207	0.251	1.766	1.763	ESTABLE
9182	0.215	1.575	1.493	ESTABLE
5729	0.209	1.507	1.426	ESTABLE
18165	0.246	1.821	1.781	ESTABLE
15433	0.224	1.671	1.682	ESTABLE
18654	0.221	1.506	1.583	ESTABLE
15105	0.237	1.605	1.651	ESTABLE
18006	0.261	1.907	1.925	ESTABLE
13101	0.229	1.74	1.64	ESTABLE
18334	0.229	1.658	1.593	ESTABLE
18544	0.229	1.549	1.564	ESTABLE
1933	0.232	1.671	1.572	ESTABLE
13054	0.241	1.73	1.648	ESTABLE
19951	0.225	1.655	1.594	ESTABLE
7617	0.259	1.985	1.908	ESTABLE
393	0.245	1.83	1.808	ESTABLE
1937	0.212	1.652	1.584	ESTABLE
26	0.234	1.786	1.748	ESTABLE
3172	0.23	1.635	1.659	ESTABLE
4760	0.237	1.819	1.866	ESTABLE
17967	0.25	1.815	1.866	ESTABLE
14200	0.264	1.919	2.028	ESTABLE
9985	0.228	1.686	1.734	ESTABLE
14592	0.248	1.881	1.846	ESTABLE
13238	0.242	1.796	1.749	ESTABLE
8070	0.237	1.772	1.792	ESTABLE
16165	0.217	1.471	1.463	ESTABLE
10353	0.252	1.704	1.81	ESTABLE
11947	0.236	1.703	1.788	ESTABLE
8515	0.233	1.772	1.69	ESTABLE
16148	0.214	1.437	1.477	ESTABLE
9219	0.215	1.557	1.576	ESTABLE
10065	0.236	1.637	1.729	ESTABLE
2126	0.221	1.57	1.505	ESTABLE
5798	0.208	1.541	1.484	ESTABLE
19707	0.205	1.417	1.522	ESTABLE
9424	0.225	1.625	1.608	ESTABLE
15580	0.229	1.559	1.589	ESTABLE
16290	0.228	1.617	1.557	ESTABLE
5186	0.24	1.682	1.754	ESTABLE
9976	0.23	1.725	1.829	ESTABLE
6997	0.24	1.822	1.849	ESTABLE
4706	0.25	1.735	1.794	ESTABLE
14871	0.231	1.719	1.692	ESTABLE
12914	0.232	1.633	1.628	ESTABLE
9909	0.237	1.696	1.7	ESTABLE
11283	0.234	1.792	1.796	ESTABLE
18783	0.213	1.604	1.528	ESTABLE
7925	0.233	1.721	1.719	ESTABLE
13325	0.245	1.825	1.721	ESTABLE
18062	0.259	1.924	1.909	ESTABLE
19877	0.217	1.611	1.545	ESTABLE
18912	0.231	1.641	1.566	ESTABLE
14591	0.249	2.004	1.894	ESTABLE
1791	0.214	1.568	1.531	ESTABLE
954	0.249	1.842	1.819	ESTABLE
10028	0.25	1.678	1.761	ESTABLE
18240	0.249	1.788	1.717	ESTABLE
17287	0.245	1.802	1.814	ESTABLE
3439	0.249	1.744	1.751	ESTABLE
8596	0.236	1.734	1.753	ESTABLE
6780	0.232	1.677	1.728	ESTABLE
8636	0.231	1.684	1.704	ESTABLE
5394	0.217	1.56	1.515	ESTABLE
16790	0.248	1.857	1.8	ESTABLE
11381	0.23	1.733	1.742	ESTABLE
2000	0.217	1.535	1.455	ESTABLE
17734	0.254	1.823	1.865	ESTABLE
7714	0.266	1.945	1.858	ESTABLE
4798	0.244	1.712	1.787	ESTABLE
1064	0.246	1.821	1.809	ESTABLE
9019	0.214	1.492	1.487	ESTABLE
7002	0.257	1.793	1.843	ESTABLE
12427	0.21	1.406	1.512	ESTABLE
17603	0.261	1.819	1.968	ESTABLE
6209	0.231	1.658	1.62	ESTABLE
6039	0.218	1.6	1.548	ESTABLE
5290	0.226	1.554	1.616	ESTABLE
16544	0.232	1.762	1.7	ESTABLE
12592	0.199	1.447	1.451	ESTABLE
17533	0.256	1.842	1.894	ESTABLE
15926	0.215	1.502	1.534	ESTABLE
13682	0.248	1.732	1.806	ESTABLE
17895	0.261	1.904	1.909	ESTABLE
12278	0.214	1.613	1.626	ESTABLE
14298	0.261	1.926	1.947	ESTABLE
16549	0.244	1.764	1.774	ESTABLE
14554	0.251	1.917	1.834	ESTABLE
12900	0.23	1.638	1.645	ESTABLE
15078	0.22	1.59	1.601	ESTABLE
9748	0.232	1.755	1.733	ESTABLE
11467	0.227	1.67	1.652	ESTABLE
11330	0.24	1.789	1.747	ESTABLE
10829	0.262	2.054	2.026	ESTABLE
10013	0.243	1.693	1.823	ESTABLE
4660	0.236	1.752	1.786	ESTABLE
11012	0.267	2.008	1.93	ESTABLE
2644	0.227	1.679	1.674	ESTABLE
2921	0.22	1.616	1.6	ESTABLE
6832	0.231	1.749	1.744	ESTABLE
1785	0.233	1.718	1.669	ESTABLE
804	0.255	1.84	1.801	ESTABLE
1437	0.245	1.861	1.871	ESTABLE
15561	0.234	1.692	1.714	ESTABLE
17696	0.259	1.888	1.918	ESTABLE
17068	0.243	1.775	1.791	ESTABLE
9472	0.217	1.55	1.501	ESTABLE
18820	0.218	1.536	1.572	ESTABLE
17692	0.26	1.9	1.945	ESTABLE
18125	0.245	1.872	1.824	ESTABLE
602	0.259	1.845	1.888	ESTABLE
5719	0.207	1.542	1.5	ESTABLE
10704	0.259	1.937	2.016	ESTABLE
903	0.249	1.761	1.811	ESTABLE
2430	0.222	1.594	1.539	ESTABLE
3029	0.218	1.563	1.608	ESTABLE
802	0.256	1.83	1.9	ESTABLE
3402	0.227	1.634	1.661	ESTABLE
9135	0.217	1.546	1.451	ESTABLE
10300	0.237	1.755	1.713	ESTABLE
15956	0.223	1.519	1.538	ESTABLE
4557	0.244	1.804	1.763	ESTABLE
8968	0.22	1.495	1.517	ESTABLE
4010	0.256	1.992	1.914	ESTABLE
13924	0.246	1.846	1.789	ESTABLE
9833	0.227	1.755	1.725	ESTABLE
9851	0.232	1.731	1.798	ESTABLE
1301	0.263	1.889	1.973	ESTABLE
14375	0.258	1.885	1.911	ESTABLE
6720	0.237	1.663	1.673	ESTABLE
7435	0.262	2.024	1.963	ESTABLE
7795	0.237	1.813	1.706	ESTABLE
10805	0.252	1.917	1.933	ESTABLE
15835	0.224	1.547	1.594	ESTABLE
3554	0.241	1.8	1.816	ESTABLE
3898	0.253	1.999	1.981	ESTABLE
8085	0.238	1.7	1.743	ESTABLE
9962	0.24	1.736	1.738	ESTABLE
95	0.238	1.777	1.792	ESTABLE
13230	0.241	1.811	1.718	ESTABLE
19519	0.212	1.501	1.543	ESTABLE
8170	0.239	1.733	1.694	ESTABLE
8154	0.233	1.653	1.722	ESTABLE
7515	0.257	2.039	1.898	ESTABLE
18685	0.213	1.589	1.487	ESTABLE
4147	0.255	1.916	1.84	ESTABLE
17998	0.248	1.874	1.901	ESTABLE
10201	0.231	1.676	1.705	ESTABLE
58	0.243	1.757	1.709	ESTABLE
17599	0.243	1.762	1.842	ESTABLE
18381	0.23	1.731	1.605	ESTABLE
1927	0.216	1.638	1.526	ESTABLE
2961	0.229	1.6	1.65	ESTABLE
10264	0.249	1.745	1.836	ESTABLE
4732	0.24	1.753	1.821	ESTABLE
7312	0.254	1.915	1.985	ESTABLE
18027	0.246	1.952	1.807	ESTABLE
11963	0.231	1.687	1.686	ESTABLE
5072	0.248	1.698	1.809	ESTABLE
5048	0.243	1.685	1.764	ESTABLE
6875	0.242	1.71	1.753	ESTABLE
841	0.243	1.749	1.785	ESTABLE
11667	0.224	1.682	1.666	ESTABLE
12602	0.212	1.501	1.413	ESTABLE
13431	0.254	1.83	1.858	ESTABLE
2370	0.204	1.505	1.543	ESTABLE
2657	0.212	1.569	1.589	ESTABLE
19184	0.216	1.546	1.598	ESTABLE
10806	0.265	1.912	1.973	ESTABLE
9266	0.219	1.577	1.4	INESTABLE
5492	0.214	1.521	1.423	ESTABLE
2800	0.233	1.575	1.672	ESTABLE
18095	0.248	1.844	1.857	ESTABLE
720	0.254	1.867	1.873	ESTABLE
6236	0.23	1.677	1.728	ESTABLE
17708	0.26	1.865	1.956	ESTABLE
6205	0.214	1.668	1.642	ESTABLE
2620	0.229	1.633	1.623	ESTABLE
10029	0.254	1.707	1.763	ESTABLE
16126	0.214	1.51	1.495	ESTABLE
12961	0.222	1.638	1.583	ESTABLE
11910	0.231	1.66	1.716	ESTABLE
6293	0.214	1.658	1.573	ESTABLE
11589	0.243	1.721	1.667	ESTABLE
15161	0.223	1.635	1.638	ESTABLE
1398	0.272	1.901	1.97	ESTABLE
5947	0.218	1.595	1.518	ESTABLE
15398	0.224	1.738	1.657	ESTABLE
14107	0.242	1.875	1.925	ESTABLE
11571	0.229	1.652	1.701	ESTABLE
1871	0.219	1.615	1.573	ESTABLE
1495	0.252	1.85	1.895	ESTABLE
16199	0.207	1.52	1.563	ESTABLE
15224	0.224	1.562	1.645	ESTABLE
11770	0.24	1.654	1.784	ESTABLE
19702	0.224	1.546	1.59	ESTABLE
17412	0.236	1.752	1.818	ESTABLE
16852	0.241	1.872	1.826	ESTABLE
19920	0.233	1.702	1.728	ESTABLE
17513	0.248	1.836	1.867	ESTABLE
15166	0.218	1.557	1.553	ESTABLE
14243	0.26	1.89	1.925	ESTABLE
14274	0.267	1.953	1.986	ESTABLE
7450	0.266	2.004	1.921	ESTABLE
3309	0.222	1.569	1.615	ESTABLE
11676	0.237	1.736	1.714	ESTABLE
14041	0.243	1.822	1.899	ESTABLE
7434	0.254	1.974	1.965	ESTABLE
2931	0.222	1.517	1.668	INESTABLE
409	0.258	1.874	1.824	ESTABLE
7388	0.261	1.978	1.928	ESTABLE
13948	0.24	1.87	1.872	ESTABLE
6776	0.232	1.705	1.737	ESTABLE
6441	0.232	1.642	1.607	ESTABLE
2217	0.221	1.566	1.56	ESTABLE
18435	0.236	1.656	1.567	ESTABLE
17830	0.259	1.922	1.938	ESTABLE
9592	0.237	1.685	1.657	ESTABLE
12759	0.202	1.543	1.454	ESTABLE
2946	0.227	1.592	1.651	ESTABLE
1855	0.221	1.646	1.635	ESTABLE
13664	0.243	1.798	1.853	ESTABLE
11840	0.23	1.651	1.712	ESTABLE
1482	0.252	1.899	1.96	ESTABLE
17578	0.24	1.827	1.879	ESTABLE
10586	0.246	1.875	1.843	ESTABLE
7596	0.271	2.008	1.892	ESTABLE
2331	0.209	1.508	1.509	ESTABLE
14562	0.251	1.925	1.836	ESTABLE
11305	0.252	1.82	1.771	ESTABLE
13741	0.241	1.676	1.735	ESTABLE
10046	0.253	1.775	1.834	ESTABLE
4824	0.251	1.816	1.825	ESTABLE
18635	0.211	1.543	1.496	ESTABLE
2728	0.235	1.603	1.6	ESTABLE
7559	0.252	1.855	1.871	ESTABLE
15722	0.225	1.598	1.617	ESTABLE
15596	0.221	1.604	1.604	ESTABLE
4990	0.246	1.811	1.82	ESTABLE
6522	0.231	1.657	1.725	ESTABLE
7202	0.264	1.981	1.96	ESTABLE
18973	0.209	1.582	1.585	ESTABLE
17160	0.251	1.833	1.875	ESTABLE
13811	0.248	1.773	1.81	ESTABLE
14563	0.249	1.955	1.757	INESTABLE
12537	0.216	1.498	1.504	ESTABLE
8457	0.24	1.714	1.752	ESTABLE
15799	0.22	1.56	1.579	ESTABLE
9138	0.21	1.573	1.496	ESTABLE
644	0.251	1.869	1.857	ESTABLE
12046	0.229	1.714	1.681	ESTABLE
6482	0.224	1.649	1.63	ESTABLE
8813	0.223	1.546	1.599	ESTABLE
8499	0.237	1.676	1.723	ESTABLE
4026	0.258	1.892	1.936	ESTABLE
695	0.251	1.854	1.817	ESTABLE
7486	0.269	2.064	1.932	ESTABLE
7400	0.253	2.064	1.939	ESTABLE
1792	0.234	1.608	1.597	ESTABLE
8531	0.23	1.655	1.713	ESTABLE
631	0.257	1.889	1.856	ESTABLE
19594	0.228	1.537	1.559	ESTABLE
11537	0.227	1.766	1.694	ESTABLE
15982	0.217	1.483	1.562	ESTABLE
8606	0.233	1.687	1.718	ESTABLE
8785	0.237	1.649	1.633	ESTABLE
9729	0.237	1.722	1.62	ESTABLE
9371	0.208	1.567	1.493	ESTABLE
12165	0.231	1.648	1.726	ESTABLE
10019	0.24	1.644	1.757	ESTABLE
17296	0.243	1.815	1.793	ESTABLE
5127	0.238	1.712	1.748	ESTABLE
11800	0.241	1.716	1.757	ESTABLE
19768	0.211	1.549	1.573	ESTABLE
17939	0.264	1.909	1.974	ESTABLE
9961	0.233	1.662	1.728	ESTABLE
686	0.245	1.771	1.838	ESTABLE
16553	0.247	1.815	1.661	INESTABLE
6634	0.222	1.548	1.636	ESTABLE
7006	0.233	1.748	1.823	ESTABLE
4044	0.249	1.91	1.867	ESTABLE
16339	0.222	1.648	1.572	ESTABLE
17521	0.244	1.753	1.897	ESTABLE
11270	0.255	1.798	1.776	ESTABLE
15092	0.227	1.565	1.547	ESTABLE
10110	0.238	1.651	1.775	ESTABLE
7198	0.254	1.899	1.853	ESTABLE
2902	0.231	1.565	1.616	ESTABLE
16485	0.228	1.648	1.709	ESTABLE
3352	0.228	1.613	1.654	ESTABLE
12416	0.22	1.428	1.582	INESTABLE
16666	0.236	1.758	1.791	ESTABLE
11000	0.259	1.929	1.904	ESTABLE
12163	0.22	1.607	1.645	ESTABLE
3647	0.243	1.859	1.873	ESTABLE
6768	0.241	1.632	1.759	ESTABLE
4422	0.256	1.823	1.812	ESTABLE
246	0.254	1.889	1.875	ESTABLE
14320	0.259	1.995	1.927	ESTABLE
6695	0.233	1.698	1.721	ESTABLE
529	0.258	1.902	1.868	ESTABLE
14784	0.247	1.82	1.723	ESTABLE
3167	0.232	1.643	1.624	ESTABLE
19382	0.218	1.542	1.543	ESTABLE
2254	0.214	1.545	1.587	ESTABLE
7764	0.241	1.78	1.789	ESTABLE
14578	0.254	1.932	1.904	ESTABLE
14080	0.254	1.858	1.918	ESTABLE
15358	0.238	1.679	1.637	ESTABLE
17299	0.252	1.862	1.875	ESTABLE
18603	0.222	1.627	1.593	ESTABLE
11666	0.24	1.742	1.685	ESTABLE
7681	0.254	1.908	1.806	ESTABLE
9908	0.243	1.613	1.761	ESTABLE
8231	0.239	1.73	1.814	ESTABLE
2197	0.209	1.563	1.456	ESTABLE
7809	0.239	1.8	1.773	ESTABLE
12777	0.21	1.555	1.43	ESTABLE
11275	0.243	1.859	1.734	ESTABLE
19703	0.22	1.486	1.559	ESTABLE
5887	0.206	1.522	1.449	ESTABLE
428	0.258	1.871	1.919	ESTABLE
11262	0.243	1.864	1.778	ESTABLE
13549	0.248	1.811	1.836	ESTABLE
3805	0.246	1.89	1.928	ESTABLE
16257	0.214	1.565	1.508	ESTABLE
3784	0.265	2.029	1.904	ESTABLE
19517	0.212	1.558	1.554	ESTABLE
9291	0.206	1.511	1.515	ESTABLE
16180	0.204	1.552	1.5	ESTABLE
4373	0.257	1.864	1.826	ESTABLE
10109	0.234	1.659	1.724	ESTABLE
10027	0.236	1.742	1.706	ESTABLE
12492	0.204	1.522	1.429	ESTABLE
430	0.245	1.887	1.862	ESTABLE
3027	0.226	1.606	1.637	ESTABLE
2156	0.219	1.622	1.547	ESTABLE
1750	0.226	1.68	1.648	ESTABLE
3080	0.221	1.585	1.608	ESTABLE
12765	0.212	1.528	1.502	ESTABLE
2490	0.229	1.687	1.687	ESTABLE
4486	0.238	1.743	1.788	ESTABLE
12097	0.232	1.581	1.746	INESTABLE
14299	0.253	1.997	1.971	ESTABLE
13463	0.247	1.768	1.785	ESTABLE
16951	0.249	1.821	1.829	ESTABLE
13961	0.258	1.86	1.853	ESTABLE
4971	0.257	1.802	1.885	ESTABLE
6738	0.234	1.594	1.668	ESTABLE
6784	0.226	1.62	1.604	ESTABLE
19185	0.219	1.597	1.684	ESTABLE
12541	0.21	1.434	1.505	ESTABLE
19753	0.216	1.545	1.554	ESTABLE
18595	0.21	1.527	1.481	ESTABLE
17665	0.248	1.802	1.947	ESTABLE
5204	0.227	1.712	1.7	ESTABLE
3017	0.226	1.617	1.715	ESTABLE
1940	0.22	1.616	1.491	ESTABLE
11788	0.225	1.67	1.714	ESTABLE
8733	0.221	1.556	1.647	ESTABLE
9132	0.211	1.557	1.449	ESTABLE
1112	0.251	1.818	1.883	ESTABLE
18516	0.22	1.628	1.558	ESTABLE
17024	0.244	1.796	1.853	ESTABLE
9255	0.206	1.519	1.496	ESTABLE
19035	0.223	1.564	1.655	ESTABLE
2379	0.23	1.622	1.583	ESTABLE
12617	0.207	1.532	1.497	ESTABLE
13781	0.25	1.734	1.834	ESTABLE
2216	0.213	1.518	1.485	ESTABLE
8583	0.23	1.634	1.758	ESTABLE
18267	0.22	1.741	1.683	ESTABLE
17838	0.262	1.963	1.995	ESTABLE
5063	0.235	1.698	1.832	ESTABLE
14893	0.236	1.667	1.697	ESTABLE
18468	0.231	1.715	1.643	ESTABLE
13109	0.241	1.747	1.715	ESTABLE
11208	0.237	1.836	1.838	ESTABLE
8870	0.21	1.488	1.568	ESTABLE
14621	0.252	1.851	1.818	ESTABLE
2271	0.218	1.515	1.559	ESTABLE
17866	0.236	1.86	1.838	ESTABLE
18246	0.253	1.873	1.798	ESTABLE
2159	0.215	1.48	1.47	ESTABLE
17534	0.255	1.908	1.871	ESTABLE
15058	0.225	1.638	1.657	ESTABLE
18162	0.244	1.789	1.782	ESTABLE
15565	0.225	1.651	1.66	ESTABLE
5119	0.242	1.751	1.722	ESTABLE
6988	0.245	1.764	1.759	ESTABLE
18585	0.215	1.562	1.547	ESTABLE
9387	0.222	1.59	1.562	ESTABLE
3939	0.268	2.013	1.933	ESTABLE
6838	0.243	1.667	1.831	INESTABLE
3727	0.254	1.964	1.857	ESTABLE
11248	0.246	1.828	1.741	ESTABLE
10249	0.237	1.736	1.725	ESTABLE
10035	0.223	1.711	1.742	ESTABLE
11109	0.254	1.904	1.85	ESTABLE
8532	0.237	1.692	1.744	ESTABLE
18306	0.228	1.636	1.624	ESTABLE
11959	0.241	1.648	1.691	ESTABLE
16904	0.257	1.858	1.772	ESTABLE
18815	0.218	1.579	1.575	ESTABLE
18488	0.241	1.606	1.59	ESTABLE
13830	0.243	1.832	1.812	ESTABLE
5600	0.216	1.563	1.457	ESTABLE
2486	0.235	1.667	1.607	ESTABLE
15645	0.227	1.636	1.64	ESTABLE
4591	0.243	1.802	1.858	ESTABLE
17027	0.256	1.887	1.878	ESTABLE
483	0.257	1.926	1.888	ESTABLE
13351	0.246	1.846	1.786	ESTABLE
6344	0.231	1.634	1.638	ESTABLE
4222	0.252	1.915	1.855	ESTABLE
10253	0.229	1.674	1.739	ESTABLE
16645	0.238	1.794	1.687	ESTABLE
13303	0.24	1.857	1.78	ESTABLE
4520	0.249	1.826	1.811	ESTABLE
19948	0.25	1.733	1.735	ESTABLE
3870	0.258	1.964	1.984	ESTABLE
4954	0.247	1.824	1.856	ESTABLE
10244	0.241	1.68	1.743	ESTABLE
5823	0.209	1.552	1.472	ESTABLE
5766	0.211	1.538	1.401	ESTABLE
11212	0.24	1.848	1.811	ESTABLE
5682	0.213	1.509	1.431	ESTABLE
19851	0.215	1.604	1.572	ESTABLE
2573	0.219	1.573	1.598	ESTABLE
12197	0.229	1.605	1.662	ESTABLE
6446	0.235	1.646	1.705	ESTABLE
8028	0.24	1.781	1.781	ESTABLE
5466	0.205	1.578	1.441	ESTABLE
4996	0.239	1.748	1.822	ESTABLE
8674	0.23	1.612	1.682	ESTABLE
14423	0.267	1.915	1.954	ESTABLE
652	0.244	1.874	1.828	ESTABLE
353	0.254	1.886	1.922	ESTABLE
11674	0.236	1.71	1.744	ESTABLE
16514	0.229	1.686	1.668	ESTABLE
7504	0.249	1.931	1.902	ESTABLE
8203	0.233	1.699	1.793	ESTABLE
3259	0.223	1.518	1.617	ESTABLE
18727	0.217	1.552	1.521	ESTABLE
15939	0.209	1.569	1.59	ESTABLE
8710	0.222	1.57	1.648	ESTABLE
9783	0.233	1.733	1.687	ESTABLE
7941	0.235	1.722	1.774	ESTABLE
5169	0.245	1.788	1.792	ESTABLE
1632	0.238	1.738	1.751	ESTABLE
15605	0.235	1.64	1.712	ESTABLE
8332	0.248	1.763	1.785	ESTABLE
6238	0.234	1.741	1.637	ESTABLE
16118	0.209	1.46	1.443	ESTABLE
6333	0.229	1.633	1.665	ESTABLE
10640	0.255	1.929	1.951	ESTABLE
19449	0.213	1.518	1.62	ESTABLE
313	0.253	1.895	1.814	ESTABLE
1768	0.224	1.739	1.631	ESTABLE
16104	0.201	1.486	1.481	ESTABLE
10816	0.263	1.959	2.012	ESTABLE
18152	0.251	1.854	1.802	ESTABLE
18853	0.224	1.609	1.581	ESTABLE
19546	0.205	1.521	1.516	ESTABLE
6368	0.222	1.655	1.63	ESTABLE
1092	0.255	1.888	1.946	ESTABLE
19085	0.222	1.538	1.652	ESTABLE
10728	0.254	1.938	1.951	ESTABLE
7618	0.243	1.855	1.82	ESTABLE
15711	0.225	1.542	1.676	ESTABLE
14471	0.27	1.959	1.981	ESTABLE
18688	0.208	1.539	1.581	ESTABLE
11412	0.235	1.699	1.728	ESTABLE
12931	0.228	1.627	1.547	ESTABLE
19014	0.216	1.615	1.635	ESTABLE
4654	0.237	1.719	1.771	ESTABLE
985	0.25	1.802	1.842	ESTABLE
2791	0.234	1.617	1.694	ESTABLE
4186	0.259	1.839	1.877	ESTABLE
713	0.239	1.792	1.792	ESTABLE
16592	0.242	1.811	1.732	ESTABLE
18559	0.215	1.565	1.542	ESTABLE
9552	0.236	1.688	1.628	ESTABLE
6171	0.231	1.623	1.675	ESTABLE
302	0.265	1.927	1.834	ESTABLE
10949	0.247	1.954	1.875	ESTABLE
18579	0.22	1.614	1.526	ESTABLE
11389	0.232	1.711	1.724	ESTABLE
2316	0.218	1.606	1.533	ESTABLE
11960	0.23	1.65	1.763	ESTABLE
10208	0.213	1.622	1.725	ESTABLE
7914	0.245	1.835	1.739	ESTABLE
8992	0.19	1.478	1.379	ESTABLE
17982	0.248	1.934	1.917	ESTABLE
17178	0.242	1.752	1.76	ESTABLE
8574	0.228	1.689	1.725	ESTABLE
18301	0.244	1.723	1.69	ESTABLE
16839	0.253	1.857	1.822	ESTABLE
17682	0.261	1.95	1.985	ESTABLE
16533	0.223	1.71	1.642	ESTABLE
12125	0.216	1.548	1.674	ESTABLE
3425	0.246	1.715	1.743	ESTABLE
18012	0.248	1.854	1.817	ESTABLE
373	0.258	1.937	1.92	ESTABLE
7720	0.256	1.893	1.899	ESTABLE
7374	0.266	2.034	1.951	ESTABLE
5000	0.238	1.778	1.819	ESTABLE
17799	0.252	1.925	1.988	ESTABLE
14933	0.216	1.681	1.601	ESTABLE
11368	0.232	1.746	1.668	ESTABLE
5625	0.203	1.49	1.351	ESTABLE
226	0.253	1.845	1.823	ESTABLE
16528	0.235	1.707	1.576	ESTABLE
13438	0.242	1.771	1.739	ESTABLE
13639	0.241	1.806	1.762	ESTABLE
2420	0.211	1.572	1.545	ESTABLE
10175	0.236	1.721	1.766	ESTABLE
14184	0.261	1.895	1.979	ESTABLE
894	0.255	1.867	1.879	ESTABLE
12118	0.232	1.649	1.686	ESTABLE
16497	0.231	1.669	1.653	ESTABLE
1406	0.256	1.856	1.926	ESTABLE
11936	0.232	1.672	1.715	ESTABLE
12415	0.222	1.45	1.509	ESTABLE
14681	0.268	1.892	1.92	ESTABLE
6125	0.224	1.655	1.642	ESTABLE
11229	0.243	1.856	1.856	ESTABLE
17438	0.249	1.776	1.888	ESTABLE
3826	0.256	1.96	1.847	ESTABLE
13405	0.226	1.749	1.758	ESTABLE
736	0.253	1.9	1.828	ESTABLE
19806	0.225	1.59	1.632	ESTABLE
14575	0.247	1.9	1.886	ESTABLE
15042	0.232	1.59	1.646	ESTABLE
7246	0.26	1.955	1.947	ESTABLE
15516	0.225	1.617	1.635	ESTABLE
18183	0.251	1.807	1.825	ESTABLE
10097	0.234	1.624	1.737	ESTABLE
5730	0.217	1.513	1.514	ESTABLE
2774	0.217	1.533	1.646	ESTABLE
17623	0.267	1.919	1.957	ESTABLE
12611	0.226	1.484	1.54	ESTABLE
397	0.261	1.912	1.9	ESTABLE
10739	0.258	1.975	1.952	ESTABLE
16212	0.199	1.519	1.454	ESTABLE
5645	0.216	1.554	1.507	ESTABLE
14086	0.267	1.862	1.941	ESTABLE
17194	0.255	1.829	1.882	ESTABLE
5707	0.21	1.58	1.428	INESTABLE
5985	0.203	1.545	1.517	ESTABLE
14920	0.231	1.728	1.66	ESTABLE
6777	0.226	1.674	1.71	ESTABLE
19451	0.221	1.486	1.6	ESTABLE
1844	0.223	1.63	1.586	ESTABLE
14376	0.271	1.943	1.905	ESTABLE
9438	0.218	1.613	1.535	ESTABLE
11219	0.247	1.893	1.785	ESTABLE
5299	0.229	1.614	1.63	ESTABLE
7047	0.237	1.802	1.82	ESTABLE
16778	0.246	1.907	1.784	ESTABLE
17095	0.254	1.852	1.875	ESTABLE
1174	0.246	1.821	1.854	ESTABLE
3971	0.255	2.001	1.948	ESTABLE
4035	0.261	1.908	1.924	ESTABLE
8590	0.228	1.684	1.682	ESTABLE
18442	0.222	1.678	1.589	ESTABLE
10093	0.237	1.72	1.761	ESTABLE
9195	0.209	1.508	1.453	ESTABLE
14576	0.247	1.909	1.836	ESTABLE
9361	0.217	1.546	1.552	ESTABLE
16551	0.232	1.683	1.655	ESTABLE
6477	0.232	1.67	1.735	ESTABLE
7994	0.244	1.797	1.802	ESTABLE
3246	0.231	1.592	1.67	ESTABLE
19297	0.217	1.58	1.619	ESTABLE
17520	0.246	1.856	1.825	ESTABLE
2210	0.211	1.587	1.481	ESTABLE
18876	0.215	1.494	1.588	ESTABLE
2137	0.209	1.564	1.447	ESTABLE
11434	0.241	1.722	1.754	ESTABLE
12679	0.207	1.469	1.457	ESTABLE
17084	0.239	1.848	1.739	ESTABLE
8222	0.245	1.788	1.905	ESTABLE
6530	0.229	1.59	1.629	ESTABLE
1394	0.255	1.936	1.932	ESTABLE
4302	0.257	1.877	1.86	ESTABLE
6541	0.226	1.576	1.731	INESTABLE
16149	0.225	1.527	1.545	ESTABLE
808	0.243	1.837	1.822	ESTABLE
12212	0.219	1.595	1.589	ESTABLE
19454	0.221	1.486	1.631	ESTABLE
15012	0.223	1.632	1.57	ESTABLE
1353	0.247	1.812	1.975	INESTABLE
5508	0.207	1.597	1.463	ESTABLE
2166	0.208	1.493	1.465	ESTABLE
2426	0.216	1.504	1.581	ESTABLE
6461	0.223	1.6	1.609	ESTABLE
12884	0.216	1.589	1.506	ESTABLE
4748	0.259	1.816	1.89	ESTABLE
18812	0.218	1.621	1.605	ESTABLE
14651	0.251	1.911	1.854	ESTABLE
16128	0.213	1.456	1.519	ESTABLE
8270	0.246	1.713	1.79	ESTABLE
9425	0.219	1.632	1.482	ESTABLE
9751	0.24	1.735	1.757	ESTABLE
12335	0.217	1.474	1.549	ESTABLE
15514	0.216	1.612	1.687	ESTABLE
6437	0.226	1.633	1.707	ESTABLE
17298	0.236	1.724	1.804	ESTABLE
11037	0.256	1.933	1.939	ESTABLE
828	0.249	1.8	1.909	ESTABLE
2510	0.227	1.571	1.615	ESTABLE
15357	0.221	1.66	1.655	ESTABLE
11433	0.236	1.806	1.65	INESTABLE
8232	0.242	1.714	1.834	ESTABLE
19926	0.223	1.67	1.614	ESTABLE
18837	0.234	1.563	1.527	ESTABLE
9256	0.201	1.453	1.434	ESTABLE
8847	0.217	1.559	1.524	ESTABLE
19972	0.233	1.757	1.653	ESTABLE
675	0.258	1.863	1.925	ESTABLE
17040	0.245	1.813	1.825	ESTABLE
19369	0.217	1.485	1.628	ESTABLE
887	0.261	1.86	1.871	ESTABLE
6267	0.218	1.614	1.659	ESTABLE
10358	0.251	1.705	1.834	ESTABLE
12738	0.217	1.535	1.4	ESTABLE
10386	0.252	1.833	1.784	ESTABLE
188	0.254	1.878	1.791	ESTABLE
18376	0.229	1.722	1.598	ESTABLE
10696	0.252	1.892	1.935	ESTABLE
12250	0.224	1.578	1.578	ESTABLE
3715	0.256	1.917	1.851	ESTABLE
19559	0.21	1.454	1.483	ESTABLE
17779	0.269	1.965	1.959	ESTABLE
6825	0.224	1.65	1.66	ESTABLE
7116	0.247	1.839	1.765	ESTABLE
13389	0.232	1.795	1.772	ESTABLE
5701	0.208	1.442	1.385	ESTABLE
5479	0.21	1.536	1.482	ESTABLE
14437	0.272	2.018	2.063	ESTABLE
15076	0.226	1.685	1.642	ESTABLE
12782	0.224	1.575	1.467	ESTABLE
14677	0.244	1.849	1.782	ESTABLE
14241	0.248	1.891	1.898	ESTABLE
16316	0.223	1.595	1.53	ESTABLE
15718	0.219	1.568	1.618	ESTABLE
17047	0.253	1.9	1.892	ESTABLE
16221	0.203	1.589	1.499	ESTABLE
4922	0.234	1.774	1.819	ESTABLE
15542	0.237	1.641	1.645	ESTABLE
17959	0.261	1.942	1.948	ESTABLE
1563	0.254	1.786	1.839	ESTABLE
13427	0.238	1.784	1.803	ESTABLE
18378	0.23	1.714	1.617	ESTABLE
11516	0.24	1.698	1.704	ESTABLE
18336	0.216	1.622	1.651	ESTABLE
13529	0.239	1.752	1.792	ESTABLE
8000	0.245	1.755	1.835	ESTABLE
2833	0.232	1.557	1.677	ESTABLE
7906	0.234	1.735	1.789	ESTABLE
12991	0.223	1.655	1.621	ESTABLE
13957	0.233	1.811	1.856	ESTABLE
17322	0.25	1.789	1.825	ESTABLE
1265	0.27	1.918	1.911	ESTABLE
14892	0.235	1.662	1.716	ESTABLE
3563	0.247	1.872	1.822	ESTABLE
9324	0.229	1.527	1.607	ESTABLE
6551	0.222	1.609	1.676	ESTABLE
9347	0.207	1.5	1.452	ESTABLE
17149	0.254	1.784	1.797	ESTABLE
13923	0.252	1.83	1.918	ESTABLE
13289	0.243	1.836	1.795	ESTABLE
4199	0.246	1.935	1.839	ESTABLE
3818	0.255	1.918	1.898	ESTABLE
4094	0.244	1.874	1.838	ESTABLE
9539	0.218	1.634	1.556	ESTABLE
15766	0.218	1.476	1.58	ESTABLE
17474	0.261	1.873	1.86	ESTABLE
17409	0.248	1.89	1.913	ESTABLE
2558	0.231	1.615	1.679	ESTABLE
5828	0.218	1.603	1.471	ESTABLE
7543	0.26	2.022	1.952	ESTABLE
14851	0.234	1.735	1.728	ESTABLE
1545	0.24	1.857	1.832	ESTABLE
2535	0.228	1.556	1.625	ESTABLE
14488	0.263	1.997	1.975	ESTABLE
15732	0.228	1.65	1.628	ESTABLE
19128	0.223	1.515	1.599	ESTABLE
8377	0.241	1.714	1.779	ESTABLE
9072	0.207	1.539	1.52	ESTABLE
4522	0.257	1.879	1.805	ESTABLE
13474	0.25	1.781	1.776	ESTABLE
16204	0.22	1.578	1.597	ESTABLE
13467	0.237	1.784	1.774	ESTABLE
12641	0.203	1.393	1.418	ESTABLE
356	0.26	1.962	1.898	ESTABLE
5160	0.226	1.694	1.678	ESTABLE
3520	0.252	1.832	1.813	ESTABLE
3636	0.244	1.9	1.905	ESTABLE
4921	0.249	1.794	1.832	ESTABLE
108	0.245	1.826	1.807	ESTABLE
4946	0.242	1.738	1.851	ESTABLE
18519	0.23	1.687	1.567	ESTABLE
8481	0.241	1.699	1.752	ESTABLE
18427	0.226	1.614	1.553	ESTABLE
9761	0.241	1.717	1.722	ESTABLE
19162	0.226	1.606	1.612	ESTABLE
568	0.252	1.885	1.854	ESTABLE
11900	0.237	1.594	1.723	ESTABLE
4	0.233	1.721	1.68	ESTABLE
14446	0.266	1.968	1.981	ESTABLE
7332	0.268	2.023	1.97	ESTABLE
7413	0.264	2.032	1.865	INESTABLE
5899	0.204	1.496	1.486	ESTABLE
4163	0.247	1.872	1.844	ESTABLE
14537	0.26	1.953	1.884	ESTABLE
9016	0.207	1.476	1.443	ESTABLE
14956	0.231	1.654	1.656	ESTABLE
6146	0.234	1.623	1.659	ESTABLE
3505	0.245	1.755	1.766	ESTABLE
8940	0.216	1.458	1.504	ESTABLE
14754	0.234	1.802	1.788	ESTABLE
3944	0.256	1.938	1.922	ESTABLE
16859	0.257	1.887	1.899	ESTABLE
5300	0.217	1.658	1.618	ESTABLE
11893	0.227	1.651	1.73	ESTABLE
16902	0.252	1.921	1.885	ESTABLE
7055	0.256	1.884	1.832	ESTABLE
15838	0.213	1.55	1.585	ESTABLE
12521	0.209	1.432	1.438	ESTABLE
15927	0.221	1.496	1.529	ESTABLE
6091	0.227	1.662	1.554	ESTABLE
13843	0.238	1.824	1.796	ESTABLE
5320	0.226	1.58	1.61	ESTABLE
19998	0.244	1.719	1.736	ESTABLE
5164	0.242	1.67	1.709	ESTABLE
5773	0.206	1.542	1.47	ESTABLE
7259	0.25	1.917	1.935	ESTABLE
15894	0.203	1.469	1.539	ESTABLE
17954	0.262	1.951	1.977	ESTABLE
2592	0.224	1.596	1.516	ESTABLE
10774	0.266	1.965	2.022	ESTABLE
5530	0.212	1.557	1.451	ESTABLE
8269	0.247	1.771	1.773	ESTABLE
18905	0.23	1.582	1.643	ESTABLE
17640	0.261	1.907	1.909	ESTABLE
2956	0.232	1.651	1.634	ESTABLE
12984	0.224	1.65	1.579	ESTABLE
2734	0.23	1.612	1.643	ESTABLE
1706	0.233	1.684	1.794	ESTABLE
6998	0.246	1.78	1.791	ESTABLE
10900	0.261	1.944	1.936	ESTABLE
11511	0.233	1.702	1.639	ESTABLE
7516	0.262	1.976	2.042	ESTABLE
11051	0.253	1.898	1.873	ESTABLE
16155	0.225	1.569	1.539	ESTABLE
9447	0.229	1.649	1.554	ESTABLE
18113	0.24	1.836	1.803	ESTABLE
12555	0.225	1.5	1.465	ESTABLE
1729	0.239	1.704	1.723	ESTABLE
19256	0.213	1.526	1.611	ESTABLE
6803	0.251	1.714	1.753	ESTABLE
9145	0.2	1.507	1.429	ESTABLE
12275	0.217	1.531	1.604	ESTABLE
9150	0.193	1.412	1.37	ESTABLE
17906	0.254	1.872	1.866	ESTABLE
17510	0.249	1.87	1.865	ESTABLE
9340	0.205	1.571	1.513	ESTABLE
14171	0.254	1.913	1.912	ESTABLE
14831	0.236	1.76	1.743	ESTABLE
8622	0.226	1.641	1.71	ESTABLE
18725	0.214	1.513	1.565	ESTABLE
3105	0.227	1.587	1.624	ESTABLE
6314	0.225	1.66	1.676	ESTABLE
8711	0.231	1.639	1.721	ESTABLE
16610	0.231	1.787	1.711	ESTABLE
18480	0.219	1.608	1.564	ESTABLE
19076	0.219	1.605	1.64	ESTABLE
1592	0.243	1.783	1.824	ESTABLE
8512	0.237	1.716	1.693	ESTABLE
18768	0.209	1.492	1.501	ESTABLE
1277	0.249	1.844	1.968	ESTABLE
4980	0.252	1.799	1.786	ESTABLE
13672	0.246	1.8	1.744	ESTABLE
1154	0.246	1.863	1.844	ESTABLE
12031	0.228	1.588	1.671	ESTABLE
18346	0.228	1.649	1.61	ESTABLE
19958	0.232	1.692	1.656	ESTABLE
4356	0.237	1.818	1.778	ESTABLE
15356	0.236	1.669	1.654	ESTABLE
13495	0.242	1.774	1.866	ESTABLE
956	0.237	1.883	1.751	ESTABLE
11607	0.24	1.718	1.7	ESTABLE
15462	0.233	1.56	1.685	ESTABLE
6047	0.227	1.559	1.578	ESTABLE
13469	0.239	1.773	1.735	ESTABLE
16521	0.233	1.733	1.638	ESTABLE
12182	0.225	1.616	1.647	ESTABLE
17962	0.252	1.873	1.904	ESTABLE
18283	0.237	1.718	1.715	ESTABLE
995	0.238	1.808	1.836	ESTABLE
10469	0.252	1.852	1.848	ESTABLE
13124	0.223	1.671	1.59	ESTABLE
7669	0.262	1.926	1.878	ESTABLE
1311	0.246	1.817	1.847	ESTABLE
13633	0.249	1.786	1.776	ESTABLE
8052	0.256	1.685	1.752	ESTABLE
10744	0.272	1.986	2.018	ESTABLE
3420	0.239	1.697	1.727	ESTABLE
215	0.251	1.842	1.835	ESTABLE
1162	0.261	1.864	1.905	ESTABLE
11762	0.251	1.705	1.769	ESTABLE
9928	0.236	1.724	1.726	ESTABLE
3617	0.248	1.879	1.826	ESTABLE
6003	0.211	1.533	1.591	ESTABLE
17352	0.245	1.815	1.829	ESTABLE
4194	0.258	1.92	1.906	ESTABLE
18895	0.221	1.538	1.582	ESTABLE
19722	0.213	1.447	1.555	ESTABLE
10224	0.237	1.671	1.727	ESTABLE
8616	0.232	1.657	1.76	ESTABLE
8027	0.24	1.793	1.761	ESTABLE
10780	0.252	1.981	1.919	ESTABLE
6367	0.217	1.614	1.705	ESTABLE
18094	0.257	1.894	1.893	ESTABLE
16507	0.221	1.57	1.609	ESTABLE
9356	0.22	1.563	1.491	ESTABLE
522	0.248	1.886	1.823	ESTABLE
1618	0.258	1.82	1.83	ESTABLE
3140	0.233	1.596	1.646	ESTABLE
7953	0.243	1.741	1.75	ESTABLE
1754	0.234	1.735	1.679	ESTABLE
16721	0.24	1.82	1.809	ESTABLE
17737	0.265	1.958	1.971	ESTABLE
16389	0.221	1.595	1.528	ESTABLE
2127	0.215	1.511	1.461	ESTABLE
17625	0.243	1.844	1.932	ESTABLE
718	0.247	1.884	1.901	ESTABLE
1093	0.259	1.885	1.926	ESTABLE
19084	0.223	1.591	1.618	ESTABLE
8573	0.232	1.683	1.728	ESTABLE
18984	0.239	1.685	1.643	ESTABLE
16135	0.205	1.504	1.434	ESTABLE
5277	0.231	1.676	1.673	ESTABLE
10501	0.251	1.803	1.881	ESTABLE
6715	0.215	1.561	1.639	ESTABLE
15599	0.233	1.647	1.746	ESTABLE
4639	0.238	1.796	1.791	ESTABLE
16597	0.242	1.78	1.718	ESTABLE
16985	0.245	1.847	1.871	ESTABLE
9036	0.213	1.483	1.478	ESTABLE
18249	0.23	1.795	1.751	ESTABLE
8152	0.258	1.783	1.796	ESTABLE
11194	0.244	1.846	1.743	ESTABLE
8587	0.231	1.691	1.731	ESTABLE
3111	0.217	1.564	1.531	ESTABLE
6349	0.222	1.609	1.695	ESTABLE
13420	0.247	1.811	1.809	ESTABLE
8831	0.218	1.539	1.57	ESTABLE
10786	0.27	2.037	2.008	ESTABLE
16015	0.214	1.497	1.518	ESTABLE
11813	0.234	1.689	1.762	ESTABLE
5255	0.237	1.76	1.796	ESTABLE
16950	0.263	1.905	1.866	ESTABLE
10162	0.251	1.766	1.809	ESTABLE
12715	0.203	1.453	1.395	ESTABLE
5966	0.215	1.591	1.495	ESTABLE
19897	0.229	1.634	1.646	ESTABLE
10154	0.228	1.664	1.695	ESTABLE
307	0.249	1.878	1.822	ESTABLE
19964	0.237	1.823	1.696	ESTABLE
12021	0.237	1.681	1.706	ESTABLE
6211	0.23	1.686	1.641	ESTABLE
8290	0.24	1.722	1.741	ESTABLE
10454	0.242	1.779	1.793	ESTABLE
14635	0.254	1.926	1.803	ESTABLE
12	0.242	1.776	1.693	ESTABLE
7440	0.258	1.981	1.939	ESTABLE
6015	0.231	1.684	1.634	ESTABLE
8874	0.213	1.544	1.534	ESTABLE
19976	0.228	1.644	1.689	ESTABLE
13426	0.236	1.807	1.764	ESTABLE
4845	0.247	1.834	1.925	ESTABLE
19073	0.22	1.555	1.588	ESTABLE
14175	0.251	1.873	1.924	ESTABLE
8703	0.237	1.666	1.737	ESTABLE
1129	0.248	1.883	1.847	ESTABLE
16151	0.21	1.49	1.461	ESTABLE
18564	0.206	1.553	1.542	ESTABLE
14100	0.25	1.89	1.855	ESTABLE
9809	0.233	1.712	1.748	ESTABLE
13621	0.261	1.784	1.868	ESTABLE
4511	0.239	1.81	1.78	ESTABLE
7675	0.247	1.893	1.794	ESTABLE
12000	0.235	1.682	1.722	ESTABLE
5304	0.228	1.608	1.644	ESTABLE
5697	0.213	1.541	1.365	INESTABLE
8907	0.222	1.591	1.589	ESTABLE
3058	0.229	1.559	1.617	ESTABLE
9285	0.22	1.54	1.442	ESTABLE
3110	0.202	1.496	1.554	ESTABLE
8030	0.238	1.725	1.847	ESTABLE
15177	0.226	1.657	1.628	ESTABLE
8893	0.226	1.54	1.529	ESTABLE
18417	0.228	1.642	1.597	ESTABLE
9160	0.208	1.518	1.463	ESTABLE
7169	0.253	1.882	1.892	ESTABLE
11578	0.234	1.662	1.693	ESTABLE
7952	0.242	1.775	1.748	ESTABLE
16107	0.214	1.533	1.482	ESTABLE
15334	0.231	1.7	1.605	ESTABLE
15083	0.23	1.664	1.535	ESTABLE
19328	0.218	1.561	1.653	ESTABLE
5869	0.213	1.526	1.532	ESTABLE
6190	0.241	1.708	1.711	ESTABLE
14627	0.248	1.947	1.82	ESTABLE
350	0.258	1.957	1.873	ESTABLE
3162	0.214	1.532	1.639	ESTABLE
12013	0.232	1.62	1.776	INESTABLE
7188	0.257	1.928	1.84	ESTABLE
13198	0.234	1.77	1.687	ESTABLE
5691	0.206	1.514	1.42	ESTABLE
12398	0.216	1.54	1.599	ESTABLE
14473	0.257	1.964	1.916	ESTABLE
12920	0.227	1.667	1.573	ESTABLE
9149	0.202	1.414	1.362	ESTABLE
19080	0.235	1.671	1.772	ESTABLE
3813	0.263	1.967	1.901	ESTABLE
17323	0.239	1.766	1.774	ESTABLE
2062	0.217	1.522	1.509	ESTABLE
17512	0.24	1.733	1.861	ESTABLE
15176	0.213	1.59	1.592	ESTABLE
8788	0.222	1.583	1.617	ESTABLE
11491	0.239	1.717	1.651	ESTABLE
17523	0.247	1.837	1.874	ESTABLE
10561	0.249	1.853	1.847	ESTABLE
5825	0.223	1.531	1.509	ESTABLE
980	0.236	1.691	1.844	INESTABLE
18271	0.235	1.684	1.729	ESTABLE
18114	0.25	1.875	1.876	ESTABLE
12445	0.202	1.405	1.457	ESTABLE
14877	0.238	1.731	1.722	ESTABLE
14683	0.251	1.877	1.772	ESTABLE
11239	0.247	1.923	1.681	INESTABLE
1498	0.26	1.872	1.9	ESTABLE
8191	0.252	1.82	1.824	ESTABLE
2584	0.236	1.672	1.704	ESTABLE
4076	0.254	1.984	1.874	ESTABLE
1467	0.255	1.918	1.848	ESTABLE
12629	0.209	1.51	1.461	ESTABLE
14263	0.267	2.022	1.971	ESTABLE
2540	0.224	1.64	1.668	ESTABLE
9769	0.243	1.753	1.731	ESTABLE
11279	0.233	1.817	1.767	ESTABLE
18377	0.23	1.726	1.639	ESTABLE
18112	0.249	1.811	1.815	ESTABLE
17063	0.251	1.804	1.827	ESTABLE
9521	0.233	1.705	1.582	ESTABLE
689	0.247	1.852	1.869	ESTABLE
147	0.256	1.917	1.861	ESTABLE
3983	0.256	1.984	1.989	ESTABLE
18884	0.226	1.615	1.602	ESTABLE
6485	0.236	1.658	1.658	ESTABLE
1961	0.217	1.608	1.553	ESTABLE
9580	0.213	1.667	1.645	ESTABLE
4524	0.245	1.692	1.758	ESTABLE
13016	0.219	1.667	1.595	ESTABLE
15503	0.235	1.602	1.707	ESTABLE
247	0.243	1.813	1.86	ESTABLE
18459	0.223	1.661	1.639	ESTABLE
7114	0.258	1.866	1.924	ESTABLE
10370	0.24	1.743	1.767	ESTABLE
3867	0.269	1.98	1.949	ESTABLE
16020	0.217	1.552	1.476	ESTABLE
3569	0.25	1.85	1.796	ESTABLE
18499	0.223	1.603	1.568	ESTABLE
17497	0.266	1.779	1.894	ESTABLE
854	0.241	1.834	1.816	ESTABLE
5906	0.223	1.539	1.499	ESTABLE
18834	0.209	1.554	1.547	ESTABLE
4896	0.24	1.769	1.806	ESTABLE
10462	0.253	1.779	1.779	ESTABLE
7885	0.237	1.834	1.806	ESTABLE
4151	0.241	1.9	1.833	ESTABLE
2002	0.221	1.618	1.529	ESTABLE
8535	0.245	1.723	1.75	ESTABLE
14794	0.249	1.842	1.734	ESTABLE
12202	0.235	1.653	1.732	ESTABLE
692	0.256	1.862	1.853	ESTABLE
11932	0.234	1.635	1.732	ESTABLE
17258	0.243	1.753	1.88	ESTABLE
2599	0.226	1.637	1.675	ESTABLE
19853	0.218	1.604	1.563	ESTABLE
16274	0.211	1.53	1.473	ESTABLE
19224	0.227	1.563	1.702	ESTABLE
18753	0.222	1.603	1.576	ESTABLE
7747	0.247	1.854	1.796	ESTABLE
3416	0.241	1.674	1.701	ESTABLE
10912	0.254	1.929	1.915	ESTABLE
8539	0.234	1.714	1.71	ESTABLE
1540	0.256	1.893	1.955	ESTABLE
12632	0.21	1.469	1.431	ESTABLE
12048	0.241	1.683	1.731	ESTABLE
7551	0.269	1.912	1.969	ESTABLE
3264	0.232	1.531	1.709	INESTABLE
550	0.256	1.891	1.833	ESTABLE
12086	0.227	1.632	1.66	ESTABLE
18880	0.222	1.604	1.543	ESTABLE
7258	0.249	1.978	1.936	ESTABLE
12636	0.21	1.486	1.461	ESTABLE
6305	0.22	1.673	1.679	ESTABLE
18300	0.246	1.706	1.637	ESTABLE
11710	0.233	1.702	1.694	ESTABLE
12586	0.208	1.436	1.465	ESTABLE
16582	0.235	1.719	1.666	ESTABLE
207	0.25	1.94	1.837	ESTABLE
13571	0.243	1.726	1.834	ESTABLE
15664	0.232	1.633	1.693	ESTABLE
15135	0.225	1.546	1.438	ESTABLE
4098	0.254	1.915	1.882	ESTABLE
13788	0.233	1.741	1.757	ESTABLE
3149	0.219	1.457	1.556	ESTABLE
2976	0.226	1.589	1.635	ESTABLE
7703	0.243	1.839	1.724	ESTABLE
8900	0.21	1.438	1.519	ESTABLE
1170	0.242	1.772	1.861	ESTABLE
6430	0.234	1.613	1.655	ESTABLE
12709	0.21	1.485	1.5	ESTABLE
4367	0.255	1.766	1.837	ESTABLE
919	0.244	1.801	1.785	ESTABLE
17785	0.265	1.972	2.004	ESTABLE
12298	0.227	1.577	1.646	ESTABLE
13821	0.254	1.842	1.879	ESTABLE
1315	0.253	1.911	1.904	ESTABLE
15103	0.229	1.68	1.586	ESTABLE
520	0.251	1.885	1.875	ESTABLE
17426	0.239	1.848	1.857	ESTABLE
11419	0.237	1.733	1.735	ESTABLE
17316	0.25	1.794	1.881	ESTABLE
6085	0.242	1.658	1.626	ESTABLE
19479	0.226	1.49	1.61	ESTABLE
13099	0.23	1.644	1.725	ESTABLE
12874	0.212	1.597	1.491	ESTABLE
5105	0.246	1.766	1.819	ESTABLE
6886	0.239	1.774	1.746	ESTABLE
5602	0.2	1.501	1.438	ESTABLE
3559	0.241	1.74	1.711	ESTABLE
8087	0.234	1.73	1.738	ESTABLE
242	0.254	1.891	1.809	ESTABLE
2469	0.22	1.625	1.539	ESTABLE
19817	0.233	1.639	1.621	ESTABLE
3815	0.262	1.952	1.9	ESTABLE
135	0.239	1.823	1.695	ESTABLE
11913	0.241	1.667	1.753	ESTABLE
7184	0.259	1.954	1.91	ESTABLE
11718	0.235	1.699	1.705	ESTABLE
14457	0.26	2.033	1.935	ESTABLE
4411	0.24	1.678	1.833	INESTABLE
4623	0.247	1.751	1.716	ESTABLE
1676	0.239	1.743	1.767	ESTABLE
3047	0.226	1.521	1.643	ESTABLE
363	0.25	1.963	1.848	ESTABLE
18102	0.258	1.925	1.82	ESTABLE
814	0.234	1.803	1.845	ESTABLE
2493	0.225	1.675	1.632	ESTABLE
318	0.25	1.834	1.862	ESTABLE
15959	0.21	1.457	1.531	ESTABLE
3077	0.226	1.585	1.625	ESTABLE
8061	0.235	1.756	1.744	ESTABLE
19147	0.221	1.534	1.571	ESTABLE
11477	0.225	1.687	1.69	ESTABLE
4459	0.248	1.834	1.865	ESTABLE
7419	0.268	2.045	1.947	ESTABLE
16171	0.212	1.492	1.509	ESTABLE
7461	0.258	2.039	1.951	ESTABLE
15741	0.227	1.601	1.656	ESTABLE
1809	0.232	1.657	1.637	ESTABLE
4745	0.241	1.74	1.889	ESTABLE
2239	0.209	1.5	1.449	ESTABLE
16854	0.247	1.91	1.875	ESTABLE
1122	0.238	1.774	1.856	ESTABLE
19469	0.211	1.522	1.629	ESTABLE
3081	0.222	1.485	1.614	ESTABLE
6766	0.24	1.622	1.708	ESTABLE
4405	0.251	1.888	1.805	ESTABLE
16844	0.253	1.895	1.878	ESTABLE
8716	0.219	1.629	1.598	ESTABLE
18875	0.225	1.6	1.608	ESTABLE
10625	0.249	1.902	1.88	ESTABLE
4665	0.255	1.836	1.87	ESTABLE
4455	0.234	1.775	1.774	ESTABLE
18758	0.215	1.585	1.487	ESTABLE
11370	0.234	1.845	1.644	INESTABLE
13232	0.235	1.782	1.768	ESTABLE
10047	0.237	1.687	1.738	ESTABLE
13107	0.249	1.74	1.719	ESTABLE
12527	0.209	1.458	1.416	ESTABLE
15072	0.225	1.684	1.642	ESTABLE
3925	0.263	1.989	1.879	ESTABLE
10246	0.241	1.735	1.769	ESTABLE
6918	0.231	1.697	1.665	ESTABLE
1298	0.264	1.898	1.895	ESTABLE
16160	0.217	1.528	1.5	ESTABLE
3615	0.248	1.889	1.915	ESTABLE
6200	0.239	1.718	1.626	ESTABLE
13573	0.241	1.731	1.777	ESTABLE
6386	0.227	1.658	1.694	ESTABLE
10584	0.248	1.792	1.945	INESTABLE
14992	0.216	1.592	1.611	ESTABLE
11714	0.213	1.66	1.633	ESTABLE
2676	0.22	1.649	1.652	ESTABLE
4095	0.256	1.891	1.875	ESTABLE
6468	0.228	1.611	1.704	ESTABLE
17223	0.246	1.823	1.842	ESTABLE
19474	0.208	1.458	1.484	ESTABLE
6746	0.234	1.599	1.66	ESTABLE
3090	0.219	1.543	1.584	ESTABLE
18293	0.226	1.65	1.622	ESTABLE
8982	0.204	1.475	1.438	ESTABLE
119	0.245	1.748	1.74	ESTABLE
15403	0.229	1.537	1.663	ESTABLE
3789	0.262	1.979	1.93	ESTABLE
17961	0.251	1.893	1.85	ESTABLE
17945	0.261	1.902	1.899	ESTABLE
13074	0.226	1.65	1.638	ESTABLE
7053	0.247	1.876	1.83	ESTABLE
12549	0.209	1.507	1.45	ESTABLE
150	0.244	1.781	1.694	ESTABLE
4909	0.249	1.738	1.836	ESTABLE
19368	0.212	1.547	1.598	ESTABLE
12378	0.218	1.514	1.581	ESTABLE
8060	0.257	1.796	1.823	ESTABLE
15644	0.213	1.551	1.603	ESTABLE
137	0.253	1.883	1.827	ESTABLE
8768	0.219	1.51	1.632	ESTABLE
7688	0.261	1.903	1.86	ESTABLE
4699	0.244	1.734	1.856	ESTABLE
5635	0.215	1.571	1.453	ESTABLE
2234	0.204	1.488	1.388	ESTABLE
13893	0.245	1.836	1.937	ESTABLE
19386	0.22	1.552	1.609	ESTABLE
13360	0.244	1.845	1.721	ESTABLE
8575	0.223	1.701	1.769	ESTABLE
2	0.235	1.716	1.687	ESTABLE
18388	0.226	1.749	1.612	ESTABLE
4974	0.254	1.829	1.877	ESTABLE
18612	0.212	1.568	1.491	ESTABLE
18766	0.216	1.641	1.545	ESTABLE
6754	0.223	1.548	1.605	ESTABLE
5993	0.214	1.619	1.598	ESTABLE
5045	0.246	1.778	1.73	ESTABLE
7240	0.27	2	1.968	ESTABLE
1468	0.246	1.815	1.814	ESTABLE
13185	0.235	1.716	1.763	ESTABLE
3722	0.253	1.866	1.904	ESTABLE
8842	0.225	1.542	1.554	ESTABLE
15054	0.219	1.6	1.546	ESTABLE
5689	0.213	1.496	1.468	ESTABLE
5074	0.23	1.762	1.758	ESTABLE
16296	0.221	1.468	1.521	ESTABLE
10479	0.245	1.77	1.817	ESTABLE
10483	0.257	1.804	1.893	ESTABLE
8577	0.226	1.655	1.735	ESTABLE
7127	0.249	1.881	1.916	ESTABLE
9241	0.21	1.515	1.507	ESTABLE
14374	0.257	1.914	1.91	ESTABLE
10418	0.241	1.695	1.804	ESTABLE
17770	0.26	1.932	1.945	ESTABLE
19258	0.219	1.553	1.581	ESTABLE
7481	0.258	1.995	1.899	ESTABLE
16420	0.221	1.756	1.557	INESTABLE
17349	0.243	1.74	1.876	ESTABLE
2901	0.22	1.623	1.656	ESTABLE
14995	0.246	1.676	1.655	ESTABLE
19468	0.222	1.541	1.615	ESTABLE
18337	0.239	1.743	1.649	ESTABLE
19593	0.218	1.54	1.556	ESTABLE
14613	0.255	1.892	1.881	ESTABLE
4464	0.241	1.759	1.805	ESTABLE
8857	0.216	1.535	1.511	ESTABLE
14269	0.256	1.922	2.016	ESTABLE
16881	0.249	1.779	1.813	ESTABLE
7802	0.255	1.905	1.817	ESTABLE
14160	0.254	1.852	1.872	ESTABLE
5329	0.228	1.657	1.602	ESTABLE
14637	0.257	1.862	1.916	ESTABLE
5847	0.222	1.581	1.509	ESTABLE
10872	0.26	2.008	1.999	ESTABLE
576	0.24	1.868	1.793	ESTABLE
469	0.257	1.969	1.806	INESTABLE
2796	0.213	1.538	1.601	ESTABLE
16028	0.214	1.445	1.56	ESTABLE
19863	0.222	1.57	1.519	ESTABLE
16495	0.225	1.741	1.627	ESTABLE
18867	0.221	1.568	1.577	ESTABLE
10265	0.237	1.709	1.741	ESTABLE
18588	0.227	1.609	1.568	ESTABLE
4656	0.245	1.841	1.862	ESTABLE
12085	0.235	1.608	1.644	ESTABLE
4054	0.259	1.948	1.914	ESTABLE
3758	0.265	1.958	1.914	ESTABLE
5069	0.24	1.737	1.779	ESTABLE
6388	0.237	1.664	1.738	ESTABLE
10729	0.259	2.01	1.956	ESTABLE
1382	0.242	1.881	1.887	ESTABLE
2545	0.225	1.624	1.574	ESTABLE
10127	0.238	1.663	1.722	ESTABLE
4301	0.249	1.894	1.859	ESTABLE
15487	0.241	1.705	1.686	ESTABLE
17225	0.245	1.809	1.79	ESTABLE
16785	0.242	1.846	1.803	ESTABLE
8585	0.221	1.676	1.767	ESTABLE
6505	0.224	1.581	1.721	ESTABLE
12631	0.202	1.494	1.433	ESTABLE
432	0.245	1.919	1.808	ESTABLE
15657	0.227	1.591	1.618	ESTABLE
8986	0.211	1.441	1.513	ESTABLE
7753	0.249	1.876	1.828	ESTABLE
14397	0.265	1.964	1.941	ESTABLE
1046	0.243	1.83	1.901	ESTABLE
1566	0.238	1.768	1.827	ESTABLE
1688	0.234	1.761	1.7	ESTABLE
6506	0.225	1.63	1.717	ESTABLE
2735	0.223	1.595	1.602	ESTABLE
3451	0.244	1.792	1.753	ESTABLE
14853	0.216	1.706	1.65	ESTABLE
12284	0.211	1.507	1.557	ESTABLE
14600	0.256	1.932	1.883	ESTABLE
12188	0.229	1.55	1.674	ESTABLE
4123	0.26	1.9	1.892	ESTABLE
10847	0.262	2.029	2.008	ESTABLE
17655	0.252	1.848	1.921	ESTABLE
11924	0.24	1.667	1.732	ESTABLE
2049	0.215	1.564	1.44	ESTABLE
379	0.253	1.867	1.898	ESTABLE
16351	0.216	1.607	1.58	ESTABLE
15578	0.233	1.651	1.719	ESTABLE
2742	0.23	1.59	1.643	ESTABLE
6783	0.236	1.611	1.703	ESTABLE
7378	0.254	1.99	1.943	ESTABLE
8536	0.252	1.805	1.853	ESTABLE
9617	0.222	1.702	1.665	ESTABLE
15726	0.23	1.637	1.712	ESTABLE
5951	0.217	1.608	1.582	ESTABLE
14137	0.265	1.944	2.007	ESTABLE
12796	0.218	1.519	1.453	ESTABLE
7290	0.263	2.033	1.967	ESTABLE
16492	0.238	1.653	1.674	ESTABLE
16824	0.255	1.875	1.851	ESTABLE
19142	0.244	1.67	1.769	ESTABLE
9919	0.237	1.747	1.778	ESTABLE
4383	0.232	1.806	1.759	ESTABLE
18429	0.214	1.616	1.56	ESTABLE
4774	0.243	1.823	1.848	ESTABLE
10699	0.258	1.894	1.937	ESTABLE
5192	0.237	1.703	1.734	ESTABLE
5137	0.24	1.736	1.698	ESTABLE
3740	0.248	1.929	1.91	ESTABLE
5630	0.213	1.502	1.417	ESTABLE
2655	0.226	1.574	1.612	ESTABLE
1297	0.242	1.856	1.873	ESTABLE
1169	0.258	1.888	1.903	ESTABLE
13909	0.244	1.72	1.803	ESTABLE
6632	0.233	1.621	1.73	ESTABLE
9366	0.213	1.572	1.472	ESTABLE
10033	0.246	1.737	1.786	ESTABLE
10343	0.241	1.726	1.756	ESTABLE
6912	0.243	1.747	1.776	ESTABLE
5528	0.215	1.599	1.515	ESTABLE
15303	0.222	1.625	1.671	ESTABLE
10496	0.241	1.789	1.797	ESTABLE
2746	0.235	1.624	1.643	ESTABLE
14226	0.261	1.977	1.993	ESTABLE
2374	0.215	1.508	1.576	ESTABLE
10350	0.237	1.738	1.819	ESTABLE
16376	0.22	1.588	1.487	ESTABLE
17713	0.252	1.896	1.961	ESTABLE
18731	0.208	1.609	1.537	ESTABLE
6244	0.235	1.608	1.629	ESTABLE
1285	0.257	1.923	1.976	ESTABLE
7323	0.267	2.045	2.002	ESTABLE
16928	0.245	1.831	1.865	ESTABLE
15278	0.221	1.626	1.588	ESTABLE
7988	0.242	1.706	1.743	ESTABLE
8364	0.24	1.69	1.861	INESTABLE
19966	0.236	1.711	1.704	ESTABLE
5327	0.239	1.699	1.682	ESTABLE
17253	0.242	1.779	1.827	ESTABLE
4664	0.246	1.79	1.84	ESTABLE
12785	0.206	1.491	1.486	ESTABLE
2860	0.23	1.565	1.648	ESTABLE
8822	0.221	1.599	1.56	ESTABLE
10636	0.243	1.839	1.823	ESTABLE
10648	0.257	1.996	1.926	ESTABLE
14589	0.248	1.86	1.818	ESTABLE
9452	0.222	1.614	1.509	ESTABLE
3260	0.226	1.628	1.709	ESTABLE
9922	0.235	1.746	1.743	ESTABLE
18104	0.252	1.787	1.829	ESTABLE
14211	0.26	1.914	1.907	ESTABLE
16746	0.262	1.934	1.864	ESTABLE
19774	0.214	1.559	1.546	ESTABLE
6747	0.228	1.611	1.718	ESTABLE
325	0.253	1.934	1.866	ESTABLE
5639	0.219	1.473	1.438	ESTABLE
17502	0.244	1.809	1.797	ESTABLE
13272	0.238	1.722	1.685	ESTABLE
9134	0.207	1.522	1.563	ESTABLE
9181	0.217	1.512	1.409	ESTABLE
5904	0.216	1.579	1.549	ESTABLE
5915	0.211	1.606	1.565	ESTABLE
4257	0.25	1.845	1.799	ESTABLE
5484	0.225	1.572	1.539	ESTABLE
12200	0.225	1.616	1.696	ESTABLE
7371	0.268	1.978	1.958	ESTABLE
15014	0.228	1.688	1.672	ESTABLE
10320	0.233	1.716	1.748	ESTABLE
13746	0.247	1.835	1.811	ESTABLE
17970	0.252	1.859	1.896	ESTABLE
15858	0.216	1.467	1.556	ESTABLE
17914	0.261	2.017	1.966	ESTABLE
3531	0.251	1.856	1.823	ESTABLE
984	0.241	1.778	1.837	ESTABLE
2677	0.224	1.637	1.65	ESTABLE
11314	0.24	1.878	1.829	ESTABLE
1622	0.239	1.763	1.753	ESTABLE
18942	0.218	1.623	1.65	ESTABLE
782	0.256	1.847	1.859	ESTABLE
9304	0.214	1.59	1.484	ESTABLE
19202	0.221	1.598	1.681	ESTABLE
17201	0.233	1.808	1.787	ESTABLE
4112	0.251	1.933	1.901	ESTABLE
4916	0.245	1.739	1.832	ESTABLE
18596	0.226	1.604	1.586	ESTABLE
12867	0.218	1.545	1.554	ESTABLE
14728	0.246	1.787	1.797	ESTABLE
11806	0.227	1.667	1.704	ESTABLE
17851	0.257	1.916	1.974	ESTABLE
8471	0.245	1.738	1.862	ESTABLE
10333	0.241	1.769	1.786	ESTABLE
13917	0.245	1.809	1.871	ESTABLE
18253	0.241	1.805	1.67	ESTABLE
19760	0.228	1.573	1.557	ESTABLE
6907	0.235	1.717	1.772	ESTABLE
2894	0.218	1.561	1.601	ESTABLE
14723	0.242	1.801	1.776	ESTABLE
17174	0.247	1.931	1.824	ESTABLE
7750	0.251	1.81	1.813	ESTABLE
15016	0.226	1.654	1.627	ESTABLE
16099	0.22	1.53	1.487	ESTABLE
18297	0.234	1.722	1.651	ESTABLE
2390	0.232	1.555	1.665	ESTABLE
3213	0.216	1.532	1.601	ESTABLE
15713	0.212	1.554	1.597	ESTABLE
14030	0.258	1.86	1.907	ESTABLE
7082	0.252	1.859	1.884	ESTABLE
9099	0.21	1.436	1.472	ESTABLE
3864	0.268	2.019	1.908	ESTABLE
13175	0.246	1.788	1.773	ESTABLE
4423	0.243	1.774	1.792	ESTABLE
11810	0.225	1.734	1.646	ESTABLE
1637	0.249	1.822	1.823	ESTABLE
13340	0.23	1.739	1.656	ESTABLE
3745	0.245	1.874	1.771	ESTABLE
11240	0.226	1.862	1.759	ESTABLE
9436	0.22	1.562	1.553	ESTABLE
2149	0.217	1.565	1.499	ESTABLE
9362	0.218	1.556	1.447	ESTABLE
2948	0.23	1.619	1.691	ESTABLE
17689	0.257	1.938	2.058	ESTABLE
17075	0.241	1.836	1.752	ESTABLE
6564	0.217	1.613	1.596	ESTABLE
13998	0.246	1.781	1.849	ESTABLE
5982	0.213	1.599	1.515	ESTABLE
6100	0.213	1.652	1.599	ESTABLE
12324	0.223	1.542	1.603	ESTABLE
16179	0.202	1.469	1.473	ESTABLE
6867	0.249	1.733	1.837	ESTABLE
3450	0.228	1.654	1.679	ESTABLE
6946	0.232	1.698	1.725	ESTABLE
8172	0.244	1.699	1.731	ESTABLE
16821	0.235	1.813	1.835	ESTABLE
5996	0.226	1.613	1.612	ESTABLE
5622	0.212	1.507	1.445	ESTABLE
10045	0.234	1.74	1.705	ESTABLE
7723	0.258	1.903	1.867	ESTABLE
4414	0.246	1.751	1.741	ESTABLE
3886	0.25	1.968	1.841	ESTABLE
18911	0.227	1.638	1.601	ESTABLE
8988	0.194	1.461	1.396	ESTABLE
3067	0.218	1.564	1.624	ESTABLE
4255	0.248	1.873	1.798	ESTABLE
19059	0.228	1.593	1.659	ESTABLE
10040	0.237	1.697	1.783	ESTABLE
5925	0.212	1.546	1.541	ESTABLE
5332	0.23	1.654	1.601	ESTABLE
1651	0.239	1.786	1.735	ESTABLE
9520	0.222	1.658	1.612	ESTABLE
6217	0.226	1.617	1.659	ESTABLE
15096	0.217	1.582	1.554	ESTABLE
11045	0.264	1.988	1.91	ESTABLE
19425	0.22	1.524	1.578	ESTABLE
138	0.233	1.841	1.778	ESTABLE
11293	0.25	1.847	1.816	ESTABLE
5172	0.226	1.68	1.67	ESTABLE
17620	0.247	1.814	1.861	ESTABLE
8491	0.242	1.756	1.851	ESTABLE
11441	0.251	1.828	1.782	ESTABLE
1973	0.225	1.529	1.581	ESTABLE
7491	0.269	2	1.941	ESTABLE
2864	0.223	1.612	1.596	ESTABLE
12713	0.208	1.47	1.467	ESTABLE
16403	0.234	1.703	1.579	ESTABLE
18751	0.22	1.581	1.514	ESTABLE
6451	0.227	1.622	1.646	ESTABLE
5690	0.204	1.466	1.372	ESTABLE
8233	0.24	1.712	1.77	ESTABLE
17146	0.238	1.825	1.828	ESTABLE
8860	0.223	1.55	1.549	ESTABLE
7837	0.245	1.884	1.801	ESTABLE
6934	0.227	1.703	1.765	ESTABLE
19491	0.228	1.513	1.545	ESTABLE
8614	0.232	1.618	1.655	ESTABLE
888	0.241	1.763	1.892	ESTABLE
2102	0.199	1.506	1.492	ESTABLE
9449	0.227	1.572	1.622	ESTABLE
12291	0.216	1.55	1.547	ESTABLE
3639	0.259	1.88	1.848	ESTABLE
15783	0.216	1.499	1.562	ESTABLE
17721	0.266	1.93	1.962	ESTABLE
8375	0.241	1.686	1.757	ESTABLE
14671	0.246	1.898	1.824	ESTABLE
16073	0.202	1.491	1.471	ESTABLE
8042	0.243	1.675	1.755	ESTABLE
4502	0.258	1.783	1.83	ESTABLE
14234	0.269	2.005	2.032	ESTABLE
17910	0.257	1.906	1.894	ESTABLE
14435	0.272	2	1.949	ESTABLE
8067	0.246	1.774	1.81	ESTABLE
5168	0.234	1.689	1.722	ESTABLE
10170	0.245	1.703	1.778	ESTABLE
6082	0.227	1.649	1.644	ESTABLE
15000	0.218	1.635	1.555	ESTABLE
15210	0.226	1.592	1.592	ESTABLE
693	0.253	1.847	1.842	ESTABLE
8872	0.215	1.586	1.606	ESTABLE
14043	0.245	1.773	1.873	ESTABLE
12522	0.216	1.444	1.495	ESTABLE
19271	0.225	1.531	1.612	ESTABLE
10057	0.241	1.658	1.734	ESTABLE
8072	0.242	1.752	1.766	ESTABLE
10870	0.255	1.986	1.908	ESTABLE
11073	0.265	1.987	1.827	INESTABLE
1286	0.261	1.899	1.87	ESTABLE
1965	0.212	1.578	1.436	ESTABLE
1748	0.238	1.653	1.67	ESTABLE
16333	0.217	1.558	1.566	ESTABLE
2556	0.227	1.611	1.664	ESTABLE
5834	0.224	1.639	1.501	ESTABLE
10136	0.224	1.677	1.766	ESTABLE
13703	0.255	1.819	1.742	ESTABLE
4092	0.25	1.942	1.851	ESTABLE
13680	0.239	1.775	1.862	ESTABLE
3323	0.242	1.677	1.657	ESTABLE
3756	0.245	1.816	1.817	ESTABLE
15179	0.234	1.607	1.766	INESTABLE
17117	0.243	1.854	1.813	ESTABLE
19562	0.212	1.489	1.546	ESTABLE
19816	0.22	1.562	1.583	ESTABLE
12050	0.227	1.696	1.741	ESTABLE
17836	0.268	1.908	1.952	ESTABLE
3272	0.227	1.652	1.585	ESTABLE
12077	0.237	1.74	1.822	ESTABLE
16486	0.233	1.681	1.623	ESTABLE
18738	0.21	1.487	1.538	ESTABLE
11193	0.261	1.971	1.864	ESTABLE
12226	0.216	1.584	1.646	ESTABLE
2995	0.225	1.6	1.625	ESTABLE
4409	0.243	1.762	1.741	ESTABLE
9400	0.208	1.58	1.488	ESTABLE
14653	0.243	1.932	1.814	ESTABLE
19771	0.228	1.717	1.713	ESTABLE
5793	0.211	1.549	1.436	ESTABLE
5143	0.235	1.687	1.67	ESTABLE
7808	0.245	1.855	1.797	ESTABLE
2925	0.231	1.608	1.624	ESTABLE
18807	0.214	1.533	1.587	ESTABLE
1246	0.254	1.918	1.886	ESTABLE
5604	0.22	1.523	1.481	ESTABLE
13453	0.239	1.741	1.824	ESTABLE
12269	0.229	1.52	1.665	ESTABLE
11038	0.255	1.955	1.92	ESTABLE
18316	0.23	1.704	1.596	ESTABLE
1524	0.255	1.813	1.825	ESTABLE
4707	0.245	1.831	1.87	ESTABLE
15785	0.229	1.534	1.673	ESTABLE
15157	0.222	1.636	1.586	ESTABLE
13635	0.253	1.761	1.745	ESTABLE
11483	0.234	1.769	1.778	ESTABLE
160	0.251	1.85	1.8	ESTABLE
8777	0.213	1.62	1.599	ESTABLE
8463	0.228	1.7	1.754	ESTABLE
14806	0.228	1.815	1.698	ESTABLE
6758	0.222	1.628	1.686	ESTABLE
5173	0.242	1.744	1.665	ESTABLE
13110	0.241	1.709	1.709	ESTABLE
3768	0.254	1.945	1.817	ESTABLE
11489	0.24	1.665	1.751	ESTABLE
11091	0.246	1.891	1.883	ESTABLE
3611	0.252	1.871	1.837	ESTABLE
12922	0.226	1.609	1.602	ESTABLE
15878	0.202	1.367	1.513	ESTABLE
6270	0.22	1.688	1.654	ESTABLE
1107	0.257	1.776	1.861	ESTABLE
4225	0.241	1.824	1.793	ESTABLE
1905	0.22	1.583	1.559	ESTABLE
17568	0.252	1.817	1.832	ESTABLE
19077	0.227	1.601	1.618	ESTABLE
14124	0.244	1.947	1.916	ESTABLE
9615	0.227	1.704	1.7	ESTABLE
14689	0.249	1.797	1.794	ESTABLE
7549	0.256	1.928	1.921	ESTABLE
11168	0.249	1.966	1.857	ESTABLE
7518	0.255	2.002	1.892	ESTABLE
19339	0.237	1.586	1.669	ESTABLE
5566	0.213	1.45	1.449	ESTABLE
12411	0.213	1.464	1.552	ESTABLE
3986	0.258	2.03	2.025	ESTABLE
12616	0.204	1.439	1.402	ESTABLE
7924	0.246	1.851	1.796	ESTABLE
9227	0.208	1.499	1.404	ESTABLE
6179	0.23	1.703	1.666	ESTABLE
7255	0.26	2.019	1.924	ESTABLE
11374	0.236	1.767	1.692	ESTABLE
4099	0.259	1.928	1.895	ESTABLE
14997	0.23	1.731	1.671	ESTABLE
12999	0.205	1.564	1.605	ESTABLE
13323	0.258	1.899	1.81	ESTABLE
8814	0.215	1.597	1.629	ESTABLE
14355	0.263	1.949	1.988	ESTABLE
4223	0.252	1.891	1.835	ESTABLE
8410	0.241	1.695	1.775	ESTABLE
13156	0.231	1.73	1.673	ESTABLE
1918	0.224	1.598	1.56	ESTABLE
16398	0.22	1.625	1.481	ESTABLE
4822	0.252	1.79	1.862	ESTABLE
8244	0.24	1.628	1.775	ESTABLE
1186	0.25	1.797	1.937	ESTABLE
9153	0.207	1.442	1.454	ESTABLE
15715	0.225	1.571	1.632	ESTABLE
8295	0.235	1.732	1.731	ESTABLE
19090	0.218	1.674	1.585	ESTABLE
2868	0.22	1.574	1.61	ESTABLE
4278	0.246	1.831	1.771	ESTABLE
16411	0.214	1.573	1.495	ESTABLE
9420	0.198	1.503	1.517	ESTABLE
6619	0.227	1.596	1.673	ESTABLE
7451	0.267	1.954	1.974	ESTABLE
17392	0.243	1.761	1.894	ESTABLE
17659	0.247	1.803	1.893	ESTABLE
16278	0.215	1.486	1.516	ESTABLE
4531	0.25	1.776	1.837	ESTABLE
13362	0.231	1.812	1.821	ESTABLE
16490	0.222	1.704	1.604	ESTABLE
5704	0.213	1.478	1.491	ESTABLE
17410	0.241	1.778	1.817	ESTABLE
19109	0.221	1.494	1.638	ESTABLE
18846	0.227	1.646	1.638	ESTABLE
11898	0.243	1.715	1.78	ESTABLE
4662	0.243	1.812	1.849	ESTABLE
9005	0.198	1.444	1.444	ESTABLE
1478	0.253	1.891	1.857	ESTABLE
1125	0.252	1.862	1.848	ESTABLE
19266	0.242	1.628	1.711	ESTABLE
12074	0.219	1.562	1.653	ESTABLE
18638	0.229	1.617	1.541	ESTABLE
8483	0.232	1.673	1.792	ESTABLE
16347	0.238	1.633	1.594	ESTABLE
9603	0.227	1.636	1.648	ESTABLE
15071	0.231	1.641	1.608	ESTABLE
6475	0.227	1.621	1.656	ESTABLE
10972	0.258	1.955	1.877	ESTABLE
5786	0.218	1.508	1.485	ESTABLE
6545	0.227	1.66	1.698	ESTABLE
12775	0.22	1.543	1.452	ESTABLE
4521	0.236	1.763	1.784	ESTABLE
1423	0.257	1.892	1.893	ESTABLE
2580	0.215	1.562	1.629	ESTABLE
5	0.223	1.772	1.642	ESTABLE
16013	0.212	1.476	1.545	ESTABLE
3920	0.259	1.967	1.867	ESTABLE
5894	0.211	1.598	1.468	ESTABLE
591	0.237	1.891	1.776	ESTABLE
11044	0.265	2.014	2.021	ESTABLE
18492	0.224	1.644	1.5	ESTABLE
19158	0.229	1.617	1.641	ESTABLE
3796	0.245	1.875	1.88	ESTABLE
11444	0.245	1.767	1.68	ESTABLE
8452	0.241	1.747	1.771	ESTABLE
8365	0.238	1.823	1.784	ESTABLE
17439	0.238	1.805	1.847	ESTABLE
12845	0.219	1.582	1.54	ESTABLE
551	0.253	1.83	1.874	ESTABLE
3191	0.22	1.521	1.632	ESTABLE
4686	0.243	1.753	1.902	ESTABLE
8490	0.245	1.715	1.765	ESTABLE
13172	0.239	1.793	1.776	ESTABLE
10763	0.265	2.011	1.997	ESTABLE
13936	0.257	1.878	1.815	ESTABLE
16156	0.207	1.547	1.591	ESTABLE
176	0.253	1.866	1.809	ESTABLE
7193	0.264	2.026	1.908	ESTABLE
8100	0.233	1.737	1.694	ESTABLE
10491	0.225	1.816	1.831	ESTABLE
16621	0.237	1.802	1.708	ESTABLE
13439	0.248	1.812	1.865	ESTABLE
15493	0.221	1.626	1.626	ESTABLE
942	0.245	1.788	1.822	ESTABLE
9789	0.237	1.743	1.746	ESTABLE
11659	0.222	1.638	1.607	ESTABLE
4694	0.248	1.8	1.79	ESTABLE
8537	0.244	1.664	1.776	ESTABLE
10751	0.254	1.962	1.917	ESTABLE
10060	0.224	1.647	1.763	ESTABLE
6565	0.23	1.626	1.66	ESTABLE
6297	0.24	1.664	1.75	ESTABLE
11871	0.242	1.754	1.779	ESTABLE
16297	0.228	1.611	1.544	ESTABLE
9979	0.233	1.685	1.728	ESTABLE
1312	0.251	1.817	1.862	ESTABLE
6076	0.218	1.583	1.64	ESTABLE
15883	0.213	1.582	1.547	ESTABLE
4311	0.234	1.751	1.838	ESTABLE
1050	0.251	1.789	1.931	ESTABLE
19642	0.203	1.52	1.546	ESTABLE
19730	0.216	1.598	1.559	ESTABLE
9835	0.232	1.667	1.7	ESTABLE
7728	0.252	1.904	1.834	ESTABLE
16665	0.219	1.689	1.73	ESTABLE
19115	0.211	1.576	1.622	ESTABLE
1493	0.255	1.799	1.878	ESTABLE
13179	0.238	1.869	1.815	ESTABLE
87	0.243	1.74	1.812	ESTABLE
10419	0.231	1.709	1.792	ESTABLE
6376	0.229	1.642	1.711	ESTABLE
2634	0.227	1.628	1.612	ESTABLE
853	0.255	1.808	1.873	ESTABLE
11581	0.225	1.643	1.705	ESTABLE
11216	0.253	1.936	1.798	ESTABLE
11421	0.237	1.73	1.725	ESTABLE
15208	0.225	1.616	1.598	ESTABLE
9021	0.217	1.459	1.428	ESTABLE
18594	0.212	1.63	1.476	INESTABLE
5545	0.206	1.461	1.459	ESTABLE
17758	0.258	1.868	1.97	ESTABLE
6563	0.223	1.538	1.627	ESTABLE
19063	0.222	1.617	1.692	ESTABLE
3514	0.239	1.873	1.79	ESTABLE
1643	0.252	1.79	1.838	ESTABLE
2651	0.23	1.6	1.649	ESTABLE
19590	0.228	1.512	1.564	ESTABLE
12831	0.22	1.582	1.613	ESTABLE
7318	0.26	1.976	2.026	ESTABLE
18699	0.224	1.635	1.521	ESTABLE
16498	0.239	1.688	1.638	ESTABLE
16730	0.257	1.91	1.828	ESTABLE
17850	0.258	1.989	1.912	ESTABLE
14153	0.256	1.883	1.856	ESTABLE
14009	0.243	1.799	1.88	ESTABLE
2263	0.206	1.514	1.472	ESTABLE
12056	0.221	1.583	1.732	ESTABLE
18038	0.246	1.89	1.858	ESTABLE
11559	0.239	1.736	1.641	ESTABLE
16581	0.241	1.779	1.731	ESTABLE
16275	0.213	1.634	1.523	ESTABLE
17261	0.239	1.776	1.788	ESTABLE
5025	0.249	1.786	1.847	ESTABLE
17189	0.248	1.767	1.878	ESTABLE
7926	0.236	1.76	1.769	ESTABLE
9092	0.202	1.442	1.367	ESTABLE
9161	0.212	1.559	1.449	ESTABLE
6066	0.223	1.582	1.634	ESTABLE
2929	0.225	1.574	1.602	ESTABLE
7905	0.226	1.759	1.728	ESTABLE
9136	0.215	1.517	1.503	ESTABLE
12842	0.213	1.529	1.444	ESTABLE
9046	0.209	1.45	1.492	ESTABLE
17205	0.253	1.862	1.932	ESTABLE
3338	0.235	1.577	1.712	ESTABLE
19983	0.228	1.666	1.711	ESTABLE
6512	0.235	1.572	1.741	INESTABLE
11152	0.262	1.936	1.835	ESTABLE
4515	0.245	1.759	1.835	ESTABLE
10026	0.232	1.697	1.729	ESTABLE
5991	0.221	1.564	1.521	ESTABLE
9252	0.232	1.563	1.52	ESTABLE
6940	0.213	1.647	1.676	ESTABLE
8784	0.217	1.575	1.591	ESTABLE
14008	0.239	1.752	1.844	ESTABLE
4282	0.244	1.876	1.806	ESTABLE
4156	0.263	1.899	1.867	ESTABLE
9591	0.226	1.674	1.618	ESTABLE
10676	0.244	1.908	1.917	ESTABLE
6981	0.246	1.796	1.82	ESTABLE
2536	0.225	1.633	1.622	ESTABLE
1747	0.237	1.653	1.711	ESTABLE
16397	0.225	1.569	1.554	ESTABLE
18637	0.218	1.549	1.54	ESTABLE
17915	0.255	1.934	1.933	ESTABLE
13178	0.232	1.757	1.732	ESTABLE
11269	0.244	1.8	1.801	ESTABLE
3366	0.235	1.641	1.606	ESTABLE
15910	0.216	1.505	1.59	ESTABLE
6145	0.222	1.614	1.581	ESTABLE
118	0.237	1.857	1.724	ESTABLE
8516	0.242	1.691	1.773	ESTABLE
1931	0.216	1.648	1.527	ESTABLE
8562	0.242	1.725	1.759	ESTABLE
9470	0.231	1.653	1.569	ESTABLE
19641	0.215	1.492	1.579	ESTABLE
12934	0.215	1.603	1.532	ESTABLE
16005	0.221	1.516	1.493	ESTABLE
11619	0.23	1.727	1.71	ESTABLE
90	0.247	1.786	1.743	ESTABLE
18505	0.228	1.614	1.549	ESTABLE
4224	0.257	1.87	1.825	ESTABLE
6696	0.222	1.517	1.626	ESTABLE
8909	0.217	1.566	1.592	ESTABLE
14365	0.254	1.98	1.924	ESTABLE
18947	0.227	1.588	1.607	ESTABLE
16727	0.251	1.832	1.829	ESTABLE
18490	0.217	1.559	1.574	ESTABLE
14075	0.251	1.884	1.923	ESTABLE
14911	0.229	1.73	1.638	ESTABLE
3810	0.243	1.904	1.907	ESTABLE
12548	0.212	1.483	1.456	ESTABLE
17278	0.24	1.793	1.773	ESTABLE
19535	0.213	1.497	1.526	ESTABLE
15221	0.234	1.612	1.662	ESTABLE
18707	0.22	1.579	1.55	ESTABLE
1601	0.253	1.854	1.9	ESTABLE
9440	0.224	1.606	1.516	ESTABLE
17344	0.241	1.798	1.824	ESTABLE
13717	0.25	1.751	1.798	ESTABLE
12478	0.206	1.44	1.509	ESTABLE
14875	0.23	1.694	1.642	ESTABLE
15481	0.222	1.615	1.68	ESTABLE
13183	0.229	1.743	1.661	ESTABLE
16706	0.255	1.871	1.796	ESTABLE
5743	0.197	1.487	1.485	ESTABLE
6247	0.234	1.608	1.686	ESTABLE
12594	0.219	1.481	1.525	ESTABLE
16574	0.228	1.701	1.706	ESTABLE
17056	0.256	1.774	1.805	ESTABLE
16042	0.2	1.417	1.504	ESTABLE
3760	0.233	1.876	1.822	ESTABLE
7029	0.238	1.805	1.74	ESTABLE
16356	0.221	1.515	1.491	ESTABLE
11431	0.241	1.763	1.749	ESTABLE
712	0.26	1.905	1.903	ESTABLE
14334	0.254	1.962	1.998	ESTABLE
6069	0.221	1.608	1.627	ESTABLE
6893	0.244	1.733	1.768	ESTABLE
8554	0.235	1.676	1.761	ESTABLE
17039	0.241	1.877	1.769	ESTABLE
10638	0.25	1.907	1.879	ESTABLE
11118	0.25	1.867	1.868	ESTABLE
12696	0.197	1.445	1.461	ESTABLE
14696	0.245	1.874	1.724	ESTABLE
20	0.231	1.75	1.676	ESTABLE
13559	0.244	1.802	1.767	ESTABLE
8836	0.211	1.539	1.562	ESTABLE
9888	0.238	1.801	1.872	ESTABLE
17257	0.252	1.83	1.842	ESTABLE
2136	0.225	1.596	1.517	ESTABLE
15197	0.218	1.555	1.552	ESTABLE
18335	0.234	1.773	1.696	ESTABLE
1527	0.243	1.846	1.835	ESTABLE
1926	0.221	1.632	1.499	ESTABLE
18674	0.208	1.517	1.506	ESTABLE
16270	0.215	1.507	1.588	ESTABLE
8707	0.23	1.664	1.644	ESTABLE
12843	0.214	1.552	1.492	ESTABLE
14382	0.263	2.046	1.967	ESTABLE
16786	0.249	1.85	1.912	ESTABLE
9828	0.239	1.724	1.725	ESTABLE
10073	0.234	1.673	1.735	ESTABLE
19312	0.224	1.645	1.607	ESTABLE
18796	0.208	1.584	1.509	ESTABLE
15627	0.225	1.545	1.579	ESTABLE
16676	0.252	1.815	1.781	ESTABLE
9921	0.234	1.667	1.613	ESTABLE
2451	0.222	1.595	1.671	ESTABLE
19098	0.222	1.603	1.63	ESTABLE
17210	0.232	1.795	1.804	ESTABLE
11213	0.253	1.925	1.862	ESTABLE
8264	0.246	1.748	1.726	ESTABLE
14899	0.228	1.751	1.607	ESTABLE
19622	0.206	1.466	1.567	ESTABLE
15716	0.223	1.61	1.67	ESTABLE
3316	0.232	1.59	1.626	ESTABLE
272	0.253	1.917	1.855	ESTABLE
1779	0.227	1.682	1.602	ESTABLE
18028	0.256	1.984	1.908	ESTABLE
16565	0.24	1.748	1.698	ESTABLE
6197	0.228	1.637	1.674	ESTABLE
3766	0.255	1.933	1.855	ESTABLE
1128	0.262	1.9	1.867	ESTABLE
9677	0.237	1.793	1.756	ESTABLE
9774	0.237	1.658	1.689	ESTABLE
7430	0.255	2.023	1.881	ESTABLE
16346	0.224	1.596	1.585	ESTABLE
11233	0.25	1.893	1.809	ESTABLE
11866	0.232	1.616	1.746	ESTABLE
2748	0.223	1.598	1.63	ESTABLE
4334	0.249	1.788	1.854	ESTABLE
8370	0.223	1.678	1.79	ESTABLE
19116	0.225	1.648	1.69	ESTABLE
10211	0.232	1.679	1.755	ESTABLE
17802	0.253	1.922	2.043	ESTABLE
12575	0.202	1.503	1.401	ESTABLE
13443	0.237	1.711	1.786	ESTABLE
18901	0.226	1.533	1.562	ESTABLE
13019	0.235	1.626	1.613	ESTABLE
2339	0.21	1.559	1.483	ESTABLE
17418	0.239	1.834	1.816	ESTABLE
17804	0.247	1.91	1.894	ESTABLE
13605	0.252	1.795	1.803	ESTABLE
3595	0.236	1.837	1.775	ESTABLE
2795	0.223	1.613	1.662	ESTABLE
19354	0.229	1.683	1.629	ESTABLE
14210	0.258	1.959	1.854	ESTABLE
7724	0.24	1.846	1.78	ESTABLE
18069	0.254	1.839	1.862	ESTABLE
7360	0.26	2.014	2.011	ESTABLE
3549	0.238	1.834	1.782	ESTABLE
1405	0.259	1.837	1.926	ESTABLE
4645	0.237	1.675	1.844	INESTABLE
13457	0.241	1.818	1.742	ESTABLE
19438	0.218	1.593	1.591	ESTABLE
11928	0.235	1.609	1.731	ESTABLE
11790	0.232	1.653	1.702	ESTABLE
14394	0.246	1.959	1.892	ESTABLE
15253	0.237	1.696	1.625	ESTABLE
10447	0.234	1.775	1.796	ESTABLE
9235	0.217	1.514	1.452	ESTABLE
9820	0.239	1.711	1.73	ESTABLE
16879	0.25	1.85	1.837	ESTABLE
8465	0.228	1.685	1.726	ESTABLE
2950	0.217	1.602	1.615	ESTABLE
4232	0.253	1.853	1.893	ESTABLE
2726	0.23	1.599	1.627	ESTABLE
917	0.257	1.908	1.878	ESTABLE
2407	0.231	1.598	1.633	ESTABLE
9377	0.226	1.606	1.556	ESTABLE
14595	0.252	1.981	1.871	ESTABLE
643	0.251	1.923	1.838	ESTABLE
8400	0.236	1.732	1.776	ESTABLE
10315	0.238	1.737	1.813	ESTABLE
2208	0.222	1.527	1.511	ESTABLE
2640	0.233	1.636	1.694	ESTABLE
9706	0.228	1.706	1.76	ESTABLE
9397	0.215	1.546	1.526	ESTABLE
2096	0.209	1.533	1.471	ESTABLE
707	0.241	1.794	1.837	ESTABLE
18375	0.229	1.73	1.639	ESTABLE
368	0.253	1.916	1.881	ESTABLE
17067	0.255	1.835	1.866	ESTABLE
13654	0.245	1.75	1.777	ESTABLE
10605	0.26	1.926	1.88	ESTABLE
17554	0.254	1.831	1.963	ESTABLE
9680	0.23	1.72	1.68	ESTABLE
3453	0.226	1.684	1.624	ESTABLE
7849	0.24	1.794	1.782	ESTABLE
7845	0.245	1.825	1.803	ESTABLE
11063	0.253	1.985	1.893	ESTABLE
7890	0.251	1.802	1.858	ESTABLE
1857	0.23	1.637	1.612	ESTABLE
16981	0.234	1.795	1.804	ESTABLE
19829	0.224	1.554	1.667	ESTABLE
13291	0.229	1.869	1.838	ESTABLE
6794	0.241	1.624	1.705	ESTABLE
18893	0.21	1.472	1.569	ESTABLE
10832	0.262	2.053	1.969	ESTABLE
15443	0.237	1.57	1.686	ESTABLE
13385	0.251	1.87	1.817	ESTABLE
11753	0.227	1.755	1.746	ESTABLE
9864	0.238	1.686	1.717	ESTABLE
5935	0.221	1.566	1.528	ESTABLE
2579	0.221	1.609	1.652	ESTABLE
18485	0.208	1.563	1.556	ESTABLE
2462	0.21	1.619	1.609	ESTABLE
3466	0.236	1.803	1.741	ESTABLE
4601	0.254	1.805	1.894	ESTABLE
10543	0.241	1.868	1.842	ESTABLE
18282	0.234	1.746	1.64	ESTABLE
1264	0.253	1.789	1.913	ESTABLE
3769	0.258	1.949	1.866	ESTABLE
2714	0.223	1.581	1.646	ESTABLE
7208	0.275	1.93	1.919	ESTABLE
2277	0.207	1.539	1.506	ESTABLE
17990	0.266	1.925	1.904	ESTABLE
8223	0.243	1.733	1.858	ESTABLE
109	0.259	1.837	1.756	ESTABLE
15919	0.219	1.447	1.588	ESTABLE
14536	0.248	1.928	1.813	ESTABLE
7899	0.234	1.765	1.818	ESTABLE
12987	0.232	1.742	1.682	ESTABLE
7977	0.249	1.812	1.796	ESTABLE
18436	0.219	1.645	1.597	ESTABLE
14217	0.265	2.017	1.968	ESTABLE
13390	0.239	1.718	1.778	ESTABLE
5782	0.202	1.429	1.46	ESTABLE
6650	0.227	1.641	1.651	ESTABLE
8461	0.243	1.693	1.736	ESTABLE
3652	0.26	1.939	1.908	ESTABLE
18851	0.219	1.602	1.663	ESTABLE
17664	0.243	1.866	1.878	ESTABLE
4122	0.253	1.926	1.898	ESTABLE
19299	0.226	1.553	1.66	ESTABLE
18032	0.253	1.843	1.866	ESTABLE
13689	0.234	1.724	1.76	ESTABLE
14717	0.252	1.833	1.812	ESTABLE
15931	0.224	1.522	1.549	ESTABLE
9629	0.237	1.682	1.704	ESTABLE
5986	0.223	1.547	1.553	ESTABLE
6202	0.226	1.629	1.682	ESTABLE
10710	0.263	1.979	1.943	ESTABLE
6172	0.245	1.725	1.676	ESTABLE
19992	0.237	1.777	1.714	ESTABLE
16780	0.246	1.797	1.832	ESTABLE
8919	0.219	1.489	1.458	ESTABLE
17197	0.253	1.832	1.851	ESTABLE
4315	0.253	1.817	1.828	ESTABLE
18245	0.238	1.757	1.76	ESTABLE
13679	0.234	1.735	1.73	ESTABLE
4481	0.246	1.809	1.823	ESTABLE
13593	0.234	1.769	1.745	ESTABLE
10381	0.236	1.616	1.744	ESTABLE
8543	0.231	1.665	1.761	ESTABLE
11531	0.235	1.697	1.786	ESTABLE
19091	0.239	1.664	1.677	ESTABLE
5310	0.234	1.639	1.674	ESTABLE
10626	0.266	1.895	1.951	ESTABLE
15537	0.231	1.589	1.677	ESTABLE
761	0.247	1.817	1.795	ESTABLE
14444	0.267	1.908	1.961	ESTABLE
7449	0.265	1.916	1.945	ESTABLE
15039	0.233	1.682	1.664	ESTABLE
7696	0.253	1.952	1.862	ESTABLE
6359	0.235	1.641	1.67	ESTABLE
5919	0.225	1.65	1.651	ESTABLE
12968	0.222	1.64	1.618	ESTABLE
14873	0.242	1.657	1.686	ESTABLE
8486	0.235	1.656	1.774	ESTABLE
3388	0.237	1.749	1.683	ESTABLE
10955	0.266	2.015	1.988	ESTABLE
702	0.241	1.885	1.807	ESTABLE
3835	0.247	2.001	1.947	ESTABLE
6053	0.226	1.586	1.601	ESTABLE
17108	0.257	1.784	1.888	ESTABLE
19800	0.218	1.48	1.589	ESTABLE
3797	0.251	1.975	1.851	ESTABLE
7990	0.236	1.742	1.786	ESTABLE
18623	0.237	1.583	1.547	ESTABLE
3586	0.243	1.82	1.779	ESTABLE
16518	0.236	1.734	1.603	ESTABLE
5879	0.205	1.555	1.513	ESTABLE
18105	0.241	1.839	1.764	ESTABLE
11994	0.236	1.633	1.812	INESTABLE
12058	0.229	1.693	1.749	ESTABLE
2396	0.224	1.627	1.595	ESTABLE
14291	0.241	1.927	1.926	ESTABLE
15311	0.228	1.645	1.656	ESTABLE
9271	0.215	1.602	1.574	ESTABLE
9280	0.212	1.529	1.411	ESTABLE
2936	0.231	1.65	1.649	ESTABLE
2609	0.213	1.583	1.64	ESTABLE
7311	0.263	1.904	1.914	ESTABLE
2300	0.222	1.564	1.514	ESTABLE
8424	0.241	1.822	1.85	ESTABLE
12407	0.22	1.517	1.584	ESTABLE
2718	0.218	1.668	1.695	ESTABLE
11210	0.25	1.907	1.833	ESTABLE
10061	0.246	1.795	1.797	ESTABLE
13215	0.236	1.718	1.735	ESTABLE
13894	0.249	1.781	1.829	ESTABLE
17005	0.239	1.856	1.79	ESTABLE
10858	0.254	2.019	1.987	ESTABLE
174	0.256	1.936	1.871	ESTABLE
8228	0.232	1.708	1.715	ESTABLE
5962	0.225	1.511	1.56	ESTABLE
6501	0.227	1.584	1.717	ESTABLE
1484	0.246	1.842	1.808	ESTABLE
8363	0.247	1.807	1.825	ESTABLE
8211	0.239	1.679	1.753	ESTABLE
7614	0.251	1.914	1.925	ESTABLE
2194	0.205	1.495	1.42	ESTABLE
4768	0.245	1.829	1.864	ESTABLE
14044	0.24	1.875	1.839	ESTABLE
12014	0.229	1.645	1.702	ESTABLE
9661	0.238	1.707	1.721	ESTABLE
15833	0.212	1.519	1.509	ESTABLE
14606	0.255	1.883	1.852	ESTABLE
3659	0.26	1.886	1.889	ESTABLE
6431	0.225	1.61	1.682	ESTABLE
5994	0.231	1.649	1.646	ESTABLE
15980	0.223	1.52	1.509	ESTABLE
17919	0.269	1.94	2.032	ESTABLE
10714	0.268	1.9	1.935	ESTABLE
7735	0.252	1.806	1.757	ESTABLE
8843	0.225	1.63	1.543	ESTABLE
14648	0.242	1.834	1.816	ESTABLE
8905	0.225	1.51	1.551	ESTABLE
18368	0.224	1.735	1.605	ESTABLE
9038	0.208	1.489	1.447	ESTABLE
601	0.257	1.897	1.805	ESTABLE
14849	0.236	1.77	1.685	ESTABLE
3486	0.238	1.736	1.699	ESTABLE
17835	0.262	1.912	1.974	ESTABLE
12603	0.207	1.471	1.452	ESTABLE
6638	0.224	1.656	1.721	ESTABLE
18632	0.221	1.541	1.483	ESTABLE
9534	0.224	1.696	1.647	ESTABLE
13315	0.248	1.816	1.742	ESTABLE
512	0.259	1.909	1.872	ESTABLE
10349	0.247	1.708	1.792	ESTABLE
8310	0.25	1.738	1.817	ESTABLE
13920	0.252	1.792	1.922	ESTABLE
19685	0.231	1.489	1.566	ESTABLE
14617	0.252	1.902	1.866	ESTABLE
1236	0.248	1.799	1.882	ESTABLE
11919	0.248	1.7	1.793	ESTABLE
1253	0.266	1.833	1.93	ESTABLE
10267	0.231	1.696	1.712	ESTABLE
14522	0.248	1.854	1.924	ESTABLE
12019	0.233	1.705	1.746	ESTABLE
4313	0.245	1.816	1.777	ESTABLE
15633	0.224	1.596	1.661	ESTABLE
8825	0.224	1.585	1.568	ESTABLE
14604	0.26	1.92	1.866	ESTABLE
2294	0.198	1.597	1.505	ESTABLE
15978	0.219	1.545	1.56	ESTABLE
14070	0.249	1.84	1.897	ESTABLE
17260	0.231	1.812	1.851	ESTABLE
13792	0.243	1.772	1.822	ESTABLE
1344	0.25	1.826	1.881	ESTABLE
9939	0.231	1.799	1.747	ESTABLE
10577	0.245	1.87	1.836	ESTABLE
2880	0.218	1.533	1.641	ESTABLE
1784	0.239	1.704	1.622	ESTABLE
9039	0.21	1.501	1.532	ESTABLE
7979	0.241	1.707	1.738	ESTABLE
5005	0.244	1.84	1.8	ESTABLE
12694	0.217	1.425	1.474	ESTABLE
17529	0.239	1.748	1.795	ESTABLE
7297	0.28	2.016	1.933	ESTABLE
17597	0.265	1.828	1.92	ESTABLE
7864	0.24	1.847	1.738	ESTABLE
17726	0.26	1.91	1.905	ESTABLE
5433	0.215	1.545	1.515	ESTABLE
12010	0.229	1.637	1.699	ESTABLE
11135	0.262	1.907	1.856	ESTABLE
2201	0.214	1.54	1.446	ESTABLE
5890	0.214	1.57	1.563	ESTABLE
19332	0.225	1.528	1.583	ESTABLE
4534	0.254	1.806	1.837	ESTABLE
7146	0.255	1.905	1.856	ESTABLE
10500	0.235	1.71	1.817	ESTABLE
12122	0.23	1.595	1.721	ESTABLE
11669	0.237	1.699	1.803	ESTABLE
3630	0.263	1.86	1.921	ESTABLE
12873	0.226	1.565	1.563	ESTABLE
4034	0.253	1.996	1.879	ESTABLE
5132	0.231	1.655	1.724	ESTABLE
80	0.248	1.793	1.683	ESTABLE
16317	0.213	1.597	1.471	ESTABLE
7018	0.252	1.787	1.828	ESTABLE
19866	0.223	1.619	1.647	ESTABLE
13234	0.247	1.811	1.779	ESTABLE
5972	0.208	1.527	1.563	ESTABLE
9288	0.211	1.534	1.443	ESTABLE
9267	0.203	1.379	1.474	ESTABLE
2497	0.231	1.615	1.634	ESTABLE
18351	0.239	1.681	1.624	ESTABLE
11362	0.23	1.675	1.715	ESTABLE
19855	0.223	1.626	1.529	ESTABLE
18506	0.217	1.565	1.631	ESTABLE
17791	0.25	1.838	1.918	ESTABLE
5380	0.217	1.522	1.568	ESTABLE
7384	0.266	2.042	2.03	ESTABLE
7961	0.246	1.787	1.747	ESTABLE
5207	0.233	1.692	1.738	ESTABLE
19426	0.213	1.507	1.574	ESTABLE
19464	0.215	1.518	1.571	ESTABLE
1144	0.246	1.783	1.85	ESTABLE
10151	0.228	1.634	1.721	ESTABLE
4672	0.241	1.772	1.783	ESTABLE
1640	0.25	1.782	1.803	ESTABLE
16141	0.218	1.522	1.453	ESTABLE
10740	0.242	1.933	1.916	ESTABLE
16390	0.229	1.586	1.622	ESTABLE
2101	0.217	1.552	1.483	ESTABLE
19571	0.209	1.537	1.634	ESTABLE
5421	0.224	1.654	1.505	ESTABLE
7983	0.23	1.756	1.686	ESTABLE
9513	0.215	1.542	1.542	ESTABLE
11889	0.229	1.671	1.757	ESTABLE
3235	0.224	1.559	1.631	ESTABLE
1609	0.255	1.797	1.809	ESTABLE
4108	0.257	1.92	1.819	ESTABLE
1104	0.245	1.852	1.873	ESTABLE
16138	0.221	1.497	1.512	ESTABLE
4763	0.252	1.845	1.931	ESTABLE
1199	0.247	1.857	1.932	ESTABLE
9006	0.204	1.494	1.415	ESTABLE
10563	0.261	1.887	1.871	ESTABLE
7558	0.274	2.007	1.979	ESTABLE
8993	0.207	1.457	1.451	ESTABLE
15276	0.231	1.649	1.627	ESTABLE
12306	0.23	1.514	1.673	INESTABLE
13950	0.243	1.847	1.833	ESTABLE
892	0.241	1.794	1.84	ESTABLE
16106	0.219	1.518	1.569	ESTABLE
9295	0.205	1.54	1.508	ESTABLE
13102	0.242	1.781	1.785	ESTABLE
10994	0.257	1.938	1.866	ESTABLE
2972	0.207	1.468	1.578	ESTABLE
1878	0.219	1.65	1.484	INESTABLE
18917	0.22	1.581	1.588	ESTABLE
16197	0.223	1.555	1.599	ESTABLE
13677	0.24	1.778	1.8	ESTABLE
10108	0.232	1.644	1.692	ESTABLE
3618	0.249	1.858	1.849	ESTABLE
3015	0.205	1.519	1.578	ESTABLE
2638	0.222	1.666	1.65	ESTABLE
2334	0.211	1.503	1.538	ESTABLE
8398	0.237	1.76	1.735	ESTABLE
13951	0.238	1.781	1.812	ESTABLE
10583	0.239	1.856	1.896	ESTABLE
14838	0.242	1.73	1.702	ESTABLE
6761	0.222	1.598	1.733	ESTABLE
3470	0.247	1.764	1.74	ESTABLE
5634	0.219	1.6	1.499	ESTABLE
11894	0.219	1.615	1.654	ESTABLE
14804	0.234	1.777	1.715	ESTABLE
17633	0.259	1.839	1.895	ESTABLE
12261	0.214	1.537	1.585	ESTABLE
3442	0.238	1.711	1.743	ESTABLE
4993	0.235	1.74	1.793	ESTABLE
17538	0.257	1.803	1.902	ESTABLE
8971	0.207	1.459	1.536	ESTABLE
16520	0.225	1.746	1.523	INESTABLE
19550	0.214	1.581	1.527	ESTABLE
9776	0.241	1.736	1.708	ESTABLE
9384	0.224	1.577	1.502	ESTABLE
83	0.252	1.824	1.798	ESTABLE
685	0.26	1.904	1.92	ESTABLE
16589	0.247	1.822	1.727	ESTABLE
2317	0.21	1.552	1.461	ESTABLE
9095	0.224	1.444	1.465	ESTABLE
14333	0.254	1.897	1.903	ESTABLE
9069	0.21	1.47	1.517	ESTABLE
183	0.246	1.832	1.794	ESTABLE
16598	0.237	1.786	1.698	ESTABLE
10616	0.265	1.898	1.953	ESTABLE
11950	0.247	1.624	1.787	INESTABLE
14208	0.264	1.889	1.879	ESTABLE
13026	0.231	1.744	1.746	ESTABLE
14978	0.233	1.678	1.663	ESTABLE
14533	0.262	1.921	1.972	ESTABLE
11097	0.258	1.934	1.98	ESTABLE
4884	0.245	1.668	1.826	INESTABLE
2361	0.227	1.616	1.473	ESTABLE
19879	0.224	1.559	1.594	ESTABLE
4833	0.252	1.817	1.902	ESTABLE
8942	0.207	1.532	1.492	ESTABLE
13918	0.246	1.823	1.945	ESTABLE
18111	0.26	1.866	1.897	ESTABLE
13055	0.237	1.702	1.557	ESTABLE
6407	0.227	1.596	1.61	ESTABLE
12235	0.22	1.54	1.651	ESTABLE
2235	0.209	1.532	1.426	ESTABLE
18801	0.215	1.541	1.619	ESTABLE
8741	0.229	1.499	1.597	ESTABLE
2562	0.218	1.552	1.614	ESTABLE
7766	0.244	1.753	1.804	ESTABLE
505	0.263	1.975	1.905	ESTABLE
10826	0.255	1.904	1.901	ESTABLE
15520	0.209	1.549	1.624	ESTABLE
6474	0.234	1.636	1.646	ESTABLE
6250	0.22	1.635	1.645	ESTABLE
19485	0.214	1.488	1.592	ESTABLE
16864	0.249	1.875	1.794	ESTABLE
12539	0.217	1.504	1.404	ESTABLE
18890	0.213	1.587	1.622	ESTABLE
1418	0.243	1.874	1.892	ESTABLE
9938	0.247	1.77	1.778	ESTABLE
4938	0.241	1.767	1.815	ESTABLE
11238	0.265	1.942	1.848	ESTABLE
12893	0.208	1.634	1.43	INESTABLE
4749	0.248	1.807	1.947	ESTABLE
1739	0.24	1.776	1.765	ESTABLE
19876	0.226	1.62	1.658	ESTABLE
15206	0.22	1.652	1.626	ESTABLE
5861	0.214	1.521	1.446	ESTABLE
1190	0.24	1.848	1.925	ESTABLE
17750	0.249	1.784	1.792	ESTABLE
11484	0.234	1.732	1.658	ESTABLE
746	0.246	1.81	1.775	ESTABLE
9595	0.224	1.652	1.649	ESTABLE
12222	0.217	1.499	1.606	ESTABLE
12386	0.228	1.597	1.478	ESTABLE
1037	0.246	1.837	1.794	ESTABLE
10132	0.239	1.709	1.8	ESTABLE
11802	0.233	1.727	1.71	ESTABLE
10510	0.249	1.817	1.876	ESTABLE
97	0.239	1.837	1.783	ESTABLE
8763	0.232	1.618	1.666	ESTABLE
17907	0.266	1.99	1.971	ESTABLE
11032	0.261	1.934	1.933	ESTABLE
6382	0.225	1.652	1.72	ESTABLE
277	0.24	1.896	1.869	ESTABLE
16337	0.224	1.601	1.494	ESTABLE
7095	0.248	1.826	1.845	ESTABLE
6627	0.23	1.658	1.655	ESTABLE
10326	0.229	1.699	1.752	ESTABLE
16664	0.239	1.885	1.755	ESTABLE
18443	0.216	1.616	1.532	ESTABLE
6679	0.229	1.652	1.692	ESTABLE
4238	0.247	1.877	1.82	ESTABLE
14926	0.227	1.73	1.588	ESTABLE
18650	0.224	1.595	1.565	ESTABLE
18716	0.223	1.581	1.524	ESTABLE
9421	0.222	1.658	1.667	ESTABLE
1155	0.256	1.906	1.945	ESTABLE
9144	0.203	1.446	1.418	ESTABLE
4128	0.251	1.909	1.876	ESTABLE
13013	0.222	1.692	1.609	ESTABLE
2917	0.217	1.525	1.606	ESTABLE
15903	0.218	1.525	1.577	ESTABLE
1201	0.243	1.872	1.846	ESTABLE
1434	0.269	1.934	2.007	ESTABLE
17991	0.26	1.989	1.91	ESTABLE
5435	0.231	1.59	1.526	ESTABLE
11746	0.238	1.672	1.76	ESTABLE
7524	0.262	1.975	1.889	ESTABLE
390	0.255	1.889	1.86	ESTABLE
18242	0.249	1.795	1.688	ESTABLE
11241	0.241	1.855	1.779	ESTABLE
12238	0.228	1.544	1.591	ESTABLE
1182	0.243	1.841	1.908	ESTABLE
15397	0.224	1.636	1.585	ESTABLE
13382	0.235	1.772	1.763	ESTABLE
19105	0.238	1.695	1.698	ESTABLE
7131	0.257	1.979	1.955	ESTABLE
12701	0.205	1.534	1.485	ESTABLE
12147	0.232	1.661	1.712	ESTABLE
14396	0.262	2.012	1.943	ESTABLE
11514	0.218	1.662	1.658	ESTABLE
13579	0.244	1.749	1.81	ESTABLE
8811	0.216	1.531	1.542	ESTABLE
18575	0.232	1.576	1.577	ESTABLE
1703	0.243	1.682	1.716	ESTABLE
13692	0.251	1.792	1.85	ESTABLE
18823	0.219	1.556	1.539	ESTABLE
11230	0.238	1.858	1.804	ESTABLE
14172	0.257	1.891	1.968	ESTABLE
19487	0.213	1.521	1.571	ESTABLE
12675	0.214	1.493	1.401	ESTABLE
10314	0.238	1.735	1.745	ESTABLE
10983	0.274	2.022	1.967	ESTABLE
3454	0.245	1.79	1.712	ESTABLE
18841	0.222	1.627	1.629	ESTABLE
10272	0.239	1.717	1.798	ESTABLE
121	0.247	1.783	1.72	ESTABLE
8737	0.225	1.59	1.676	ESTABLE
8815	0.224	1.54	1.528	ESTABLE
12671	0.218	1.539	1.449	ESTABLE
2743	0.224	1.645	1.569	ESTABLE
1573	0.247	1.783	1.784	ESTABLE
18141	0.239	1.787	1.803	ESTABLE
8420	0.23	1.751	1.758	ESTABLE
5249	0.219	1.666	1.669	ESTABLE
3155	0.218	1.601	1.613	ESTABLE
10675	0.253	1.894	1.856	ESTABLE
14718	0.226	1.768	1.738	ESTABLE
16543	0.241	1.704	1.703	ESTABLE
16729	0.247	1.85	1.848	ESTABLE
7976	0.245	1.817	1.737	ESTABLE
7301	0.278	2.005	2.024	ESTABLE
8336	0.236	1.722	1.861	ESTABLE
13154	0.248	1.75	1.772	ESTABLE
8427	0.24	1.767	1.745	ESTABLE
6144	0.22	1.651	1.655	ESTABLE
17461	0.244	1.816	1.887	ESTABLE
13470	0.246	1.842	1.778	ESTABLE
8469	0.227	1.675	1.729	ESTABLE
14932	0.234	1.725	1.611	ESTABLE
17460	0.258	1.751	1.888	ESTABLE
4634	0.237	1.78	1.854	ESTABLE
19894	0.228	1.69	1.624	ESTABLE
8852	0.215	1.54	1.494	ESTABLE
4204	0.25	1.831	1.904	ESTABLE
6323	0.221	1.587	1.617	ESTABLE
1858	0.229	1.661	1.605	ESTABLE
15483	0.23	1.578	1.686	ESTABLE
13046	0.221	1.639	1.593	ESTABLE
15788	0.219	1.593	1.581	ESTABLE
6249	0.213	1.659	1.626	ESTABLE
5259	0.232	1.683	1.707	ESTABLE
14511	0.267	2.006	1.965	ESTABLE
11183	0.254	1.908	1.861	ESTABLE
17230	0.245	1.746	1.824	ESTABLE
3995	0.252	2.027	1.88	ESTABLE
10177	0.243	1.647	1.697	ESTABLE
15051	0.211	1.582	1.608	ESTABLE
10055	0.241	1.716	1.75	ESTABLE
10523	0.26	1.853	1.861	ESTABLE
14820	0.232	1.696	1.719	ESTABLE
3938	0.259	1.997	1.93	ESTABLE
7302	0.267	2.057	1.996	ESTABLE
5669	0.205	1.554	1.442	ESTABLE
10960	0.264	1.982	1.949	ESTABLE
18264	0.23	1.718	1.731	ESTABLE
145	0.244	1.903	1.808	ESTABLE
10639	0.266	1.948	1.866	ESTABLE
19705	0.229	1.621	1.601	ESTABLE
13496	0.237	1.76	1.795	ESTABLE
9197	0.211	1.517	1.439	ESTABLE
7781	0.253	1.893	1.733	INESTABLE
8692	0.233	1.657	1.725	ESTABLE
15992	0.209	1.472	1.473	ESTABLE
12332	0.21	1.531	1.565	ESTABLE
17930	0.256	1.9	1.91	ESTABLE
4810	0.242	1.776	1.851	ESTABLE
18690	0.208	1.615	1.464	INESTABLE
18457	0.219	1.623	1.571	ESTABLE
5438	0.228	1.57	1.537	ESTABLE
16089	0.198	1.343	1.36	ESTABLE
3496	0.238	1.731	1.73	ESTABLE
14474	0.265	1.959	1.904	ESTABLE
3625	0.263	1.867	1.823	ESTABLE
5725	0.211	1.539	1.467	ESTABLE
17066	0.252	1.848	1.875	ESTABLE
15928	0.228	1.524	1.593	ESTABLE
8799	0.23	1.55	1.62	ESTABLE
8898	0.209	1.444	1.551	ESTABLE
6815	0.239	1.62	1.714	ESTABLE
16048	0.218	1.451	1.539	ESTABLE
8277	0.25	1.762	1.785	ESTABLE
12883	0.225	1.641	1.517	ESTABLE
1118	0.25	1.843	1.834	ESTABLE
18226	0.244	1.742	1.732	ESTABLE
3013	0.223	1.571	1.574	ESTABLE
3604	0.244	1.855	1.776	ESTABLE
8609	0.229	1.693	1.716	ESTABLE
5208	0.24	1.639	1.601	ESTABLE
11595	0.226	1.62	1.632	ESTABLE
12846	0.223	1.555	1.547	ESTABLE
1195	0.249	1.829	1.887	ESTABLE
5867	0.217	1.585	1.53	ESTABLE
9014	0.204	1.432	1.464	ESTABLE
9383	0.207	1.573	1.528	ESTABLE
12942	0.216	1.564	1.511	ESTABLE
8038	0.235	1.682	1.673	ESTABLE
4935	0.251	1.802	1.778	ESTABLE
10845	0.257	1.977	1.96	ESTABLE
13815	0.237	1.745	1.813	ESTABLE
10087	0.241	1.733	1.764	ESTABLE
10247	0.24	1.683	1.756	ESTABLE
15277	0.219	1.603	1.647	ESTABLE
17049	0.253	1.858	1.879	ESTABLE
834	0.243	1.783	1.875	ESTABLE
19858	0.226	1.658	1.654	ESTABLE
5286	0.232	1.627	1.675	ESTABLE
15215	0.217	1.653	1.558	ESTABLE
2519	0.215	1.502	1.597	ESTABLE
655	0.262	1.914	1.868	ESTABLE
2537	0.207	1.606	1.632	ESTABLE
15360	0.231	1.635	1.688	ESTABLE
11628	0.229	1.625	1.641	ESTABLE
7641	0.248	1.914	1.815	ESTABLE
5416	0.228	1.589	1.544	ESTABLE
18808	0.224	1.668	1.565	ESTABLE
4179	0.262	1.84	1.85	ESTABLE
19736	0.223	1.55	1.63	ESTABLE
9569	0.218	1.626	1.565	ESTABLE
17382	0.24	1.738	1.824	ESTABLE
2132	0.199	1.441	1.433	ESTABLE
4330	0.24	1.846	1.816	ESTABLE
9120	0.214	1.555	1.485	ESTABLE
19995	0.237	1.719	1.709	ESTABLE
19793	0.219	1.586	1.529	ESTABLE
666	0.25	1.809	1.838	ESTABLE
6181	0.232	1.664	1.572	ESTABLE
1956	0.22	1.631	1.487	ESTABLE
8419	0.239	1.763	1.78	ESTABLE
17834	0.259	1.89	2.005	ESTABLE
2848	0.22	1.56	1.633	ESTABLE
17671	0.253	1.85	1.91	ESTABLE
1221	0.257	1.856	1.959	ESTABLE
11185	0.264	1.96	1.805	INESTABLE
2907	0.221	1.567	1.648	ESTABLE
7354	0.26	2.035	1.924	ESTABLE
15918	0.212	1.488	1.519	ESTABLE
3171	0.215	1.601	1.575	ESTABLE
11877	0.232	1.684	1.715	ESTABLE
12717	0.217	1.515	1.409	ESTABLE
17720	0.266	1.918	1.969	ESTABLE
9886	0.232	1.722	1.743	ESTABLE
19626	0.219	1.53	1.545	ESTABLE
8956	0.193	1.419	1.403	ESTABLE
9641	0.234	1.635	1.696	ESTABLE
12372	0.22	1.538	1.58	ESTABLE
17693	0.265	1.879	1.95	ESTABLE
10611	0.254	1.901	1.864	ESTABLE
11626	0.223	1.649	1.664	ESTABLE
18330	0.233	1.713	1.647	ESTABLE
10384	0.255	1.764	1.796	ESTABLE
14934	0.223	1.723	1.593	ESTABLE
3696	0.256	1.89	1.788	ESTABLE
13599	0.238	1.765	1.82	ESTABLE
18778	0.218	1.549	1.519	ESTABLE
14257	0.259	1.875	1.972	ESTABLE
14098	0.247	1.793	1.842	ESTABLE
18345	0.235	1.633	1.636	ESTABLE
14236	0.255	1.905	1.9	ESTABLE
18590	0.216	1.625	1.56	ESTABLE
3328	0.226	1.587	1.686	ESTABLE
4118	0.253	1.996	1.91	ESTABLE
18517	0.233	1.647	1.558	ESTABLE
19973	0.238	1.794	1.696	ESTABLE
17399	0.251	1.778	1.889	ESTABLE
9047	0.209	1.503	1.461	ESTABLE
5123	0.238	1.672	1.743	ESTABLE
11226	0.255	1.907	1.87	ESTABLE
16383	0.228	1.644	1.607	ESTABLE
6826	0.221	1.684	1.707	ESTABLE
6350	0.241	1.635	1.753	ESTABLE
17992	0.25	1.791	1.852	ESTABLE
15180	0.217	1.608	1.585	ESTABLE
770	0.248	1.886	1.864	ESTABLE
10888	0.269	2.011	1.943	ESTABLE
11354	0.242	1.828	1.752	ESTABLE
4713	0.258	1.784	1.886	ESTABLE
11406	0.233	1.75	1.672	ESTABLE
19895	0.225	1.618	1.634	ESTABLE
13056	0.233	1.705	1.692	ESTABLE
18771	0.22	1.604	1.587	ESTABLE
8371	0.238	1.695	1.809	ESTABLE
3893	0.246	1.919	1.852	ESTABLE
19494	0.228	1.537	1.615	ESTABLE
9196	0.205	1.49	1.516	ESTABLE
10603	0.249	1.878	1.897	ESTABLE
18428	0.228	1.696	1.615	ESTABLE
19114	0.216	1.547	1.607	ESTABLE
14170	0.258	1.922	1.903	ESTABLE
16771	0.254	1.846	1.847	ESTABLE
12116	0.23	1.683	1.681	ESTABLE
18354	0.225	1.655	1.646	ESTABLE
14222	0.261	1.988	1.976	ESTABLE
10095	0.231	1.633	1.739	ESTABLE
1680	0.239	1.746	1.746	ESTABLE
7416	0.253	1.968	1.993	ESTABLE
13338	0.248	1.84	1.785	ESTABLE
16947	0.257	1.865	1.863	ESTABLE
530	0.25	1.891	1.864	ESTABLE
8867	0.217	1.568	1.555	ESTABLE
12347	0.213	1.577	1.608	ESTABLE
3343	0.229	1.701	1.684	ESTABLE
18809	0.22	1.559	1.512	ESTABLE
12851	0.204	1.559	1.532	ESTABLE
11315	0.245	1.818	1.757	ESTABLE
19373	0.216	1.531	1.56	ESTABLE
13753	0.244	1.76	1.765	ESTABLE
2400	0.22	1.586	1.534	ESTABLE
4106	0.242	1.856	1.863	ESTABLE
11197	0.256	1.89	1.844	ESTABLE
4696	0.238	1.724	1.764	ESTABLE
2637	0.223	1.576	1.572	ESTABLE
12871	0.222	1.588	1.541	ESTABLE
12292	0.218	1.534	1.62	ESTABLE
18518	0.235	1.64	1.627	ESTABLE
3276	0.229	1.576	1.563	ESTABLE
928	0.244	1.842	1.838	ESTABLE
10982	0.254	1.993	1.935	ESTABLE
19982	0.238	1.769	1.758	ESTABLE
2382	0.225	1.521	1.554	ESTABLE
6241	0.221	1.637	1.684	ESTABLE
19333	0.218	1.543	1.681	ESTABLE
1745	0.227	1.724	1.671	ESTABLE
8565	0.235	1.661	1.757	ESTABLE
17600	0.254	1.94	1.882	ESTABLE
13244	0.237	1.852	1.717	ESTABLE
6921	0.229	1.759	1.803	ESTABLE
13883	0.239	1.708	1.823	ESTABLE
14377	0.269	2.019	2.016	ESTABLE
4685	0.233	1.781	1.849	ESTABLE
8748	0.223	1.661	1.657	ESTABLE
13786	0.234	1.694	1.866	INESTABLE
14646	0.257	1.879	1.862	ESTABLE
18719	0.232	1.661	1.61	ESTABLE
17872	0.247	1.936	1.969	ESTABLE
6840	0.242	1.674	1.741	ESTABLE
11635	0.222	1.639	1.683	ESTABLE
10931	0.253	2.059	2.056	ESTABLE
15445	0.232	1.611	1.643	ESTABLE
9350	0.216	1.577	1.496	ESTABLE
9549	0.217	1.61	1.585	ESTABLE
7871	0.25	1.823	1.805	ESTABLE
9213	0.198	1.45	1.439	ESTABLE
19324	0.223	1.591	1.618	ESTABLE
19201	0.221	1.616	1.693	ESTABLE
1891	0.219	1.573	1.598	ESTABLE
11639	0.224	1.68	1.63	ESTABLE
5282	0.227	1.701	1.633	ESTABLE
10435	0.235	1.704	1.816	ESTABLE
11376	0.23	1.781	1.702	ESTABLE
18175	0.25	1.822	1.801	ESTABLE
8256	0.228	1.721	1.726	ESTABLE
2914	0.225	1.57	1.62	ESTABLE
15702	0.226	1.568	1.658	ESTABLE
17977	0.255	1.893	1.95	ESTABLE
11640	0.227	1.67	1.688	ESTABLE
2174	0.216	1.536	1.574	ESTABLE
11017	0.266	1.959	1.95	ESTABLE
15809	0.221	1.558	1.6	ESTABLE
18216	0.247	1.796	1.761	ESTABLE
11250	0.244	1.813	1.758	ESTABLE
16105	0.215	1.5	1.476	ESTABLE
11705	0.233	1.706	1.687	ESTABLE
10227	0.237	1.663	1.768	ESTABLE
3436	0.23	1.738	1.667	ESTABLE
3292	0.234	1.651	1.686	ESTABLE
3561	0.25	1.786	1.751	ESTABLE
10365	0.246	1.75	1.827	ESTABLE
9070	0.22	1.492	1.498	ESTABLE
15328	0.232	1.602	1.613	ESTABLE
12073	0.227	1.551	1.672	ESTABLE
11664	0.237	1.676	1.61	ESTABLE
5144	0.23	1.617	1.743	ESTABLE
14102	0.262	1.962	1.922	ESTABLE
8976	0.206	1.543	1.442	ESTABLE
11494	0.232	1.736	1.717	ESTABLE
13813	0.242	1.78	1.808	ESTABLE
4898	0.235	1.788	1.859	ESTABLE
8394	0.241	1.739	1.747	ESTABLE
16431	0.225	1.689	1.606	ESTABLE
14524	0.254	1.881	1.835	ESTABLE
11470	0.236	1.763	1.708	ESTABLE
9872	0.242	1.726	1.795	ESTABLE
6763	0.242	1.716	1.742	ESTABLE
2264	0.214	1.5	1.565	ESTABLE
2186	0.217	1.532	1.445	ESTABLE
19538	0.231	1.5	1.506	ESTABLE
7420	0.256	1.901	1.866	ESTABLE
4820	0.25	1.74	1.868	ESTABLE
5618	0.213	1.566	1.419	ESTABLE
6519	0.23	1.548	1.609	ESTABLE
4483	0.237	1.812	1.839	ESTABLE
4068	0.251	1.798	1.826	ESTABLE
12491	0.213	1.536	1.525	ESTABLE
11347	0.231	1.866	1.757	ESTABLE
15007	0.227	1.581	1.578	ESTABLE
16163	0.209	1.491	1.471	ESTABLE
6860	0.234	1.705	1.676	ESTABLE
6303	0.224	1.581	1.654	ESTABLE
14441	0.261	2.003	1.896	ESTABLE
8260	0.234	1.758	1.775	ESTABLE
5274	0.225	1.667	1.643	ESTABLE
17224	0.243	1.799	1.797	ESTABLE
9932	0.238	1.679	1.712	ESTABLE
17757	0.25	1.88	1.988	ESTABLE
10773	0.255	1.883	1.922	ESTABLE
6348	0.236	1.713	1.668	ESTABLE
17128	0.253	1.867	1.911	ESTABLE
2104	0.209	1.503	1.486	ESTABLE
19439	0.203	1.506	1.504	ESTABLE
11969	0.23	1.635	1.689	ESTABLE
2846	0.229	1.646	1.68	ESTABLE
9480	0.228	1.638	1.686	ESTABLE
11335	0.237	1.822	1.739	ESTABLE
2904	0.221	1.577	1.595	ESTABLE
14913	0.221	1.712	1.576	ESTABLE
15093	0.232	1.679	1.635	ESTABLE
12798	0.217	1.477	1.475	ESTABLE
15913	0.216	1.477	1.552	ESTABLE
15145	0.238	1.703	1.676	ESTABLE
7913	0.241	1.747	1.805	ESTABLE
9587	0.239	1.694	1.631	ESTABLE
13744	0.248	1.766	1.739	ESTABLE
18995	0.224	1.62	1.644	ESTABLE
15325	0.231	1.636	1.683	ESTABLE
9065	0.204	1.499	1.399	ESTABLE
796	0.254	1.83	1.839	ESTABLE
12063	0.229	1.672	1.672	ESTABLE
8690	0.216	1.661	1.676	ESTABLE
72	0.244	1.863	1.765	ESTABLE
8173	0.24	1.695	1.647	ESTABLE
15792	0.215	1.529	1.619	ESTABLE
2206	0.206	1.577	1.524	ESTABLE
8261	0.225	1.676	1.703	ESTABLE
15667	0.228	1.52	1.602	ESTABLE
9656	0.229	1.648	1.675	ESTABLE
10789	0.269	2.012	2.013	ESTABLE
7494	0.26	1.98	1.961	ESTABLE
7382	0.266	1.994	1.961	ESTABLE
16025	0.21	1.499	1.487	ESTABLE
12651	0.207	1.43	1.454	ESTABLE
2019	0.215	1.553	1.52	ESTABLE
9648	0.225	1.685	1.644	ESTABLE
11013	0.264	1.947	1.909	ESTABLE
13722	0.234	1.721	1.71	ESTABLE
10376	0.234	1.77	1.739	ESTABLE
15182	0.23	1.571	1.64	ESTABLE
762	0.238	1.777	1.782	ESTABLE
6791	0.223	1.7	1.673	ESTABLE
12406	0.212	1.514	1.61	ESTABLE
1766	0.227	1.662	1.674	ESTABLE
5537	0.218	1.572	1.507	ESTABLE
11744	0.235	1.744	1.723	ESTABLE
16285	0.218	1.59	1.584	ESTABLE
12803	0.214	1.524	1.452	ESTABLE
13510	0.244	1.742	1.8	ESTABLE
7489	0.269	2.015	1.978	ESTABLE
3533	0.247	1.84	1.811	ESTABLE
6438	0.231	1.636	1.681	ESTABLE
18273	0.228	1.781	1.735	ESTABLE
16941	0.238	1.798	1.775	ESTABLE
1979	0.233	1.664	1.584	ESTABLE
3073	0.221	1.655	1.573	ESTABLE
3210	0.213	1.595	1.568	ESTABLE
10009	0.229	1.719	1.766	ESTABLE
4167	0.25	1.881	1.866	ESTABLE
1753	0.231	1.772	1.678	ESTABLE
16345	0.234	1.648	1.621	ESTABLE
11823	0.233	1.67	1.734	ESTABLE
12166	0.226	1.606	1.642	ESTABLE
11745	0.219	1.617	1.703	ESTABLE
13466	0.236	1.81	1.778	ESTABLE
2302	0.223	1.591	1.575	ESTABLE
19706	0.21	1.551	1.571	ESTABLE
2690	0.235	1.718	1.718	ESTABLE
14695	0.247	1.84	1.797	ESTABLE
751	0.24	1.802	1.869	ESTABLE
18087	0.245	1.855	1.852	ESTABLE
11504	0.238	1.685	1.688	ESTABLE
6126	0.223	1.672	1.631	ESTABLE
18365	0.216	1.613	1.64	ESTABLE
8974	0.216	1.537	1.509	ESTABLE
4784	0.246	1.757	1.843	ESTABLE
16061	0.206	1.56	1.512	ESTABLE
15802	0.224	1.522	1.599	ESTABLE
10382	0.234	1.722	1.778	ESTABLE
19051	0.229	1.58	1.605	ESTABLE
5819	0.217	1.512	1.424	ESTABLE
5593	0.22	1.594	1.529	ESTABLE
17121	0.23	1.832	1.785	ESTABLE
18647	0.218	1.506	1.428	ESTABLE
10796	0.257	2.032	1.936	ESTABLE
12441	0.229	1.519	1.565	ESTABLE
1597	0.235	1.856	1.838	ESTABLE
1869	0.233	1.686	1.65	ESTABLE
7415	0.266	1.946	1.967	ESTABLE
11730	0.232	1.69	1.704	ESTABLE
5953	0.205	1.554	1.517	ESTABLE
10768	0.26	1.955	1.888	ESTABLE
11742	0.241	1.687	1.662	ESTABLE
17023	0.24	1.806	1.844	ESTABLE
17555	0.254	1.792	1.907	ESTABLE
10155	0.239	1.678	1.731	ESTABLE
17268	0.234	1.713	1.798	ESTABLE
9178	0.217	1.536	1.483	ESTABLE
5440	0.224	1.562	1.42	ESTABLE
7446	0.259	2.092	1.898	INESTABLE
16049	0.191	1.466	1.395	ESTABLE
3653	0.248	1.871	1.834	ESTABLE
13379	0.247	1.858	1.866	ESTABLE
890	0.248	1.827	1.781	ESTABLE
13522	0.245	1.819	1.799	ESTABLE
5954	0.22	1.629	1.501	ESTABLE
5585	0.215	1.492	1.474	ESTABLE
15571	0.217	1.618	1.625	ESTABLE
7475	0.269	1.991	1.99	ESTABLE
16687	0.246	1.946	1.771	INESTABLE
16938	0.251	1.875	1.842	ESTABLE
3390	0.22	1.713	1.572	ESTABLE
9214	0.207	1.473	1.45	ESTABLE
8329	0.239	1.738	1.797	ESTABLE
17114	0.247	1.77	1.821	ESTABLE
4991	0.256	1.783	1.832	ESTABLE
10446	0.249	1.717	1.842	ESTABLE
10143	0.229	1.65	1.72	ESTABLE
15781	0.216	1.528	1.624	ESTABLE
18130	0.26	1.859	1.878	ESTABLE
12973	0.228	1.663	1.573	ESTABLE
18138	0.247	1.888	1.881	ESTABLE
17986	0.256	1.902	1.984	ESTABLE
3	0.231	1.7	1.686	ESTABLE
18265	0.246	1.805	1.726	ESTABLE
18698	0.216	1.484	1.508	ESTABLE
588	0.25	1.916	1.838	ESTABLE
6756	0.222	1.68	1.761	ESTABLE
16239	0.229	1.566	1.564	ESTABLE
1682	0.243	1.814	1.729	ESTABLE
16998	0.25	1.822	1.805	ESTABLE
10705	0.255	1.908	1.889	ESTABLE
12210	0.235	1.618	1.645	ESTABLE
8149	0.238	1.694	1.731	ESTABLE
1945	0.209	1.574	1.53	ESTABLE
5179	0.236	1.748	1.736	ESTABLE
7325	0.245	1.974	1.926	ESTABLE
8167	0.24	1.711	1.724	ESTABLE
14035	0.252	1.852	1.851	ESTABLE
16309	0.224	1.6	1.553	ESTABLE
7342	0.264	1.943	1.936	ESTABLE
9389	0.226	1.548	1.503	ESTABLE
13128	0.245	1.789	1.686	ESTABLE
7278	0.266	2.006	1.93	ESTABLE
7522	0.268	2.022	2.027	ESTABLE
18916	0.235	1.604	1.608	ESTABLE
3851	0.254	2.048	1.933	ESTABLE
13388	0.241	1.842	1.779	ESTABLE
6608	0.231	1.662	1.759	ESTABLE
6204	0.24	1.722	1.726	ESTABLE
10541	0.245	1.795	1.842	ESTABLE
9020	0.208	1.537	1.447	ESTABLE
20000	0.236	1.735	1.747	ESTABLE
8306	0.232	1.69	1.719	ESTABLE
825	0.262	1.925	1.905	ESTABLE
4558	0.25	1.767	1.819	ESTABLE
15895	0.213	1.46	1.524	ESTABLE
5422	0.206	1.558	1.503	ESTABLE
3947	0.271	2.018	1.96	ESTABLE
18421	0.23	1.663	1.59	ESTABLE
8056	0.24	1.783	1.793	ESTABLE
12312	0.213	1.601	1.591	ESTABLE
1227	0.252	1.825	1.971	ESTABLE
17544	0.245	1.825	1.891	ESTABLE
14245	0.264	1.919	1.968	ESTABLE
18100	0.239	1.784	1.811	ESTABLE
13958	0.238	1.757	1.845	ESTABLE
7689	0.259	1.87	1.846	ESTABLE
13908	0.235	1.791	1.737	ESTABLE
8284	0.231	1.774	1.84	ESTABLE
2572	0.232	1.658	1.649	ESTABLE
15309	0.226	1.632	1.646	ESTABLE
10542	0.249	1.803	1.89	ESTABLE
191	0.235	1.817	1.738	ESTABLE
895	0.255	1.823	1.857	ESTABLE
10042	0.242	1.648	1.727	ESTABLE
14616	0.254	1.959	1.804	INESTABLE
9148	0.204	1.476	1.437	ESTABLE
13541	0.249	1.814	1.834	ESTABLE
19978	0.231	1.665	1.661	ESTABLE
17602	0.25	1.849	1.958	ESTABLE
6306	0.227	1.614	1.683	ESTABLE
10509	0.242	1.83	1.855	ESTABLE
11081	0.251	1.877	1.917	ESTABLE
10875	0.262	2.028	1.952	ESTABLE
16568	0.235	1.765	1.615	ESTABLE
7896	0.235	1.805	1.721	ESTABLE
4073	0.274	2.027	1.981	ESTABLE
11906	0.23	1.664	1.755	ESTABLE
10842	0.266	2.032	1.996	ESTABLE
7092	0.261	1.947	1.871	ESTABLE
1561	0.244	1.824	1.849	ESTABLE
10130	0.249	1.699	1.751	ESTABLE
11479	0.232	1.75	1.677	ESTABLE
11277	0.252	1.89	1.829	ESTABLE
17642	0.252	1.838	1.922	ESTABLE
8505	0.245	1.671	1.745	ESTABLE
5543	0.206	1.506	1.478	ESTABLE
14306	0.272	2.037	2.064	ESTABLE
10975	0.253	1.991	1.917	ESTABLE
15660	0.238	1.566	1.679	ESTABLE
3670	0.252	1.947	1.871	ESTABLE
9258	0.21	1.542	1.537	ESTABLE
11859	0.22	1.617	1.695	ESTABLE
9448	0.217	1.599	1.602	ESTABLE
12184	0.238	1.577	1.598	ESTABLE
12576	0.212	1.487	1.439	ESTABLE
8599	0.241	1.685	1.775	ESTABLE
11108	0.245	1.964	1.926	ESTABLE
14227	0.264	1.958	1.919	ESTABLE
11544	0.231	1.668	1.66	ESTABLE
203	0.243	1.873	1.789	ESTABLE
5149	0.237	1.78	1.711	ESTABLE
10732	0.262	1.927	1.994	ESTABLE
19639	0.215	1.507	1.588	ESTABLE
1038	0.24	1.763	1.789	ESTABLE
754	0.244	1.801	1.815	ESTABLE
7221	0.255	1.965	1.876	ESTABLE
6739	0.23	1.62	1.685	ESTABLE
14543	0.245	1.947	1.861	ESTABLE
1851	0.239	1.743	1.715	ESTABLE
7998	0.237	1.742	1.708	ESTABLE
15080	0.222	1.618	1.586	ESTABLE
7915	0.243	1.771	1.741	ESTABLE
2141	0.209	1.477	1.406	ESTABLE
14611	0.242	1.805	1.777	ESTABLE
15949	0.213	1.498	1.59	ESTABLE
11916	0.237	1.677	1.752	ESTABLE
13739	0.251	1.737	1.802	ESTABLE
14418	0.263	1.998	1.977	ESTABLE
11215	0.252	1.827	1.801	ESTABLE
19548	0.215	1.52	1.562	ESTABLE
473	0.239	1.928	1.856	ESTABLE
10017	0.239	1.716	1.741	ESTABLE
5876	0.229	1.618	1.479	ESTABLE
12766	0.2	1.401	1.445	ESTABLE
6222	0.228	1.689	1.707	ESTABLE
10016	0.227	1.67	1.727	ESTABLE
2970	0.223	1.617	1.634	ESTABLE
7179	0.263	1.93	1.969	ESTABLE
11115	0.249	1.931	1.897	ESTABLE
9322	0.216	1.519	1.433	ESTABLE
13145	0.228	1.728	1.763	ESTABLE
19290	0.22	1.574	1.643	ESTABLE
17493	0.246	1.812	1.843	ESTABLE
14930	0.234	1.75	1.637	ESTABLE
6817	0.229	1.724	1.681	ESTABLE
1700	0.247	1.785	1.745	ESTABLE
2612	0.219	1.639	1.597	ESTABLE
19884	0.234	1.558	1.614	ESTABLE
15442	0.219	1.625	1.67	ESTABLE
16772	0.266	1.83	1.852	ESTABLE
11902	0.235	1.676	1.638	ESTABLE
11407	0.234	1.753	1.717	ESTABLE
2172	0.216	1.513	1.451	ESTABLE
1853	0.223	1.633	1.625	ESTABLE
2733	0.23	1.528	1.583	ESTABLE
19584	0.209	1.532	1.56	ESTABLE
14519	0.26	1.919	1.871	ESTABLE
17462	0.243	1.758	1.825	ESTABLE
6910	0.251	1.715	1.775	ESTABLE
13106	0.222	1.802	1.594	INESTABLE
7836	0.25	1.839	1.796	ESTABLE
13938	0.259	1.799	1.904	ESTABLE
17353	0.245	1.757	1.907	ESTABLE
6320	0.231	1.725	1.724	ESTABLE
13693	0.234	1.701	1.771	ESTABLE
4454	0.243	1.771	1.822	ESTABLE
7480	0.271	1.971	1.981	ESTABLE
15767	0.214	1.567	1.635	ESTABLE
6558	0.229	1.675	1.683	ESTABLE
6567	0.242	1.68	1.765	ESTABLE
1866	0.222	1.69	1.592	ESTABLE
2997	0.219	1.549	1.619	ESTABLE
16250	0.212	1.558	1.481	ESTABLE
13353	0.252	1.835	1.822	ESTABLE
19419	0.218	1.531	1.547	ESTABLE
1523	0.244	1.832	1.814	ESTABLE
12011	0.242	1.777	1.747	ESTABLE
14393	0.256	1.922	1.87	ESTABLE
4396	0.25	1.823	1.797	ESTABLE
10188	0.241	1.698	1.688	ESTABLE
15649	0.223	1.533	1.593	ESTABLE
7172	0.259	1.983	1.923	ESTABLE
14656	0.251	1.886	1.788	ESTABLE
5858	0.21	1.478	1.437	ESTABLE
5385	0.209	1.495	1.483	ESTABLE
2794	0.226	1.596	1.621	ESTABLE
16731	0.246	1.864	1.767	ESTABLE
10869	0.272	2.029	2.02	ESTABLE
19835	0.234	1.603	1.681	ESTABLE
13960	0.253	1.755	1.849	ESTABLE
159	0.249	1.903	1.842	ESTABLE
752	0.258	1.83	1.83	ESTABLE
14587	0.253	1.945	1.883	ESTABLE
19392	0.226	1.573	1.67	ESTABLE
16375	0.22	1.643	1.619	ESTABLE
1557	0.239	1.817	1.746	ESTABLE
19841	0.237	1.582	1.637	ESTABLE
12101	0.226	1.595	1.648	ESTABLE
6980	0.25	1.794	1.806	ESTABLE
5124	0.252	1.739	1.713	ESTABLE
11089	0.25	1.96	1.84	ESTABLE
17381	0.237	1.726	1.839	ESTABLE
5902	0.219	1.549	1.468	ESTABLE
4761	0.242	1.793	1.798	ESTABLE
13964	0.251	1.778	1.811	ESTABLE
647	0.255	1.889	1.848	ESTABLE
14322	0.262	1.979	1.992	ESTABLE
2863	0.223	1.471	1.608	ESTABLE
13324	0.244	1.817	1.821	ESTABLE
1636	0.247	1.76	1.795	ESTABLE
18871	0.222	1.575	1.567	ESTABLE
17509	0.258	1.889	1.949	ESTABLE
4328	0.248	1.78	1.851	ESTABLE
4851	0.258	1.852	1.888	ESTABLE
17824	0.271	1.988	2.019	ESTABLE
7484	0.254	1.963	1.935	ESTABLE
3788	0.256	1.989	1.891	ESTABLE
10557	0.248	1.816	1.851	ESTABLE
18621	0.219	1.657	1.569	ESTABLE
14824	0.242	1.806	1.712	ESTABLE
16816	0.243	1.905	1.829	ESTABLE
11856	0.241	1.746	1.784	ESTABLE
17817	0.251	1.946	1.964	ESTABLE
1230	0.254	1.842	1.949	ESTABLE
8384	0.24	1.729	1.772	ESTABLE
12772	0.212	1.414	1.401	ESTABLE
1476	0.255	1.804	1.931	ESTABLE
15556	0.222	1.589	1.65	ESTABLE
2444	0.225	1.632	1.545	ESTABLE
8096	0.247	1.7	1.772	ESTABLE
10962	0.256	1.979	1.879	ESTABLE
18543	0.232	1.603	1.559	ESTABLE
13685	0.235	1.747	1.693	ESTABLE
1810	0.222	1.708	1.69	ESTABLE
16242	0.221	1.557	1.522	ESTABLE
1459	0.252	1.871	1.918	ESTABLE
11005	0.259	1.996	1.898	ESTABLE
16923	0.24	1.807	1.829	ESTABLE
45	0.237	1.841	1.768	ESTABLE
3843	0.271	1.991	1.894	ESTABLE
5417	0.215	1.615	1.536	ESTABLE
7876	0.223	1.752	1.671	ESTABLE
15289	0.219	1.65	1.576	ESTABLE
11276	0.242	1.814	1.748	ESTABLE
3403	0.246	1.773	1.75	ESTABLE
16983	0.255	1.858	1.908	ESTABLE
19207	0.218	1.564	1.607	ESTABLE
8981	0.204	1.548	1.517	ESTABLE
646	0.248	1.842	1.803	ESTABLE
2628	0.233	1.653	1.687	ESTABLE
18577	0.219	1.702	1.494	INESTABLE
6714	0.238	1.646	1.705	ESTABLE
11526	0.244	1.759	1.74	ESTABLE
16961	0.248	1.871	1.825	ESTABLE
3305	0.222	1.627	1.623	ESTABLE
15944	0.221	1.577	1.553	ESTABLE
8572	0.231	1.661	1.73	ESTABLE
13624	0.248	1.802	1.786	ESTABLE
4309	0.248	1.869	1.852	ESTABLE
12747	0.205	1.466	1.453	ESTABLE
3273	0.222	1.597	1.54	ESTABLE
9978	0.245	1.719	1.799	ESTABLE
3255	0.223	1.624	1.636	ESTABLE
8155	0.231	1.744	1.725	ESTABLE
1742	0.237	1.674	1.707	ESTABLE
12858	0.205	1.523	1.453	ESTABLE
1868	0.223	1.698	1.586	ESTABLE
4632	0.244	1.765	1.81	ESTABLE
1929	0.209	1.534	1.464	ESTABLE
18479	0.225	1.56	1.563	ESTABLE
11777	0.222	1.667	1.681	ESTABLE
8382	0.237	1.799	1.829	ESTABLE
1719	0.231	1.65	1.654	ESTABLE
18419	0.218	1.628	1.568	ESTABLE
13610	0.25	1.759	1.85	ESTABLE
6863	0.228	1.687	1.654	ESTABLE
2248	0.217	1.561	1.482	ESTABLE
11481	0.23	1.737	1.643	ESTABLE
18149	0.255	1.861	1.836	ESTABLE
10204	0.241	1.709	1.78	ESTABLE
4424	0.25	1.807	1.792	ESTABLE
16812	0.248	1.876	1.864	ESTABLE
18009	0.256	1.899	1.928	ESTABLE
1655	0.247	1.814	1.732	ESTABLE
10841	0.251	2.017	2.026	ESTABLE
6896	0.239	1.76	1.793	ESTABLE
16924	0.241	1.89	1.925	ESTABLE
153	0.252	1.879	1.817	ESTABLE
10328	0.233	1.682	1.73	ESTABLE
19652	0.209	1.481	1.568	ESTABLE
11391	0.242	1.77	1.636	ESTABLE
3367	0.233	1.71	1.772	ESTABLE
2509	0.229	1.645	1.54	ESTABLE
11500	0.237	1.747	1.727	ESTABLE
18938	0.218	1.583	1.596	ESTABLE
4141	0.243	1.91	1.864	ESTABLE
8967	0.204	1.465	1.397	ESTABLE
2025	0.222	1.56	1.576	ESTABLE
18920	0.215	1.638	1.614	ESTABLE
7280	0.266	1.975	2.008	ESTABLE
6829	0.238	1.671	1.688	ESTABLE
17014	0.254	1.937	1.871	ESTABLE
11301	0.231	1.779	1.699	ESTABLE
791	0.25	1.829	1.854	ESTABLE
324	0.256	1.958	1.864	ESTABLE
13699	0.24	1.74	1.777	ESTABLE
10709	0.261	1.852	1.94	ESTABLE
1772	0.237	1.64	1.641	ESTABLE
17319	0.24	1.748	1.844	ESTABLE
786	0.234	1.813	1.795	ESTABLE
9731	0.239	1.763	1.668	ESTABLE
797	0.245	1.875	1.828	ESTABLE
10210	0.24	1.735	1.761	ESTABLE
8762	0.239	1.72	1.62	ESTABLE
12637	0.216	1.483	1.531	ESTABLE
4191	0.246	1.892	1.872	ESTABLE
10492	0.24	1.869	1.876	ESTABLE
14362	0.263	2.004	2.018	ESTABLE
6148	0.24	1.671	1.651	ESTABLE
613	0.253	1.826	1.792	ESTABLE
12979	0.223	1.625	1.602	ESTABLE
10659	0.251	1.889	1.874	ESTABLE
11651	0.225	1.591	1.639	ESTABLE
6007	0.229	1.622	1.536	ESTABLE
2018	0.218	1.555	1.461	ESTABLE
2769	0.233	1.645	1.655	ESTABLE
8268	0.233	1.654	1.728	ESTABLE
9662	0.239	1.736	1.634	ESTABLE
360	0.256	1.875	1.928	ESTABLE
12028	0.236	1.612	1.728	ESTABLE
3461	0.225	1.723	1.671	ESTABLE
2150	0.218	1.576	1.585	ESTABLE
16137	0.202	1.478	1.493	ESTABLE
11914	0.229	1.639	1.711	ESTABLE
3676	0.245	1.832	1.849	ESTABLE
17228	0.251	1.814	1.893	ESTABLE
314	0.256	1.986	1.895	ESTABLE
18291	0.238	1.753	1.688	ESTABLE
13304	0.239	1.791	1.758	ESTABLE
15044	0.231	1.706	1.663	ESTABLE
17798	0.259	1.887	1.889	ESTABLE
15534	0.225	1.603	1.576	ESTABLE
2702	0.229	1.638	1.705	ESTABLE
3088	0.212	1.502	1.553	ESTABLE
12290	0.213	1.549	1.576	ESTABLE
5886	0.225	1.566	1.553	ESTABLE
8032	0.241	1.712	1.77	ESTABLE
14769	0.251	1.813	1.733	ESTABLE
17545	0.25	1.791	1.865	ESTABLE
2193	0.211	1.479	1.491	ESTABLE
11253	0.246	1.862	1.787	ESTABLE
14549	0.262	1.89	1.934	ESTABLE
16306	0.225	1.588	1.59	ESTABLE
5536	0.202	1.438	1.406	ESTABLE
8588	0.234	1.707	1.789	ESTABLE
9771	0.239	1.739	1.735	ESTABLE
19393	0.227	1.493	1.642	ESTABLE
18515	0.221	1.632	1.566	ESTABLE
16511	0.224	1.657	1.635	ESTABLE
4765	0.249	1.847	1.83	ESTABLE
15540	0.226	1.608	1.675	ESTABLE
4886	0.244	1.823	1.82	ESTABLE
750	0.243	1.866	1.823	ESTABLE
13498	0.247	1.79	1.874	ESTABLE
19177	0.231	1.599	1.635	ESTABLE
2737	0.212	1.664	1.618	ESTABLE
5016	0.248	1.809	1.863	ESTABLE
9645	0.238	1.765	1.737	ESTABLE
8247	0.247	1.76	1.787	ESTABLE
6285	0.233	1.691	1.725	ESTABLE
18001	0.255	1.933	1.938	ESTABLE
16825	0.25	1.874	1.866	ESTABLE
5114	0.238	1.69	1.761	ESTABLE
5642	0.206	1.485	1.465	ESTABLE
14369	0.254	1.985	2.008	ESTABLE
11363	0.238	1.78	1.724	ESTABLE
3708	0.248	1.917	1.868	ESTABLE
4077	0.252	1.947	1.897	ESTABLE
12020	0.237	1.65	1.743	ESTABLE
17100	0.243	1.767	1.821	ESTABLE
68	0.24	1.765	1.792	ESTABLE
18510	0.232	1.608	1.587	ESTABLE
294	0.232	1.804	1.838	ESTABLE
3123	0.229	1.592	1.64	ESTABLE
18003	0.25	1.867	1.924	ESTABLE
13652	0.251	1.758	1.848	ESTABLE
12401	0.222	1.554	1.542	ESTABLE
5280	0.237	1.67	1.629	ESTABLE
16802	0.238	1.827	1.774	ESTABLE
231	0.249	1.915	1.812	ESTABLE
15566	0.224	1.632	1.636	ESTABLE
6113	0.233	1.67	1.651	ESTABLE
11972	0.235	1.716	1.728	ESTABLE
19012	0.221	1.565	1.646	ESTABLE
8746	0.228	1.585	1.643	ESTABLE
619	0.256	1.886	1.952	ESTABLE
77	0.242	1.757	1.768	ESTABLE
6281	0.217	1.578	1.683	ESTABLE
19693	0.214	1.485	1.582	ESTABLE
15816	0.208	1.512	1.486	ESTABLE
7030	0.246	1.802	1.769	ESTABLE
6610	0.235	1.72	1.676	ESTABLE
16806	0.251	1.882	1.776	ESTABLE
10380	0.236	1.731	1.83	ESTABLE
7106	0.255	1.882	1.878	ESTABLE
10068	0.233	1.715	1.807	ESTABLE
2121	0.21	1.536	1.494	ESTABLE
1443	0.25	1.893	1.966	ESTABLE
12776	0.208	1.504	1.478	ESTABLE
12511	0.201	1.446	1.472	ESTABLE
12865	0.222	1.534	1.544	ESTABLE
19927	0.224	1.61	1.595	ESTABLE
2596	0.237	1.655	1.697	ESTABLE
12526	0.198	1.496	1.441	ESTABLE
9442	0.211	1.53	1.54	ESTABLE
2763	0.223	1.612	1.664	ESTABLE
12674	0.21	1.536	1.492	ESTABLE
12472	0.208	1.493	1.443	ESTABLE
3431	0.237	1.698	1.671	ESTABLE
18918	0.217	1.586	1.574	ESTABLE
7407	0.255	1.99	1.896	ESTABLE
78	0.255	1.764	1.824	ESTABLE
951	0.242	1.788	1.892	ESTABLE
10396	0.237	1.714	1.771	ESTABLE
5135	0.24	1.747	1.748	ESTABLE
2898	0.235	1.596	1.638	ESTABLE
16340	0.212	1.631	1.524	ESTABLE
10339	0.235	1.728	1.698	ESTABLE
19750	0.22	1.614	1.547	ESTABLE
7989	0.236	1.733	1.755	ESTABLE
1325	0.266	1.924	1.993	ESTABLE
19431	0.213	1.533	1.635	ESTABLE
2955	0.226	1.568	1.688	ESTABLE
11726	0.243	1.65	1.765	ESTABLE
14130	0.252	1.928	1.899	ESTABLE
5184	0.233	1.706	1.71	ESTABLE
2347	0.208	1.544	1.513	ESTABLE
7497	0.258	1.983	1.893	ESTABLE
16166	0.211	1.481	1.452	ESTABLE
14855	0.241	1.811	1.685	ESTABLE
17731	0.263	1.912	1.947	ESTABLE
9330	0.211	1.502	1.461	ESTABLE
16175	0.218	1.567	1.498	ESTABLE
6705	0.213	1.617	1.591	ESTABLE
5615	0.214	1.545	1.583	ESTABLE
16765	0.248	1.907	1.859	ESTABLE
16696	0.239	1.821	1.752	ESTABLE
2251	0.208	1.508	1.406	ESTABLE
19759	0.22	1.575	1.534	ESTABLE
13996	0.248	1.783	1.845	ESTABLE
14268	0.255	1.932	1.942	ESTABLE
886	0.244	1.736	1.832	ESTABLE
6769	0.231	1.646	1.685	ESTABLE
19211	0.233	1.574	1.741	INESTABLE
8681	0.233	1.673	1.753	ESTABLE
6254	0.228	1.629	1.729	ESTABLE
19298	0.229	1.608	1.593	ESTABLE
14214	0.266	1.988	2.009	ESTABLE
18123	0.245	1.853	1.868	ESTABLE
8200	0.251	1.802	1.772	ESTABLE
3188	0.216	1.621	1.564	ESTABLE
14573	0.252	1.918	1.889	ESTABLE
18934	0.215	1.571	1.555	ESTABLE
1167	0.255	1.85	1.932	ESTABLE
10169	0.239	1.679	1.687	ESTABLE
15472	0.214	1.59	1.65	ESTABLE
9508	0.221	1.7	1.605	ESTABLE
9562	0.227	1.701	1.642	ESTABLE
10394	0.253	1.749	1.868	ESTABLE
14195	0.267	1.926	2.009	ESTABLE
880	0.242	1.778	1.863	ESTABLE
7710	0.244	1.882	1.889	ESTABLE
19803	0.22	1.574	1.528	ESTABLE
13947	0.241	1.794	1.927	ESTABLE
7599	0.267	1.952	1.972	ESTABLE
4818	0.25	1.769	1.874	ESTABLE
9594	0.234	1.683	1.669	ESTABLE
4270	0.241	1.779	1.77	ESTABLE
19714	0.216	1.56	1.538	ESTABLE
5429	0.207	1.517	1.477	ESTABLE
16823	0.241	1.791	1.806	ESTABLE
12913	0.22	1.613	1.618	ESTABLE
13779	0.244	1.769	1.81	ESTABLE
10063	0.247	1.74	1.793	ESTABLE
7319	0.27	2.025	1.944	ESTABLE
19933	0.234	1.65	1.681	ESTABLE
7283	0.265	2.01	2.016	ESTABLE
2927	0.224	1.575	1.574	ESTABLE
10999	0.266	1.993	1.93	ESTABLE
17275	0.248	1.746	1.809	ESTABLE
16465	0.228	1.676	1.555	ESTABLE
4193	0.259	1.931	1.929	ESTABLE
15427	0.224	1.636	1.644	ESTABLE
17335	0.25	1.861	1.794	ESTABLE
18281	0.228	1.699	1.61	ESTABLE
5936	0.219	1.549	1.502	ESTABLE
18967	0.216	1.66	1.574	ESTABLE
9837	0.249	1.769	1.71	ESTABLE
11748	0.227	1.584	1.691	ESTABLE
15589	0.218	1.602	1.61	ESTABLE
7287	0.262	1.908	1.868	ESTABLE
11245	0.257	1.903	1.862	ESTABLE
6224	0.224	1.694	1.689	ESTABLE
1158	0.254	1.829	1.876	ESTABLE
12723	0.199	1.479	1.467	ESTABLE
13258	0.244	1.823	1.782	ESTABLE
13716	0.239	1.701	1.771	ESTABLE
8501	0.237	1.678	1.74	ESTABLE
9687	0.237	1.711	1.656	ESTABLE
18082	0.261	1.932	1.923	ESTABLE
835	0.249	1.838	1.78	ESTABLE
17516	0.251	1.88	1.88	ESTABLE
19295	0.232	1.646	1.657	ESTABLE
13242	0.231	1.78	1.685	ESTABLE
1861	0.231	1.678	1.589	ESTABLE
19286	0.227	1.574	1.604	ESTABLE
4913	0.253	1.837	1.831	ESTABLE
6173	0.238	1.66	1.75	ESTABLE
9791	0.237	1.74	1.768	ESTABLE
8558	0.245	1.746	1.797	ESTABLE
9073	0.206	1.471	1.471	ESTABLE
10655	0.26	1.932	1.929	ESTABLE
9060	0.201	1.413	1.427	ESTABLE
11020	0.246	1.88	1.857	ESTABLE
2092	0.218	1.551	1.499	ESTABLE
15786	0.231	1.616	1.669	ESTABLE
19355	0.219	1.499	1.6	ESTABLE
9781	0.236	1.677	1.656	ESTABLE
9263	0.212	1.536	1.451	ESTABLE
12263	0.214	1.551	1.567	ESTABLE
241	0.254	1.946	1.862	ESTABLE
3353	0.238	1.712	1.702	ESTABLE
13014	0.222	1.689	1.634	ESTABLE
9901	0.239	1.755	1.754	ESTABLE
15293	0.229	1.627	1.675	ESTABLE
7151	0.255	1.91	1.849	ESTABLE
18817	0.219	1.567	1.644	ESTABLE
17558	0.246	1.757	1.817	ESTABLE
11427	0.241	1.764	1.767	ESTABLE
12337	0.213	1.505	1.578	ESTABLE
13888	0.235	1.786	1.81	ESTABLE
9024	0.212	1.466	1.441	ESTABLE
10010	0.243	1.726	1.773	ESTABLE
19106	0.224	1.626	1.647	ESTABLE
7333	0.256	1.968	1.958	ESTABLE
17092	0.26	1.866	1.856	ESTABLE
5676	0.2	1.515	1.446	ESTABLE
19791	0.229	1.543	1.608	ESTABLE
15536	0.223	1.562	1.665	ESTABLE
292	0.265	1.947	1.877	ESTABLE
16658	0.24	1.779	1.758	ESTABLE
13419	0.236	1.764	1.865	ESTABLE
8818	0.224	1.585	1.6	ESTABLE
6775	0.242	1.683	1.72	ESTABLE
7377	0.26	2.031	1.905	ESTABLE
19351	0.218	1.613	1.617	ESTABLE
7023	0.251	1.841	1.839	ESTABLE
5339	0.226	1.658	1.579	ESTABLE
16629	0.237	1.744	1.693	ESTABLE
18503	0.23	1.645	1.603	ESTABLE
900	0.246	1.764	1.838	ESTABLE
9342	0.211	1.513	1.484	ESTABLE
18988	0.219	1.589	1.59	ESTABLE
8476	0.234	1.676	1.723	ESTABLE
5359	0.222	1.548	1.572	ESTABLE
11281	0.241	1.814	1.716	ESTABLE
11461	0.251	1.743	1.738	ESTABLE
18004	0.25	1.872	1.918	ESTABLE
5820	0.231	1.569	1.498	ESTABLE
14618	0.237	1.91	1.89	ESTABLE
16017	0.207	1.449	1.547	ESTABLE
16519	0.235	1.718	1.712	ESTABLE
18364	0.225	1.701	1.592	ESTABLE
1002	0.245	1.773	1.859	ESTABLE
4060	0.236	1.914	1.835	ESTABLE
13008	0.225	1.68	1.553	ESTABLE
15212	0.226	1.591	1.512	ESTABLE
18010	0.263	1.899	1.923	ESTABLE
8978	0.223	1.527	1.487	ESTABLE
6525	0.244	1.661	1.77	ESTABLE
11809	0.242	1.666	1.798	ESTABLE
18072	0.252	1.902	1.932	ESTABLE
14957	0.237	1.69	1.562	ESTABLE
1084	0.251	1.784	1.907	ESTABLE
8176	0.241	1.771	1.826	ESTABLE
17685	0.249	1.823	1.926	ESTABLE
6578	0.225	1.611	1.643	ESTABLE
6317	0.226	1.664	1.614	ESTABLE
5694	0.208	1.55	1.382	INESTABLE
18691	0.222	1.608	1.475	ESTABLE
4445	0.234	1.739	1.793	ESTABLE
13219	0.24	1.787	1.744	ESTABLE
10195	0.243	1.712	1.777	ESTABLE
2151	0.225	1.562	1.532	ESTABLE
17136	0.253	1.816	1.867	ESTABLE
1842	0.219	1.596	1.562	ESTABLE
19854	0.244	1.644	1.63	ESTABLE
15875	0.222	1.601	1.566	ESTABLE
13343	0.243	1.813	1.82	ESTABLE
6927	0.234	1.759	1.735	ESTABLE
18949	0.24	1.614	1.669	ESTABLE
6159	0.229	1.577	1.678	ESTABLE
2926	0.228	1.541	1.64	ESTABLE
13657	0.243	1.739	1.784	ESTABLE
8829	0.22	1.545	1.578	ESTABLE
10515	0.245	1.873	1.844	ESTABLE
18658	0.209	1.524	1.457	ESTABLE
17709	0.254	1.847	1.925	ESTABLE
4404	0.241	1.785	1.856	ESTABLE
7470	0.26	1.974	1.888	ESTABLE
3219	0.215	1.577	1.603	ESTABLE
16110	0.225	1.556	1.531	ESTABLE
9187	0.211	1.518	1.42	ESTABLE
10190	0.243	1.704	1.796	ESTABLE
9931	0.233	1.728	1.781	ESTABLE
11072	0.262	1.922	1.885	ESTABLE
663	0.258	1.866	1.886	ESTABLE
12205	0.23	1.581	1.738	INESTABLE
16590	0.245	1.764	1.741	ESTABLE
15572	0.231	1.664	1.798	ESTABLE
1616	0.246	1.832	1.8	ESTABLE
7785	0.244	1.795	1.749	ESTABLE
10863	0.271	2.013	2.029	ESTABLE
18930	0.229	1.674	1.61	ESTABLE
1271	0.266	1.932	1.903	ESTABLE
13164	0.238	1.788	1.769	ESTABLE
4714	0.238	1.739	1.787	ESTABLE
13205	0.226	1.809	1.724	ESTABLE
9025	0.216	1.486	1.437	ESTABLE
5643	0.213	1.546	1.499	ESTABLE
17894	0.257	1.903	1.962	ESTABLE
15501	0.218	1.601	1.628	ESTABLE
15912	0.215	1.452	1.532	ESTABLE
19444	0.219	1.562	1.521	ESTABLE
8656	0.223	1.607	1.68	ESTABLE
13465	0.238	1.765	1.811	ESTABLE
11268	0.244	1.793	1.817	ESTABLE
9375	0.216	1.493	1.457	ESTABLE
19940	0.227	1.666	1.643	ESTABLE
3462	0.232	1.724	1.749	ESTABLE
17922	0.266	1.925	1.953	ESTABLE
4857	0.243	1.802	1.903	ESTABLE
4904	0.249	1.89	1.857	ESTABLE
19496	0.226	1.51	1.593	ESTABLE
3688	0.238	1.909	1.853	ESTABLE
13750	0.239	1.763	1.716	ESTABLE
406	0.254	1.944	1.881	ESTABLE
15013	0.235	1.582	1.579	ESTABLE
9051	0.206	1.417	1.436	ESTABLE
10687	0.254	1.887	1.939	ESTABLE
13021	0.24	1.697	1.606	ESTABLE
12718	0.218	1.574	1.471	ESTABLE
2852	0.217	1.598	1.577	ESTABLE
2196	0.216	1.508	1.478	ESTABLE
10478	0.261	1.895	1.872	ESTABLE
8451	0.227	1.647	1.722	ESTABLE
4846	0.246	1.826	1.838	ESTABLE
6617	0.222	1.64	1.626	ESTABLE
14267	0.266	1.91	1.989	ESTABLE
2568	0.234	1.592	1.624	ESTABLE
13874	0.249	1.753	1.834	ESTABLE
1399	0.252	1.863	1.964	ESTABLE
4135	0.263	2.01	1.953	ESTABLE
6316	0.229	1.638	1.726	ESTABLE
6944	0.23	1.693	1.773	ESTABLE
5478	0.225	1.648	1.547	ESTABLE
5665	0.207	1.516	1.453	ESTABLE
14715	0.235	1.784	1.631	INESTABLE
3942	0.263	1.905	1.917	ESTABLE
4832	0.24	1.747	1.888	ESTABLE
16453	0.228	1.652	1.616	ESTABLE
1138	0.245	1.847	1.956	ESTABLE
12937	0.227	1.621	1.536	ESTABLE
18965	0.214	1.54	1.597	ESTABLE
19797	0.211	1.629	1.546	ESTABLE
15607	0.239	1.622	1.718	ESTABLE
7722	0.259	1.967	1.847	ESTABLE
15560	0.236	1.589	1.637	ESTABLE
13718	0.256	1.841	1.806	ESTABLE
12685	0.214	1.476	1.493	ESTABLE
16794	0.261	1.898	1.823	ESTABLE
7456	0.253	1.978	1.941	ESTABLE
13566	0.243	1.795	1.768	ESTABLE
11266	0.242	1.863	1.843	ESTABLE
17494	0.235	1.755	1.819	ESTABLE
18044	0.268	1.927	1.833	ESTABLE
4953	0.251	1.787	1.819	ESTABLE
2020	0.208	1.563	1.479	ESTABLE
8801	0.227	1.564	1.559	ESTABLE
7414	0.258	2.009	1.945	ESTABLE
8632	0.235	1.703	1.741	ESTABLE
15240	0.226	1.565	1.585	ESTABLE
18296	0.244	1.733	1.757	ESTABLE
8628	0.249	1.764	1.809	ESTABLE
1463	0.244	1.867	1.896	ESTABLE
17359	0.251	1.849	1.87	ESTABLE
6114	0.219	1.592	1.65	ESTABLE
12105	0.236	1.627	1.671	ESTABLE
12500	0.209	1.404	1.511	ESTABLE
18850	0.219	1.566	1.58	ESTABLE
6059	0.22	1.612	1.587	ESTABLE
12699	0.211	1.488	1.448	ESTABLE
2987	0.224	1.59	1.675	ESTABLE
19102	0.226	1.578	1.666	ESTABLE
16027	0.217	1.556	1.541	ESTABLE
15432	0.233	1.649	1.679	ESTABLE
19001	0.228	1.644	1.61	ESTABLE
10105	0.244	1.717	1.766	ESTABLE
3785	0.27	2.066	1.915	INESTABLE
19366	0.225	1.523	1.59	ESTABLE
2685	0.216	1.525	1.588	ESTABLE
9563	0.229	1.741	1.582	INESTABLE
5598	0.211	1.558	1.5	ESTABLE
17204	0.239	1.737	1.834	ESTABLE
844	0.241	1.784	1.783	ESTABLE
3179	0.228	1.603	1.624	ESTABLE
6543	0.227	1.637	1.721	ESTABLE
15740	0.23	1.563	1.672	ESTABLE
9652	0.233	1.764	1.697	ESTABLE
2872	0.228	1.585	1.653	ESTABLE
14012	0.252	1.849	1.894	ESTABLE
126	0.244	1.819	1.785	ESTABLE
11824	0.24	1.761	1.65	ESTABLE
19236	0.23	1.602	1.67	ESTABLE
5033	0.243	1.792	1.769	ESTABLE
16088	0.213	1.445	1.537	ESTABLE
12875	0.217	1.565	1.493	ESTABLE
1627	0.232	1.709	1.759	ESTABLE
3143	0.227	1.628	1.65	ESTABLE
18452	0.218	1.598	1.613	ESTABLE
9746	0.247	1.7	1.677	ESTABLE
9225	0.208	1.476	1.442	ESTABLE
8693	0.231	1.594	1.671	ESTABLE
13412	0.241	1.792	1.845	ESTABLE
6226	0.215	1.693	1.608	ESTABLE
6736	0.223	1.634	1.621	ESTABLE
10850	0.258	2.001	1.957	ESTABLE
3319	0.229	1.614	1.642	ESTABLE
1755	0.229	1.787	1.658	ESTABLE
5148	0.235	1.743	1.765	ESTABLE
14228	0.258	1.961	1.901	ESTABLE
5407	0.216	1.545	1.508	ESTABLE
14134	0.246	1.873	1.869	ESTABLE
1016	0.253	1.869	1.907	ESTABLE
15819	0.214	1.521	1.586	ESTABLE
11074	0.259	1.959	1.956	ESTABLE
17175	0.239	1.8	1.856	ESTABLE
16827	0.247	1.862	1.805	ESTABLE
5273	0.22	1.575	1.67	ESTABLE
12304	0.217	1.481	1.501	ESTABLE
5575	0.207	1.467	1.423	ESTABLE
11201	0.256	1.907	1.763	ESTABLE
18550	0.208	1.623	1.592	ESTABLE
3432	0.234	1.683	1.724	ESTABLE
8557	0.241	1.729	1.788	ESTABLE
10444	0.244	1.776	1.788	ESTABLE
658	0.251	1.836	1.867	ESTABLE
18754	0.214	1.557	1.497	ESTABLE
1095	0.254	1.813	1.826	ESTABLE
2416	0.222	1.556	1.599	ESTABLE
14788	0.245	1.86	1.779	ESTABLE
19935	0.228	1.71	1.714	ESTABLE
7392	0.28	2.046	1.948	ESTABLE
15712	0.221	1.536	1.632	ESTABLE
3324	0.232	1.655	1.66	ESTABLE
12300	0.222	1.542	1.64	ESTABLE
11510	0.233	1.734	1.689	ESTABLE
12410	0.214	1.489	1.502	ESTABLE
16158	0.212	1.467	1.536	ESTABLE
13567	0.235	1.727	1.726	ESTABLE
17372	0.241	1.771	1.817	ESTABLE
13752	0.256	1.71	1.802	ESTABLE
14360	0.249	1.868	1.996	ESTABLE
12647	0.206	1.412	1.436	ESTABLE
1578	0.24	1.743	1.749	ESTABLE
42	0.238	1.817	1.742	ESTABLE
3541	0.242	1.752	1.85	ESTABLE
8411	0.236	1.705	1.824	ESTABLE
11485	0.231	1.698	1.635	ESTABLE
2222	0.204	1.54	1.517	ESTABLE
19614	0.205	1.486	1.507	ESTABLE
6871	0.23	1.635	1.729	ESTABLE
19677	0.218	1.63	1.542	ESTABLE
374	0.248	1.878	1.831	ESTABLE
14636	0.245	1.826	1.839	ESTABLE
11002	0.268	2.101	1.996	ESTABLE
2908	0.212	1.567	1.532	ESTABLE
5502	0.208	1.587	1.487	ESTABLE
10470	0.239	1.833	1.795	ESTABLE
11365	0.229	1.765	1.68	ESTABLE
19796	0.218	1.578	1.481	ESTABLE
2550	0.228	1.644	1.636	ESTABLE
19575	0.213	1.584	1.596	ESTABLE
4609	0.236	1.723	1.807	ESTABLE
16259	0.211	1.578	1.487	ESTABLE
3412	0.241	1.73	1.672	ESTABLE
7239	0.261	1.942	1.964	ESTABLE
10428	0.237	1.852	1.853	ESTABLE
5967	0.216	1.605	1.487	ESTABLE
18248	0.23	1.778	1.761	ESTABLE
12832	0.214	1.519	1.406	ESTABLE
59	0.241	1.734	1.776	ESTABLE
5824	0.232	1.605	1.491	ESTABLE
17756	0.257	1.874	1.867	ESTABLE
9651	0.242	1.671	1.648	ESTABLE
17841	0.244	1.915	1.94	ESTABLE
12399	0.209	1.503	1.474	ESTABLE
5746	0.205	1.514	1.413	ESTABLE
7316	0.273	2.03	1.926	ESTABLE
11693	0.233	1.736	1.696	ESTABLE
5709	0.201	1.472	1.431	ESTABLE
10397	0.245	1.751	1.757	ESTABLE
15965	0.218	1.502	1.467	ESTABLE
14316	0.254	1.959	1.976	ESTABLE
18206	0.242	1.84	1.815	ESTABLE
4472	0.244	1.826	1.769	ESTABLE
10572	0.252	1.895	1.928	ESTABLE
19754	0.209	1.564	1.596	ESTABLE
11029	0.261	1.987	1.94	ESTABLE
3311	0.224	1.588	1.652	ESTABLE
17311	0.235	1.73	1.842	ESTABLE
12242	0.221	1.592	1.609	ESTABLE
2377	0.222	1.631	1.564	ESTABLE
11957	0.241	1.721	1.723	ESTABLE
3635	0.254	1.918	1.847	ESTABLE
4642	0.244	1.765	1.819	ESTABLE
4841	0.25	1.738	1.88	ESTABLE
18931	0.217	1.583	1.651	ESTABLE
1952	0.214	1.581	1.485	ESTABLE
17858	0.253	1.939	1.923	ESTABLE
5816	0.217	1.589	1.54	ESTABLE
11166	0.257	1.897	1.872	ESTABLE
4276	0.244	1.788	1.775	ESTABLE
6602	0.222	1.606	1.59	ESTABLE
17518	0.242	1.848	1.852	ESTABLE
17141	0.253	1.829	1.889	ESTABLE
15663	0.222	1.54	1.625	ESTABLE
654	0.245	1.844	1.877	ESTABLE
7170	0.244	1.86	1.936	ESTABLE
7623	0.255	1.961	1.87	ESTABLE
18553	0.223	1.688	1.552	ESTABLE
2958	0.216	1.496	1.59	ESTABLE
1244	0.242	1.851	1.852	ESTABLE
16071	0.211	1.451	1.479	ESTABLE
5753	0.215	1.54	1.514	ESTABLE
10128	0.228	1.65	1.741	ESTABLE
16130	0.209	1.494	1.476	ESTABLE
18534	0.223	1.525	1.534	ESTABLE
4657	0.251	1.74	1.837	ESTABLE
11524	0.236	1.805	1.735	ESTABLE
925	0.244	1.785	1.84	ESTABLE
11757	0.227	1.674	1.654	ESTABLE
10421	0.243	1.788	1.806	ESTABLE
7752	0.249	1.868	1.813	ESTABLE
5771	0.218	1.599	1.452	ESTABLE
5693	0.216	1.482	1.417	ESTABLE
19300	0.23	1.64	1.661	ESTABLE
17680	0.245	1.795	1.939	ESTABLE
7190	0.245	1.864	1.919	ESTABLE
19919	0.232	1.693	1.616	ESTABLE
8734	0.232	1.633	1.731	ESTABLE
7903	0.254	1.791	1.815	ESTABLE
8122	0.233	1.707	1.73	ESTABLE
3282	0.216	1.609	1.667	ESTABLE
5231	0.228	1.717	1.664	ESTABLE
7628	0.246	1.912	1.867	ESTABLE
11713	0.233	1.697	1.672	ESTABLE
15457	0.219	1.543	1.628	ESTABLE
1920	0.221	1.569	1.598	ESTABLE
9206	0.209	1.483	1.429	ESTABLE
961	0.247	1.842	1.874	ESTABLE
18921	0.216	1.605	1.559	ESTABLE
10449	0.258	1.923	1.942	ESTABLE
855	0.251	1.827	1.838	ESTABLE
5893	0.217	1.501	1.517	ESTABLE
8862	0.217	1.517	1.586	ESTABLE
12727	0.213	1.472	1.502	ESTABLE
17934	0.24	1.935	1.873	ESTABLE
16463	0.223	1.583	1.617	ESTABLE
11274	0.244	1.873	1.791	ESTABLE
15882	0.217	1.541	1.611	ESTABLE
15719	0.211	1.552	1.644	ESTABLE
11768	0.238	1.74	1.75	ESTABLE
17769	0.269	2.001	2.012	ESTABLE
640	0.258	1.958	1.909	ESTABLE
8165	0.24	1.701	1.736	ESTABLE
18952	0.217	1.686	1.644	ESTABLE
17738	0.262	1.947	1.976	ESTABLE
17003	0.236	1.779	1.843	ESTABLE
12551	0.209	1.473	1.501	ESTABLE
9168	0.218	1.501	1.44	ESTABLE
2875	0.232	1.575	1.741	INESTABLE
1999	0.228	1.59	1.555	ESTABLE
17415	0.246	1.8	1.821	ESTABLE
13501	0.253	1.801	1.842	ESTABLE
16348	0.215	1.542	1.528	ESTABLE
18909	0.219	1.588	1.599	ESTABLE
8054	0.243	1.764	1.761	ESTABLE
1136	0.244	1.868	1.88	ESTABLE
4871	0.249	1.732	1.899	INESTABLE
14615	0.257	1.932	1.935	ESTABLE
9171	0.211	1.513	1.486	ESTABLE
9011	0.204	1.503	1.475	ESTABLE
6133	0.231	1.693	1.63	ESTABLE
7036	0.243	1.805	1.766	ESTABLE
11599	0.234	1.721	1.582	ESTABLE
5663	0.207	1.536	1.419	ESTABLE
13981	0.246	1.804	1.838	ESTABLE
17096	0.23	1.786	1.719	ESTABLE
967	0.233	1.742	1.846	ESTABLE
16984	0.259	1.925	1.8	ESTABLE
12944	0.215	1.635	1.559	ESTABLE
14194	0.256	1.912	1.975	ESTABLE
5505	0.22	1.563	1.495	ESTABLE
1660	0.243	1.808	1.816	ESTABLE
15106	0.215	1.599	1.609	ESTABLE
1400	0.265	1.892	2.003	ESTABLE
18103	0.25	1.878	1.821	ESTABLE
10865	0.267	1.957	1.999	ESTABLE
3014	0.224	1.536	1.666	ESTABLE
4221	0.252	1.883	1.852	ESTABLE
14531	0.254	1.951	1.887	ESTABLE
6480	0.237	1.716	1.74	ESTABLE
2113	0.219	1.612	1.613	ESTABLE
715	0.249	1.861	1.829	ESTABLE
2458	0.226	1.563	1.545	ESTABLE
8482	0.241	1.729	1.778	ESTABLE
2754	0.229	1.639	1.676	ESTABLE
12198	0.215	1.568	1.598	ESTABLE
18057	0.257	1.968	1.87	ESTABLE
6493	0.241	1.648	1.725	ESTABLE
19510	0.218	1.516	1.545	ESTABLE
7284	0.26	2.002	1.942	ESTABLE
2021	0.208	1.515	1.477	ESTABLE
392	0.254	1.953	1.939	ESTABLE
3980	0.263	1.879	1.91	ESTABLE
18024	0.245	1.849	1.838	ESTABLE
19345	0.208	1.497	1.566	ESTABLE
17317	0.243	1.786	1.86	ESTABLE
3104	0.215	1.598	1.59	ESTABLE
8188	0.244	1.743	1.745	ESTABLE
14818	0.247	1.805	1.742	ESTABLE
19810	0.229	1.589	1.618	ESTABLE
1019	0.251	1.803	1.827	ESTABLE
5698	0.205	1.5	1.492	ESTABLE
8526	0.231	1.695	1.778	ESTABLE
9793	0.238	1.732	1.734	ESTABLE
1605	0.247	1.855	1.862	ESTABLE
16826	0.249	1.882	1.803	ESTABLE
12985	0.231	1.734	1.661	ESTABLE
11657	0.224	1.628	1.703	ESTABLE
8134	0.232	1.688	1.766	ESTABLE
17123	0.266	1.848	1.894	ESTABLE
18762	0.218	1.593	1.606	ESTABLE
10742	0.26	1.994	1.896	ESTABLE
18747	0.222	1.664	1.541	ESTABLE
1322	0.247	1.877	1.886	ESTABLE
9969	0.234	1.76	1.786	ESTABLE
5165	0.239	1.657	1.741	ESTABLE
2963	0.225	1.575	1.606	ESTABLE
3930	0.263	1.942	1.876	ESTABLE
8684	0.226	1.663	1.672	ESTABLE
15183	0.222	1.653	1.628	ESTABLE
10103	0.235	1.734	1.722	ESTABLE
18547	0.216	1.527	1.542	ESTABLE
6804	0.243	1.696	1.716	ESTABLE
11741	0.238	1.651	1.786	ESTABLE
3957	0.253	1.916	1.942	ESTABLE
13321	0.246	1.766	1.768	ESTABLE
10291	0.229	1.721	1.699	ESTABLE
15272	0.227	1.593	1.639	ESTABLE
17818	0.262	1.924	1.964	ESTABLE
5387	0.212	1.542	1.458	ESTABLE
3463	0.241	1.732	1.813	ESTABLE
5093	0.241	1.754	1.855	ESTABLE
3571	0.267	1.904	1.875	ESTABLE
17419	0.247	1.79	1.826	ESTABLE
6643	0.221	1.577	1.686	ESTABLE
2448	0.226	1.57	1.504	ESTABLE
7655	0.26	1.873	1.876	ESTABLE
8912	0.215	1.51	1.522	ESTABLE
14836	0.236	1.809	1.682	ESTABLE
10423	0.245	1.762	1.822	ESTABLE
10691	0.259	1.933	1.957	ESTABLE
18020	0.25	1.859	1.842	ESTABLE
10323	0.248	1.694	1.832	ESTABLE
8553	0.235	1.635	1.761	ESTABLE
9558	0.224	1.672	1.537	ESTABLE
7759	0.245	1.875	1.863	ESTABLE
4284	0.248	1.874	1.813	ESTABLE
14254	0.259	1.921	2.014	ESTABLE
17981	0.261	1.919	1.971	ESTABLE
2453	0.209	1.596	1.603	ESTABLE
12923	0.221	1.608	1.586	ESTABLE
4375	0.25	1.826	1.723	ESTABLE
19649	0.213	1.545	1.484	ESTABLE
3132	0.222	1.573	1.508	ESTABLE
2783	0.236	1.548	1.609	ESTABLE
17165	0.251	1.836	1.92	ESTABLE
12206	0.216	1.509	1.589	ESTABLE
13536	0.25	1.822	1.806	ESTABLE
7585	0.264	1.958	1.869	ESTABLE
1439	0.249	1.8	1.835	ESTABLE
3049	0.228	1.62	1.661	ESTABLE
9170	0.217	1.535	1.459	ESTABLE
4666	0.249	1.791	1.852	ESTABLE
1963	0.217	1.563	1.522	ESTABLE
16123	0.215	1.519	1.549	ESTABLE
18372	0.236	1.677	1.606	ESTABLE
7805	0.248	1.845	1.84	ESTABLE
6724	0.24	1.642	1.695	ESTABLE
3407	0.223	1.667	1.656	ESTABLE
19843	0.221	1.593	1.613	ESTABLE
12330	0.224	1.523	1.572	ESTABLE
48	0.236	1.776	1.692	ESTABLE
16990	0.246	1.852	1.795	ESTABLE
18465	0.218	1.708	1.577	ESTABLE
11352	0.243	1.785	1.751	ESTABLE
19229	0.216	1.582	1.614	ESTABLE
784	0.244	1.728	1.809	ESTABLE
13437	0.234	1.721	1.75	ESTABLE
209	0.251	1.865	1.811	ESTABLE
4934	0.245	1.777	1.824	ESTABLE
8033	0.244	1.746	1.709	ESTABLE
6404	0.228	1.69	1.764	ESTABLE
16167	0.197	1.467	1.455	ESTABLE
12068	0.248	1.691	1.747	ESTABLE
15202	0.224	1.564	1.641	ESTABLE
7949	0.235	1.738	1.738	ESTABLE
9959	0.235	1.687	1.722	ESTABLE
9555	0.236	1.671	1.677	ESTABLE
6576	0.232	1.646	1.728	ESTABLE
19287	0.229	1.589	1.636	ESTABLE
262	0.266	1.993	1.899	ESTABLE
14967	0.231	1.656	1.554	ESTABLE
2831	0.225	1.567	1.634	ESTABLE
17168	0.262	1.888	1.909	ESTABLE
10181	0.243	1.703	1.76	ESTABLE
9251	0.219	1.501	1.47	ESTABLE
15241	0.228	1.653	1.667	ESTABLE
2259	0.222	1.556	1.5	ESTABLE
13138	0.231	1.74	1.719	ESTABLE
1505	0.247	1.851	1.907	ESTABLE
16901	0.25	1.76	1.934	INESTABLE
7314	0.267	1.947	1.943	ESTABLE
5877	0.225	1.594	1.594	ESTABLE
1726	0.235	1.704	1.733	ESTABLE
16451	0.225	1.664	1.536	ESTABLE
3913	0.266	2.018	1.936	ESTABLE
12217	0.224	1.615	1.616	ESTABLE
2553	0.237	1.66	1.601	ESTABLE
8889	0.194	1.5	1.407	ESTABLE
10484	0.236	1.761	1.801	ESTABLE
13640	0.244	1.783	1.806	ESTABLE
18093	0.267	1.887	1.879	ESTABLE
19032	0.219	1.564	1.563	ESTABLE
7357	0.252	1.964	1.932	ESTABLE
13742	0.224	1.735	1.767	ESTABLE
1159	0.258	1.849	1.814	ESTABLE
5865	0.214	1.586	1.534	ESTABLE
4918	0.25	1.806	1.912	ESTABLE
19028	0.228	1.603	1.689	ESTABLE
11927	0.223	1.617	1.751	ESTABLE
15459	0.241	1.694	1.717	ESTABLE
1507	0.249	1.813	1.847	ESTABLE
8014	0.249	1.8	1.85	ESTABLE
403	0.25	1.916	1.893	ESTABLE
1444	0.263	1.909	1.96	ESTABLE
19047	0.234	1.635	1.727	ESTABLE
16674	0.24	1.78	1.758	ESTABLE
7485	0.261	2.037	1.973	ESTABLE
19573	0.208	1.437	1.466	ESTABLE
3372	0.239	1.692	1.701	ESTABLE
8360	0.247	1.715	1.801	ESTABLE
5155	0.231	1.758	1.658	ESTABLE
12049	0.237	1.614	1.717	ESTABLE
5469	0.211	1.478	1.439	ESTABLE
16372	0.221	1.627	1.467	INESTABLE
1817	0.24	1.665	1.755	ESTABLE
11801	0.232	1.68	1.677	ESTABLE
16738	0.245	1.861	1.791	ESTABLE
14916	0.232	1.662	1.631	ESTABLE
16258	0.217	1.505	1.523	ESTABLE
2526	0.223	1.562	1.612	ESTABLE
8617	0.222	1.615	1.613	ESTABLE
2093	0.211	1.58	1.489	ESTABLE
8913	0.212	1.561	1.475	ESTABLE
14069	0.252	1.827	1.935	ESTABLE
10978	0.269	2.026	1.906	ESTABLE
962	0.246	1.798	1.822	ESTABLE
3869	0.257	2.007	1.906	ESTABLE
8807	0.217	1.558	1.543	ESTABLE
4160	0.249	1.843	1.89	ESTABLE
12186	0.224	1.597	1.621	ESTABLE
5472	0.22	1.561	1.516	ESTABLE
8496	0.243	1.693	1.84	ESTABLE
16949	0.247	1.851	1.794	ESTABLE
11361	0.245	1.818	1.758	ESTABLE
16267	0.225	1.57	1.544	ESTABLE
5369	0.233	1.678	1.602	ESTABLE
372	0.251	1.961	1.901	ESTABLE
18634	0.227	1.573	1.581	ESTABLE
416	0.262	1.961	1.867	ESTABLE
3914	0.264	1.98	1.948	ESTABLE
18906	0.238	1.657	1.591	ESTABLE
18187	0.229	1.694	1.682	ESTABLE
1804	0.224	1.698	1.663	ESTABLE
14857	0.225	1.735	1.683	ESTABLE
3801	0.262	1.931	1.963	ESTABLE
14238	0.261	1.959	1.964	ESTABLE
18189	0.241	1.795	1.767	ESTABLE
8012	0.242	1.789	1.683	ESTABLE
1898	0.219	1.583	1.552	ESTABLE
7820	0.254	1.873	1.808	ESTABLE
18416	0.239	1.635	1.64	ESTABLE
10164	0.223	1.601	1.733	ESTABLE
2167	0.217	1.588	1.454	ESTABLE
12804	0.209	1.536	1.479	ESTABLE
10707	0.255	1.903	1.972	ESTABLE
5092	0.229	1.765	1.731	ESTABLE
6659	0.236	1.662	1.731	ESTABLE
16755	0.243	1.823	1.792	ESTABLE
17561	0.249	1.876	1.946	ESTABLE
10156	0.235	1.708	1.739	ESTABLE
2740	0.225	1.556	1.582	ESTABLE
9093	0.208	1.46	1.39	ESTABLE
5004	0.24	1.749	1.819	ESTABLE
19698	0.217	1.522	1.487	ESTABLE
17727	0.261	1.873	2.002	ESTABLE
19644	0.207	1.511	1.528	ESTABLE
18310	0.228	1.636	1.629	ESTABLE
16419	0.22	1.61	1.635	ESTABLE
9388	0.215	1.611	1.521	ESTABLE
17380	0.236	1.735	1.86	ESTABLE
13041	0.226	1.718	1.635	ESTABLE
1982	0.21	1.503	1.465	ESTABLE
1306	0.24	1.814	1.871	ESTABLE
7070	0.262	1.884	1.888	ESTABLE
8592	0.238	1.761	1.791	ESTABLE
452	0.246	1.88	1.899	ESTABLE
2213	0.204	1.548	1.461	ESTABLE
547	0.259	1.986	1.955	ESTABLE
18124	0.25	1.84	1.823	ESTABLE
15435	0.238	1.661	1.673	ESTABLE
5662	0.195	1.501	1.404	ESTABLE
11974	0.241	1.669	1.722	ESTABLE
13791	0.251	1.795	1.876	ESTABLE
12676	0.193	1.363	1.401	ESTABLE
4325	0.24	1.739	1.811	ESTABLE
10371	0.246	1.751	1.78	ESTABLE
11833	0.233	1.57	1.728	INESTABLE
396	0.238	1.888	1.889	ESTABLE
19804	0.226	1.659	1.579	ESTABLE
16371	0.217	1.577	1.524	ESTABLE
7900	0.233	1.746	1.805	ESTABLE
3695	0.252	1.875	1.815	ESTABLE
12645	0.217	1.538	1.457	ESTABLE
18070	0.259	1.824	1.881	ESTABLE
17650	0.251	1.923	1.912	ESTABLE
1789	0.224	1.662	1.698	ESTABLE
9685	0.239	1.676	1.65	ESTABLE
12837	0.211	1.527	1.441	ESTABLE
19031	0.222	1.642	1.701	ESTABLE
19891	0.22	1.661	1.646	ESTABLE
18230	0.239	1.76	1.71	ESTABLE
6733	0.228	1.632	1.697	ESTABLE
9885	0.232	1.654	1.66	ESTABLE
879	0.244	1.812	1.828	ESTABLE
18450	0.234	1.716	1.601	ESTABLE
19600	0.221	1.549	1.525	ESTABLE
2761	0.234	1.636	1.673	ESTABLE
9076	0.208	1.473	1.498	ESTABLE
8120	0.247	1.749	1.8	ESTABLE
4582	0.238	1.841	1.805	ESTABLE
17528	0.256	1.847	1.942	ESTABLE
14071	0.252	1.796	1.877	ESTABLE
18270	0.23	1.744	1.656	ESTABLE
12584	0.212	1.479	1.457	ESTABLE
4036	0.25	1.918	1.893	ESTABLE
4588	0.243	1.851	1.786	ESTABLE
3293	0.221	1.512	1.717	INESTABLE
2841	0.23	1.658	1.706	ESTABLE
7119	0.242	1.883	1.86	ESTABLE
14497	0.246	1.923	1.944	ESTABLE
13491	0.23	1.744	1.698	ESTABLE
4961	0.242	1.802	1.845	ESTABLE
6982	0.241	1.733	1.751	ESTABLE
11508	0.226	1.725	1.669	ESTABLE
14422	0.28	1.951	1.942	ESTABLE
5378	0.213	1.607	1.51	ESTABLE
278	0.243	1.917	1.825	ESTABLE
2242	0.213	1.507	1.499	ESTABLE
19905	0.239	1.685	1.699	ESTABLE
4363	0.249	1.817	1.813	ESTABLE
12542	0.203	1.394	1.409	ESTABLE
4494	0.248	1.863	1.815	ESTABLE
18019	0.245	1.897	1.814	ESTABLE
18700	0.219	1.581	1.544	ESTABLE
10268	0.237	1.743	1.764	ESTABLE
3382	0.234	1.698	1.743	ESTABLE
3357	0.223	1.637	1.632	ESTABLE
2928	0.234	1.587	1.686	ESTABLE
12553	0.192	1.388	1.415	ESTABLE
7503	0.257	1.98	1.914	ESTABLE
2321	0.215	1.554	1.496	ESTABLE
15654	0.217	1.615	1.592	ESTABLE
4332	0.25	1.777	1.795	ESTABLE
13839	0.245	1.749	1.844	ESTABLE
3952	0.261	1.994	1.883	ESTABLE
11259	0.243	1.869	1.857	ESTABLE
265	0.247	1.902	1.812	ESTABLE
305	0.252	1.915	1.862	ESTABLE
14584	0.255	1.907	1.873	ESTABLE
17022	0.259	1.947	1.865	ESTABLE
7412	0.259	1.997	1.884	ESTABLE
17188	0.255	1.87	1.8	ESTABLE
2554	0.22	1.627	1.586	ESTABLE
15625	0.221	1.674	1.662	ESTABLE
6994	0.259	1.886	1.885	ESTABLE
36	0.228	1.707	1.686	ESTABLE
3119	0.22	1.469	1.501	ESTABLE
2989	0.202	1.54	1.62	ESTABLE
18361	0.219	1.659	1.609	ESTABLE
7673	0.24	1.88	1.858	ESTABLE
10011	0.24	1.694	1.838	ESTABLE
12988	0.213	1.662	1.628	ESTABLE
1697	0.234	1.727	1.751	ESTABLE
5424	0.214	1.582	1.556	ESTABLE
12185	0.224	1.522	1.602	ESTABLE
2701	0.239	1.655	1.681	ESTABLE
19141	0.227	1.576	1.596	ESTABLE
11811	0.242	1.699	1.747	ESTABLE
3059	0.221	1.644	1.658	ESTABLE
8980	0.212	1.496	1.479	ESTABLE
5210	0.243	1.793	1.77	ESTABLE
9892	0.248	1.796	1.753	ESTABLE
4323	0.238	1.846	1.734	ESTABLE
6630	0.231	1.612	1.712	ESTABLE
14019	0.244	1.858	1.848	ESTABLE
23	0.239	1.759	1.704	ESTABLE
14960	0.226	1.614	1.612	ESTABLE
14461	0.272	1.966	1.962	ESTABLE
18951	0.231	1.636	1.664	ESTABLE
4072	0.28	1.988	1.936	ESTABLE
534	0.243	1.865	1.807	ESTABLE
18957	0.22	1.62	1.587	ESTABLE
3263	0.223	1.584	1.651	ESTABLE
1506	0.248	1.869	1.835	ESTABLE
1587	0.25	1.848	1.875	ESTABLE
11264	0.239	1.84	1.845	ESTABLE
15904	0.205	1.462	1.507	ESTABLE
4280	0.243	1.849	1.778	ESTABLE
11068	0.266	1.993	1.961	ESTABLE
9293	0.216	1.481	1.51	ESTABLE
10580	0.246	1.845	1.916	ESTABLE
8800	0.207	1.503	1.529	ESTABLE
16211	0.206	1.386	1.469	ESTABLE
6942	0.244	1.729	1.77	ESTABLE
14079	0.251	1.812	1.892	ESTABLE
7138	0.242	1.881	1.893	ESTABLE
13033	0.227	1.63	1.647	ESTABLE
2076	0.21	1.467	1.426	ESTABLE
18797	0.213	1.572	1.595	ESTABLE
15023	0.226	1.631	1.613	ESTABLE
3053	0.232	1.603	1.574	ESTABLE
82	0.239	1.76	1.807	ESTABLE
10725	0.251	1.916	1.943	ESTABLE
15993	0.196	1.436	1.487	ESTABLE
19389	0.223	1.518	1.573	ESTABLE
12094	0.239	1.585	1.701	ESTABLE
9117	0.206	1.439	1.442	ESTABLE
16896	0.25	1.916	1.87	ESTABLE
13201	0.23	1.759	1.785	ESTABLE
3051	0.211	1.522	1.564	ESTABLE
2475	0.207	1.531	1.536	ESTABLE
14811	0.238	1.725	1.703	ESTABLE
12294	0.228	1.566	1.658	ESTABLE
13574	0.243	1.809	1.734	ESTABLE
8806	0.222	1.617	1.602	ESTABLE
4659	0.258	1.854	1.921	ESTABLE
16039	0.213	1.473	1.505	ESTABLE
12869	0.217	1.535	1.459	ESTABLE
17820	0.244	1.901	1.948	ESTABLE
18763	0.22	1.567	1.537	ESTABLE
4793	0.241	1.795	1.847	ESTABLE
8182	0.24	1.765	1.827	ESTABLE
4349	0.253	1.849	1.871	ESTABLE
4158	0.261	1.928	1.892	ESTABLE
9088	0.194	1.405	1.436	ESTABLE
1943	0.223	1.525	1.492	ESTABLE
13488	0.255	1.841	1.797	ESTABLE
4443	0.242	1.727	1.76	ESTABLE
3121	0.223	1.487	1.561	ESTABLE
16857	0.267	1.891	1.876	ESTABLE
8761	0.23	1.682	1.684	ESTABLE
9481	0.219	1.726	1.627	ESTABLE
9590	0.234	1.72	1.588	ESTABLE
10606	0.26	1.906	1.847	ESTABLE
5518	0.21	1.491	1.454	ESTABLE
9211	0.213	1.504	1.482	ESTABLE
11496	0.213	1.638	1.642	ESTABLE
1946	0.224	1.592	1.471	ESTABLE
6782	0.236	1.751	1.714	ESTABLE
6771	0.237	1.682	1.703	ESTABLE
4563	0.247	1.801	1.866	ESTABLE
5439	0.21	1.506	1.418	ESTABLE
14031	0.242	1.825	1.838	ESTABLE
11490	0.231	1.665	1.693	ESTABLE
6878	0.233	1.732	1.756	ESTABLE
7765	0.239	1.868	1.767	ESTABLE
3847	0.255	1.954	1.861	ESTABLE
14388	0.257	1.923	1.913	ESTABLE
2851	0.228	1.542	1.639	ESTABLE
11423	0.229	1.729	1.725	ESTABLE
8612	0.238	1.695	1.693	ESTABLE
18535	0.213	1.591	1.499	ESTABLE
1057	0.243	1.853	1.895	ESTABLE
9756	0.241	1.778	1.719	ESTABLE
8112	0.229	1.711	1.722	ESTABLE
3356	0.224	1.677	1.688	ESTABLE
19486	0.224	1.501	1.598	ESTABLE
7162	0.256	1.948	1.888	ESTABLE
14463	0.262	1.958	1.986	ESTABLE
1364	0.254	1.89	1.908	ESTABLE
12022	0.236	1.672	1.706	ESTABLE
8779	0.222	1.567	1.628	ESTABLE
3743	0.268	2.005	1.929	ESTABLE
3710	0.246	1.936	1.847	ESTABLE
17272	0.24	1.759	1.871	ESTABLE
19019	0.218	1.59	1.616	ESTABLE
14986	0.218	1.662	1.567	ESTABLE
5512	0.215	1.49	1.493	ESTABLE
9460	0.215	1.554	1.59	ESTABLE
7368	0.271	2.098	2.049	ESTABLE
9007	0.223	1.566	1.449	ESTABLE
1072	0.239	1.776	1.898	ESTABLE
9572	0.232	1.702	1.625	ESTABLE
19418	0.21	1.491	1.581	ESTABLE
1012	0.254	1.828	1.91	ESTABLE
2709	0.221	1.628	1.737	ESTABLE
5481	0.219	1.576	1.482	ESTABLE
16014	0.223	1.576	1.541	ESTABLE
14545	0.257	1.971	1.837	ESTABLE
18120	0.252	1.875	1.8	ESTABLE
19125	0.242	1.632	1.603	ESTABLE
17393	0.244	1.768	1.778	ESTABLE
16220	0.224	1.549	1.562	ESTABLE
19635	0.211	1.561	1.556	ESTABLE
12582	0.214	1.541	1.541	ESTABLE
6394	0.218	1.6	1.606	ESTABLE
19054	0.215	1.589	1.597	ESTABLE
19459	0.217	1.567	1.545	ESTABLE
315	0.268	1.999	1.901	ESTABLE
11765	0.232	1.652	1.695	ESTABLE
19213	0.209	1.564	1.595	ESTABLE
14779	0.231	1.857	1.772	ESTABLE
10309	0.236	1.761	1.818	ESTABLE
6131	0.237	1.699	1.714	ESTABLE
4598	0.241	1.744	1.857	ESTABLE
9465	0.222	1.653	1.591	ESTABLE
19043	0.221	1.661	1.605	ESTABLE
5468	0.21	1.591	1.531	ESTABLE
5677	0.209	1.557	1.46	ESTABLE
19734	0.222	1.56	1.586	ESTABLE
17496	0.239	1.812	1.788	ESTABLE
13863	0.241	1.755	1.801	ESTABLE
12574	0.202	1.385	1.48	ESTABLE
4518	0.242	1.756	1.674	ESTABLE
13705	0.235	1.756	1.81	ESTABLE
12730	0.214	1.504	1.515	ESTABLE
16739	0.236	1.875	1.745	ESTABLE
4633	0.25	1.782	1.854	ESTABLE
18341	0.229	1.711	1.642	ESTABLE
5999	0.232	1.652	1.62	ESTABLE
3833	0.264	1.963	1.978	ESTABLE
19196	0.224	1.571	1.715	ESTABLE
7818	0.239	1.824	1.708	ESTABLE
3863	0.258	2.025	1.907	ESTABLE
10263	0.24	1.704	1.734	ESTABLE
4390	0.243	1.786	1.835	ESTABLE
2778	0.224	1.594	1.598	ESTABLE
18126	0.248	1.905	1.872	ESTABLE
5654	0.216	1.531	1.39	ESTABLE
17749	0.257	1.878	1.903	ESTABLE
11534	0.219	1.694	1.651	ESTABLE
11401	0.234	1.733	1.686	ESTABLE
3744	0.25	1.945	1.972	ESTABLE
12863	0.213	1.629	1.509	ESTABLE
12735	0.216	1.527	1.553	ESTABLE
10270	0.232	1.778	1.762	ESTABLE
16040	0.212	1.427	1.546	ESTABLE
8597	0.246	1.717	1.786	ESTABLE
3735	0.259	1.961	1.971	ESTABLE
14994	0.224	1.693	1.635	ESTABLE
6458	0.234	1.591	1.688	ESTABLE
10682	0.254	1.84	1.914	ESTABLE
11987	0.235	1.677	1.78	ESTABLE
6127	0.225	1.614	1.62	ESTABLE
3335	0.227	1.623	1.698	ESTABLE
2051	0.205	1.553	1.509	ESTABLE
9121	0.212	1.492	1.426	ESTABLE
6744	0.226	1.567	1.715	ESTABLE
7039	0.235	1.788	1.773	ESTABLE
146	0.237	1.804	1.821	ESTABLE
12742	0.194	1.52	1.488	ESTABLE
14076	0.25	1.866	1.944	ESTABLE
14732	0.236	1.83	1.82	ESTABLE
6466	0.231	1.676	1.677	ESTABLE
957	0.252	1.772	1.879	ESTABLE
12963	0.212	1.552	1.572	ESTABLE
14161	0.259	1.946	1.891	ESTABLE
6108	0.219	1.685	1.683	ESTABLE
6045	0.226	1.599	1.626	ESTABLE
18605	0.208	1.554	1.531	ESTABLE
7598	0.25	1.93	1.879	ESTABLE
15141	0.221	1.612	1.572	ESTABLE
13972	0.247	1.838	1.792	ESTABLE
10846	0.263	1.993	1.931	ESTABLE
5248	0.218	1.658	1.67	ESTABLE
5717	0.21	1.518	1.52	ESTABLE
16909	0.241	1.824	1.822	ESTABLE
7993	0.229	1.738	1.733	ESTABLE
5386	0.208	1.564	1.5	ESTABLE
17375	0.259	1.802	1.919	ESTABLE
17342	0.24	1.808	1.79	ESTABLE
741	0.24	1.817	1.846	ESTABLE
3772	0.265	1.982	2.022	ESTABLE
1465	0.263	1.904	1.931	ESTABLE
9840	0.237	1.742	1.765	ESTABLE
2202	0.226	1.488	1.502	ESTABLE
10451	0.247	1.805	1.812	ESTABLE
14826	0.243	1.745	1.696	ESTABLE
14358	0.259	2.036	1.967	ESTABLE
3199	0.216	1.585	1.557	ESTABLE
15603	0.22	1.617	1.664	ESTABLE
11414	0.229	1.727	1.658	ESTABLE
15825	0.221	1.564	1.569	ESTABLE
17454	0.243	1.804	1.826	ESTABLE
6779	0.223	1.651	1.74	ESTABLE
19033	0.221	1.605	1.628	ESTABLE
11242	0.253	1.858	1.843	ESTABLE
10221	0.23	1.727	1.761	ESTABLE
11415	0.23	1.655	1.703	ESTABLE
4643	0.243	1.763	1.836	ESTABLE
3804	0.251	1.962	1.874	ESTABLE
2814	0.231	1.623	1.702	ESTABLE
13631	0.241	1.807	1.846	ESTABLE
9681	0.228	1.746	1.696	ESTABLE
3426	0.243	1.744	1.726	ESTABLE
15820	0.213	1.577	1.559	ESTABLE
805	0.245	1.836	1.882	ESTABLE
11304	0.245	1.81	1.788	ESTABLE
4940	0.239	1.764	1.869	ESTABLE
19149	0.22	1.56	1.661	ESTABLE
15174	0.216	1.606	1.534	ESTABLE
12817	0.213	1.541	1.533	ESTABLE
12260	0.226	1.591	1.658	ESTABLE
14608	0.256	1.951	1.787	INESTABLE
7243	0.262	1.926	1.893	ESTABLE
17000	0.257	1.856	1.819	ESTABLE
16734	0.25	1.847	1.815	ESTABLE
7275	0.256	1.992	1.9	ESTABLE
8479	0.23	1.686	1.802	ESTABLE
19420	0.214	1.513	1.574	ESTABLE
346	0.247	1.929	1.842	ESTABLE
3472	0.247	1.781	1.758	ESTABLE
14106	0.252	1.842	1.879	ESTABLE
10866	0.271	1.991	1.952	ESTABLE
13095	0.238	1.698	1.665	ESTABLE
1452	0.255	1.833	1.92	ESTABLE
5451	0.208	1.465	1.417	ESTABLE
11633	0.216	1.641	1.646	ESTABLE
8135	0.237	1.738	1.757	ESTABLE
3584	0.244	1.811	1.797	ESTABLE
2785	0.233	1.599	1.625	ESTABLE
17846	0.245	1.887	2.01	ESTABLE
1205	0.259	1.873	1.864	ESTABLE
13707	0.234	1.704	1.702	ESTABLE
16601	0.247	1.846	1.7	ESTABLE
13134	0.234	1.78	1.708	ESTABLE
15704	0.222	1.621	1.679	ESTABLE
14716	0.23	1.806	1.733	ESTABLE
2424	0.224	1.592	1.51	ESTABLE
12354	0.222	1.518	1.588	ESTABLE
19826	0.226	1.605	1.63	ESTABLE
5051	0.248	1.749	1.823	ESTABLE
8280	0.238	1.74	1.79	ESTABLE
7931	0.248	1.769	1.793	ESTABLE
9924	0.236	1.724	1.759	ESTABLE
4561	0.242	1.721	1.865	ESTABLE
17617	0.263	1.894	1.955	ESTABLE
13407	0.241	1.831	1.752	ESTABLE
2267	0.207	1.491	1.538	ESTABLE
9547	0.229	1.646	1.586	ESTABLE
14368	0.26	2.031	1.966	ESTABLE
6870	0.221	1.642	1.723	ESTABLE
15127	0.221	1.632	1.59	ESTABLE
882	0.252	1.81	1.817	ESTABLE
5896	0.215	1.448	1.5	ESTABLE
6548	0.216	1.528	1.613	ESTABLE
3732	0.254	1.943	1.926	ESTABLE
11961	0.228	1.643	1.681	ESTABLE
12876	0.21	1.621	1.495	ESTABLE
9185	0.207	1.513	1.488	ESTABLE
12323	0.229	1.494	1.567	ESTABLE
10679	0.253	1.996	1.878	ESTABLE
7944	0.237	1.697	1.709	ESTABLE
16090	0.208	1.424	1.461	ESTABLE
9551	0.23	1.761	1.584	INESTABLE
10458	0.258	1.795	1.864	ESTABLE
18311	0.23	1.737	1.641	ESTABLE
5821	0.215	1.603	1.512	ESTABLE
19694	0.211	1.506	1.502	ESTABLE
15697	0.221	1.558	1.615	ESTABLE
6582	0.218	1.589	1.661	ESTABLE
17716	0.261	1.898	1.932	ESTABLE
9845	0.239	1.682	1.722	ESTABLE
4461	0.242	1.762	1.733	ESTABLE
18504	0.219	1.603	1.539	ESTABLE
10969	0.252	2.1	1.987	ESTABLE
14426	0.256	1.974	1.948	ESTABLE
10799	0.252	1.959	1.944	ESTABLE
12449	0.211	1.533	1.504	ESTABLE
10887	0.258	2.019	1.956	ESTABLE
12967	0.223	1.62	1.502	ESTABLE
222	0.248	1.92	1.812	ESTABLE
9984	0.231	1.745	1.746	ESTABLE
4440	0.259	1.826	1.791	ESTABLE
3506	0.241	1.779	1.734	ESTABLE
15004	0.237	1.709	1.626	ESTABLE
6408	0.233	1.654	1.666	ESTABLE
16247	0.201	1.423	1.429	ESTABLE
8081	0.233	1.727	1.77	ESTABLE
8248	0.24	1.768	1.797	ESTABLE
11834	0.242	1.742	1.73	ESTABLE
2521	0.221	1.617	1.58	ESTABLE
18119	0.248	1.801	1.79	ESTABLE
9823	0.227	1.647	1.721	ESTABLE
13799	0.238	1.74	1.831	ESTABLE
9043	0.214	1.446	1.504	ESTABLE
14244	0.25	1.877	1.943	ESTABLE
5480	0.224	1.494	1.525	ESTABLE
2074	0.216	1.502	1.607	ESTABLE
17628	0.233	1.83	1.908	ESTABLE
16159	0.207	1.511	1.498	ESTABLE
8796	0.21	1.498	1.562	ESTABLE
9868	0.233	1.716	1.688	ESTABLE
8812	0.222	1.574	1.582	ESTABLE
4550	0.248	1.747	1.821	ESTABLE
5555	0.228	1.533	1.498	ESTABLE
12476	0.217	1.555	1.521	ESTABLE
5557	0.215	1.508	1.439	ESTABLE
17076	0.235	1.778	1.814	ESTABLE
7955	0.236	1.735	1.781	ESTABLE
2776	0.205	1.628	1.569	ESTABLE
12708	0.206	1.448	1.405	ESTABLE
18743	0.22	1.595	1.557	ESTABLE
19067	0.222	1.571	1.615	ESTABLE
405	0.253	1.918	1.856	ESTABLE
12624	0.206	1.398	1.513	ESTABLE
10631	0.257	1.854	1.863	ESTABLE
19281	0.216	1.53	1.685	INESTABLE
11598	0.24	1.734	1.679	ESTABLE
2937	0.214	1.48	1.612	ESTABLE
18693	0.213	1.546	1.5	ESTABLE
3385	0.23	1.719	1.7	ESTABLE
13371	0.226	1.756	1.736	ESTABLE
16792	0.245	1.856	1.798	ESTABLE
14708	0.242	1.847	1.775	ESTABLE
14123	0.254	1.886	1.888	ESTABLE
6141	0.224	1.627	1.657	ESTABLE
2861	0.234	1.575	1.624	ESTABLE
4342	0.242	1.811	1.737	ESTABLE
19965	0.23	1.709	1.64	ESTABLE
8840	0.212	1.587	1.535	ESTABLE
11794	0.248	1.641	1.657	ESTABLE
14574	0.244	1.898	1.922	ESTABLE
19619	0.212	1.439	1.52	ESTABLE
171	0.254	1.873	1.837	ESTABLE
2999	0.223	1.542	1.67	ESTABLE
3492	0.238	1.787	1.77	ESTABLE
11820	0.233	1.633	1.783	ESTABLE
18996	0.222	1.604	1.581	ESTABLE
12768	0.208	1.432	1.48	ESTABLE
5056	0.244	1.757	1.811	ESTABLE
12452	0.227	1.612	1.52	ESTABLE
5054	0.238	1.743	1.743	ESTABLE
8781	0.224	1.529	1.614	ESTABLE
2689	0.225	1.568	1.673	ESTABLE
18765	0.219	1.617	1.524	ESTABLE
8076	0.227	1.743	1.712	ESTABLE
9679	0.218	1.674	1.626	ESTABLE
2809	0.217	1.589	1.61	ESTABLE
12455	0.213	1.485	1.55	ESTABLE
6087	0.226	1.68	1.627	ESTABLE
14151	0.246	1.83	1.932	ESTABLE
12302	0.225	1.584	1.661	ESTABLE
11660	0.242	1.69	1.695	ESTABLE
7476	0.26	2.012	1.967	ESTABLE
16077	0.216	1.454	1.522	ESTABLE
14764	0.245	1.74	1.841	ESTABLE
8957	0.218	1.517	1.501	ESTABLE
971	0.242	1.804	1.86	ESTABLE
10695	0.267	1.959	2.014	ESTABLE
13000	0.228	1.722	1.589	ESTABLE
11161	0.255	1.851	1.78	ESTABLE
19347	0.223	1.43	1.558	ESTABLE
7607	0.255	1.911	1.879	ESTABLE
14323	0.256	1.956	1.932	ESTABLE
3201	0.227	1.614	1.583	ESTABLE
1760	0.233	1.742	1.692	ESTABLE
11334	0.25	1.789	1.766	ESTABLE
16410	0.221	1.64	1.687	ESTABLE
2570	0.217	1.574	1.561	ESTABLE
4586	0.238	1.748	1.858	ESTABLE
12578	0.209	1.532	1.513	ESTABLE
10871	0.273	2.094	1.983	ESTABLE
12752	0.21	1.456	1.442	ESTABLE
7880	0.24	1.811	1.704	ESTABLE
5324	0.209	1.572	1.578	ESTABLE
9807	0.235	1.716	1.76	ESTABLE
2522	0.208	1.585	1.512	ESTABLE
13052	0.235	1.811	1.684	ESTABLE
4725	0.249	1.763	1.875	ESTABLE
18813	0.24	1.662	1.628	ESTABLE
514	0.254	1.971	1.883	ESTABLE
10306	0.248	1.787	1.797	ESTABLE
19603	0.219	1.491	1.563	ESTABLE
1079	0.241	1.847	1.864	ESTABLE
9188	0.21	1.505	1.502	ESTABLE
2437	0.224	1.643	1.661	ESTABLE
1526	0.243	1.895	1.836	ESTABLE
8884	0.208	1.465	1.554	ESTABLE
15582	0.23	1.591	1.644	ESTABLE
6928	0.246	1.787	1.825	ESTABLE
7529	0.256	1.975	1.941	ESTABLE
1395	0.265	1.962	1.875	ESTABLE
17307	0.252	1.845	1.886	ESTABLE
3125	0.23	1.621	1.646	ESTABLE
10856	0.255	1.967	1.932	ESTABLE
14219	0.272	1.889	1.994	ESTABLE
16380	0.216	1.588	1.565	ESTABLE
2710	0.228	1.646	1.617	ESTABLE
5616	0.215	1.531	1.487	ESTABLE
310	0.264	1.993	1.924	ESTABLE
18978	0.227	1.546	1.621	ESTABLE
15598	0.217	1.591	1.638	ESTABLE
17667	0.265	1.978	1.966	ESTABLE
12428	0.216	1.578	1.465	ESTABLE
13281	0.242	1.791	1.723	ESTABLE
3064	0.223	1.547	1.612	ESTABLE
1039	0.24	1.812	1.845	ESTABLE
2642	0.218	1.584	1.621	ESTABLE
9830	0.239	1.751	1.767	ESTABLE
7401	0.259	1.989	1.914	ESTABLE
7970	0.246	1.771	1.786	ESTABLE
15041	0.225	1.645	1.6	ESTABLE
13305	0.238	1.742	1.732	ESTABLE
12225	0.217	1.494	1.597	ESTABLE
17941	0.251	1.921	1.923	ESTABLE
13006	0.225	1.63	1.554	ESTABLE
8760	0.227	1.681	1.677	ESTABLE
11615	0.223	1.7	1.604	ESTABLE
8272	0.241	1.677	1.802	ESTABLE
17251	0.24	1.746	1.827	ESTABLE
6290	0.238	1.61	1.65	ESTABLE
17690	0.259	1.904	1.938	ESTABLE
4880	0.243	1.775	1.824	ESTABLE
17184	0.238	1.794	1.86	ESTABLE
3157	0.22	1.514	1.582	ESTABLE
3507	0.236	1.818	1.762	ESTABLE
5875	0.23	1.622	1.567	ESTABLE
14110	0.244	1.875	1.955	ESTABLE
16457	0.222	1.641	1.601	ESTABLE
562	0.246	1.88	1.863	ESTABLE
9395	0.217	1.611	1.521	ESTABLE
17556	0.255	1.912	1.928	ESTABLE
9003	0.201	1.479	1.431	ESTABLE
17348	0.234	1.813	1.817	ESTABLE
549	0.258	1.91	1.839	ESTABLE
389	0.261	1.898	1.963	ESTABLE
13479	0.236	1.74	1.766	ESTABLE
17440	0.247	1.808	1.821	ESTABLE
217	0.249	1.797	1.803	ESTABLE
516	0.254	1.88	1.885	ESTABLE
15987	0.195	1.474	1.477	ESTABLE
18940	0.223	1.559	1.646	ESTABLE
1981	0.209	1.545	1.452	ESTABLE
12230	0.23	1.644	1.669	ESTABLE
14943	0.227	1.745	1.679	ESTABLE
16572	0.24	1.84	1.646	INESTABLE
7168	0.268	1.911	1.885	ESTABLE
300	0.255	1.887	1.933	ESTABLE
4949	0.255	1.815	1.841	ESTABLE
2228	0.212	1.49	1.503	ESTABLE
7584	0.262	1.929	1.972	ESTABLE
4506	0.239	1.717	1.862	ESTABLE
13514	0.243	1.803	1.827	ESTABLE
210	0.264	1.924	1.893	ESTABLE
1590	0.245	1.804	1.843	ESTABLE
2436	0.218	1.579	1.53	ESTABLE
1109	0.257	1.861	1.879	ESTABLE
17169	0.242	1.787	1.835	ESTABLE
1925	0.221	1.529	1.507	ESTABLE
6031	0.22	1.658	1.636	ESTABLE
16002	0.209	1.475	1.575	ESTABLE
4587	0.242	1.749	1.822	ESTABLE
5547	0.208	1.493	1.512	ESTABLE
11541	0.228	1.708	1.702	ESTABLE
5513	0.215	1.517	1.44	ESTABLE
15101	0.225	1.583	1.607	ESTABLE
16076	0.204	1.43	1.495	ESTABLE
16012	0.212	1.58	1.515	ESTABLE
8433	0.24	1.753	1.86	ESTABLE
11062	0.262	1.957	1.847	ESTABLE
16362	0.211	1.614	1.612	ESTABLE
8053	0.248	1.774	1.771	ESTABLE
12447	0.212	1.45	1.479	ESTABLE
7538	0.264	1.931	1.944	ESTABLE
10810	0.256	1.966	1.974	ESTABLE
6429	0.234	1.665	1.711	ESTABLE
4995	0.251	1.822	1.891	ESTABLE
9673	0.237	1.712	1.737	ESTABLE
13684	0.257	1.859	1.866	ESTABLE
17855	0.246	1.785	1.929	ESTABLE
532	0.248	1.875	1.897	ESTABLE
4782	0.237	1.79	1.79	ESTABLE
7251	0.253	1.941	1.861	ESTABLE
1499	0.253	1.905	1.904	ESTABLE
13564	0.24	1.771	1.704	ESTABLE
10254	0.235	1.702	1.771	ESTABLE
12148	0.233	1.604	1.679	ESTABLE
6657	0.233	1.653	1.758	ESTABLE
10494	0.247	1.81	1.949	ESTABLE
19004	0.226	1.66	1.67	ESTABLE
3232	0.223	1.601	1.581	ESTABLE
15271	0.225	1.59	1.674	ESTABLE
16295	0.222	1.587	1.582	ESTABLE
16804	0.247	1.859	1.793	ESTABLE
11785	0.241	1.727	1.688	ESTABLE
17847	0.252	1.941	1.967	ESTABLE
18643	0.218	1.551	1.588	ESTABLE
11773	0.232	1.625	1.664	ESTABLE
17487	0.253	1.775	1.839	ESTABLE
15279	0.221	1.571	1.565	ESTABLE
12474	0.216	1.529	1.535	ESTABLE
9276	0.206	1.483	1.471	ESTABLE
10539	0.252	1.847	1.845	ESTABLE
7843	0.238	1.835	1.754	ESTABLE
12997	0.226	1.724	1.563	INESTABLE
6702	0.249	1.633	1.721	ESTABLE
7950	0.26	1.791	1.801	ESTABLE
15694	0.23	1.586	1.601	ESTABLE
3845	0.263	2.041	1.946	ESTABLE
6227	0.234	1.671	1.662	ESTABLE
19825	0.226	1.593	1.593	ESTABLE
19009	0.225	1.593	1.643	ESTABLE
9935	0.234	1.722	1.738	ESTABLE
10911	0.261	1.998	1.905	ESTABLE
6845	0.239	1.77	1.789	ESTABLE
15709	0.238	1.68	1.755	ESTABLE
7112	0.253	1.849	1.908	ESTABLE
6166	0.234	1.64	1.537	ESTABLE
2385	0.216	1.557	1.603	ESTABLE
1296	0.264	1.859	1.992	ESTABLE
12360	0.201	1.523	1.528	ESTABLE
8797	0.228	1.549	1.578	ESTABLE
1689	0.246	1.713	1.733	ESTABLE
6242	0.235	1.647	1.698	ESTABLE
17552	0.258	1.808	1.919	ESTABLE
3030	0.239	1.555	1.592	ESTABLE
12160	0.223	1.581	1.712	ESTABLE
14739	0.251	1.84	1.747	ESTABLE
2591	0.252	1.762	1.703	ESTABLE
10823	0.258	1.971	1.94	ESTABLE
6663	0.221	1.542	1.706	INESTABLE
8356	0.257	1.733	1.823	ESTABLE
19346	0.224	1.618	1.556	ESTABLE
12728	0.208	1.551	1.437	ESTABLE
4394	0.236	1.759	1.735	ESTABLE
17367	0.242	1.857	1.844	ESTABLE
13649	0.243	1.814	1.768	ESTABLE
13523	0.239	1.78	1.701	ESTABLE
1889	0.219	1.574	1.512	ESTABLE
15173	0.236	1.635	1.595	ESTABLE
4731	0.251	1.768	1.839	ESTABLE
9855	0.235	1.736	1.755	ESTABLE
7385	0.259	1.971	1.905	ESTABLE
7897	0.232	1.775	1.72	ESTABLE
15517	0.225	1.586	1.711	ESTABLE
17627	0.249	1.912	1.928	ESTABLE
6026	0.221	1.623	1.589	ESTABLE
12336	0.218	1.55	1.541	ESTABLE
9827	0.234	1.765	1.728	ESTABLE
4890	0.252	1.859	1.854	ESTABLE
13378	0.241	1.802	1.825	ESTABLE
13643	0.245	1.761	1.806	ESTABLE
10445	0.245	1.815	1.868	ESTABLE
17186	0.244	1.787	1.841	ESTABLE
12490	0.208	1.521	1.455	ESTABLE
11286	0.248	1.832	1.814	ESTABLE
1537	0.247	1.765	1.933	INESTABLE
16241	0.216	1.501	1.551	ESTABLE
13999	0.246	1.782	1.853	ESTABLE
5739	0.208	1.481	1.407	ESTABLE
19726	0.213	1.538	1.538	ESTABLE
9017	0.205	1.531	1.512	ESTABLE
9847	0.243	1.79	1.785	ESTABLE
13552	0.249	1.771	1.799	ESTABLE
7244	0.25	1.905	1.851	ESTABLE
17081	0.247	1.858	1.826	ESTABLE
18683	0.222	1.578	1.588	ESTABLE
9889	0.237	1.71	1.722	ESTABLE
7763	0.248	1.887	1.821	ESTABLE
10508	0.247	1.786	1.788	ESTABLE
10450	0.259	1.778	1.816	ESTABLE
7674	0.25	1.854	1.869	ESTABLE
9479	0.212	1.607	1.546	ESTABLE
16512	0.22	1.681	1.677	ESTABLE
4592	0.265	1.8	1.796	ESTABLE
1850	0.226	1.651	1.614	ESTABLE
18839	0.22	1.571	1.545	ESTABLE
17687	0.256	1.974	1.95	ESTABLE
7679	0.249	1.877	1.856	ESTABLE
14384	0.264	1.954	1.943	ESTABLE
13182	0.243	1.782	1.667	ESTABLE
1450	0.253	1.884	1.849	ESTABLE
8020	0.23	1.722	1.774	ESTABLE
1596	0.231	1.757	1.718	ESTABLE
14629	0.244	1.87	1.826	ESTABLE
1101	0.242	1.867	1.864	ESTABLE
3307	0.233	1.6	1.607	ESTABLE
2205	0.214	1.462	1.516	ESTABLE
6753	0.233	1.624	1.678	ESTABLE
7887	0.253	1.752	1.736	ESTABLE
513	0.257	1.956	1.862	ESTABLE
19701	0.213	1.529	1.559	ESTABLE
1056	0.227	1.763	1.855	ESTABLE
3698	0.254	1.863	1.842	ESTABLE
6177	0.234	1.686	1.713	ESTABLE
9033	0.209	1.418	1.479	ESTABLE
5084	0.236	1.81	1.833	ESTABLE
11343	0.237	1.734	1.732	ESTABLE
15094	0.234	1.677	1.645	ESTABLE
8111	0.227	1.652	1.702	ESTABLE
7526	0.273	1.987	1.971	ESTABLE
12429	0.224	1.595	1.497	ESTABLE
17431	0.251	1.857	1.911	ESTABLE
13898	0.238	1.741	1.821	ESTABLE
15172	0.209	1.564	1.566	ESTABLE
9777	0.239	1.69	1.71	ESTABLE
745	0.256	1.877	1.775	ESTABLE
114	0.245	1.873	1.78	ESTABLE
7298	0.265	2.003	2.028	ESTABLE
4173	0.243	1.902	1.856	ESTABLE
17330	0.24	1.849	1.813	ESTABLE
12880	0.216	1.657	1.473	INESTABLE
17605	0.248	1.841	1.867	ESTABLE
5849	0.21	1.536	1.472	ESTABLE
3888	0.26	1.942	1.927	ESTABLE
11396	0.233	1.732	1.697	ESTABLE
4358	0.238	1.796	1.831	ESTABLE
19824	0.231	1.577	1.576	ESTABLE
2630	0.222	1.61	1.636	ESTABLE
12310	0.216	1.513	1.592	ESTABLE
12370	0.227	1.508	1.6	ESTABLE
14698	0.245	1.874	1.823	ESTABLE
12534	0.209	1.543	1.456	ESTABLE
12271	0.228	1.604	1.693	ESTABLE
13775	0.24	1.789	1.773	ESTABLE
4438	0.253	1.871	1.785	ESTABLE
5898	0.208	1.502	1.484	ESTABLE
13398	0.236	1.825	1.842	ESTABLE
9408	0.215	1.525	1.567	ESTABLE
1040	0.249	1.819	1.847	ESTABLE
15469	0.229	1.609	1.59	ESTABLE
2262	0.22	1.611	1.51	ESTABLE
1975	0.22	1.578	1.511	ESTABLE
17733	0.253	1.919	2.026	ESTABLE
2090	0.205	1.502	1.425	ESTABLE
19664	0.225	1.598	1.591	ESTABLE
13884	0.25	1.803	1.831	ESTABLE
18033	0.268	1.998	1.968	ESTABLE
2394	0.208	1.582	1.502	ESTABLE
7141	0.266	1.948	1.958	ESTABLE
99	0.238	1.789	1.757	ESTABLE
8339	0.24	1.736	1.787	ESTABLE
12975	0.231	1.651	1.579	ESTABLE
714	0.243	1.843	1.841	ESTABLE
10099	0.237	1.687	1.795	ESTABLE
15152	0.226	1.678	1.654	ESTABLE
1892	0.218	1.606	1.592	ESTABLE
14969	0.224	1.644	1.63	ESTABLE
13613	0.254	1.737	1.787	ESTABLE
16819	0.249	1.84	1.831	ESTABLE
4324	0.248	1.775	1.838	ESTABLE
14859	0.224	1.707	1.637	ESTABLE
1824	0.227	1.639	1.531	ESTABLE
14598	0.249	1.904	1.89	ESTABLE
16724	0.242	1.824	1.765	ESTABLE
2980	0.225	1.615	1.655	ESTABLE
16018	0.199	1.5	1.468	ESTABLE
6731	0.234	1.601	1.697	ESTABLE
3809	0.257	1.936	1.889	ESTABLE
19636	0.213	1.527	1.541	ESTABLE
17051	0.248	1.818	1.922	ESTABLE
18631	0.216	1.596	1.527	ESTABLE
18898	0.229	1.622	1.602	ESTABLE
4911	0.254	1.875	1.894	ESTABLE
17586	0.248	1.826	1.922	ESTABLE
6625	0.221	1.61	1.641	ESTABLE
16564	0.236	1.797	1.662	ESTABLE
2024	0.22	1.624	1.558	ESTABLE
3677	0.258	1.941	1.808	ESTABLE
2560	0.215	1.602	1.616	ESTABLE
19094	0.239	1.593	1.68	ESTABLE
17308	0.254	1.807	1.843	ESTABLE
14640	0.242	1.845	1.827	ESTABLE
17220	0.247	1.838	1.79	ESTABLE
2683	0.232	1.526	1.674	ESTABLE
8109	0.243	1.739	1.797	ESTABLE
7157	0.259	1.928	1.95	ESTABLE
17614	0.249	1.844	1.872	ESTABLE
15429	0.221	1.656	1.736	ESTABLE
13627	0.254	1.788	1.871	ESTABLE
12243	0.227	1.581	1.647	ESTABLE
14909	0.223	1.649	1.641	ESTABLE
5020	0.243	1.751	1.778	ESTABLE
15670	0.221	1.563	1.631	ESTABLE
4377	0.254	1.807	1.853	ESTABLE
7181	0.26	1.986	1.947	ESTABLE
7237	0.25	1.93	1.879	ESTABLE
12044	0.236	1.621	1.693	ESTABLE
19993	0.23	1.615	1.654	ESTABLE
3848	0.254	1.925	1.951	ESTABLE
10191	0.233	1.683	1.737	ESTABLE
16467	0.233	1.772	1.586	INESTABLE
13285	0.233	1.791	1.771	ESTABLE
18092	0.252	1.864	1.891	ESTABLE
10054	0.224	1.701	1.696	ESTABLE
15251	0.216	1.611	1.57	ESTABLE
3874	0.272	2.028	1.984	ESTABLE
2036	0.215	1.57	1.594	ESTABLE
7744	0.245	1.94	1.826	ESTABLE
11782	0.232	1.665	1.703	ESTABLE
8571	0.232	1.681	1.722	ESTABLE
375	0.263	1.949	1.922	ESTABLE
9895	0.233	1.727	1.754	ESTABLE
18718	0.22	1.607	1.512	ESTABLE
19931	0.228	1.701	1.619	ESTABLE
14639	0.242	1.893	1.862	ESTABLE
7718	0.251	1.988	1.841	ESTABLE
12569	0.205	1.427	1.526	ESTABLE
8546	0.228	1.686	1.765	ESTABLE
224	0.252	1.863	1.833	ESTABLE
8129	0.234	1.634	1.724	ESTABLE
10604	0.251	1.863	1.923	ESTABLE
17912	0.256	1.991	1.943	ESTABLE
4608	0.237	1.734	1.815	ESTABLE
6055	0.229	1.606	1.57	ESTABLE
3126	0.223	1.509	1.535	ESTABLE
13135	0.238	1.721	1.7	ESTABLE
2843	0.215	1.6	1.621	ESTABLE
18277	0.232	1.767	1.691	ESTABLE
16885	0.255	1.95	1.873	ESTABLE
19634	0.219	1.495	1.589	ESTABLE
13288	0.246	1.794	1.857	ESTABLE
5751	0.215	1.498	1.425	ESTABLE
6330	0.242	1.71	1.735	ESTABLE
9668	0.231	1.717	1.684	ESTABLE
11047	0.257	1.944	1.919	ESTABLE
462	0.259	1.891	1.935	ESTABLE
6102	0.222	1.653	1.629	ESTABLE
8431	0.24	1.781	1.738	ESTABLE
15038	0.223	1.59	1.574	ESTABLE
18021	0.249	1.921	1.829	ESTABLE
10836	0.254	1.941	1.952	ESTABLE
3692	0.251	1.879	1.829	ESTABLE
6319	0.238	1.695	1.704	ESTABLE
8941	0.211	1.52	1.459	ESTABLE
15337	0.24	1.735	1.703	ESTABLE
16523	0.239	1.811	1.692	ESTABLE
4398	0.236	1.719	1.823	ESTABLE
16185	0.221	1.556	1.508	ESTABLE
17181	0.245	1.816	1.83	ESTABLE
17803	0.245	1.925	1.888	ESTABLE
14889	0.235	1.729	1.655	ESTABLE
9325	0.208	1.599	1.516	ESTABLE
10979	0.268	1.931	1.977	ESTABLE
3517	0.242	1.704	1.772	ESTABLE
9778	0.233	1.699	1.687	ESTABLE
304	0.243	1.962	1.818	ESTABLE
1228	0.25	1.835	1.871	ESTABLE
9486	0.233	1.71	1.633	ESTABLE
6106	0.235	1.598	1.66	ESTABLE
16233	0.214	1.469	1.433	ESTABLE
13009	0.241	1.747	1.728	ESTABLE
1191	0.251	1.829	1.917	ESTABLE
5761	0.214	1.574	1.469	ESTABLE
13694	0.25	1.776	1.84	ESTABLE
18966	0.221	1.544	1.665	ESTABLE
1223	0.248	1.768	1.868	ESTABLE
17536	0.239	1.754	1.861	ESTABLE
7610	0.265	1.909	1.849	ESTABLE
2932	0.224	1.566	1.593	ESTABLE
1939	0.227	1.607	1.481	ESTABLE
9353	0.218	1.571	1.496	ESTABLE
10525	0.258	1.849	1.884	ESTABLE
9413	0.225	1.593	1.523	ESTABLE
6536	0.233	1.651	1.706	ESTABLE
15646	0.239	1.624	1.679	ESTABLE
15588	0.228	1.647	1.676	ESTABLE
13334	0.235	1.793	1.772	ESTABLE
5176	0.236	1.743	1.695	ESTABLE
170	0.252	1.926	1.811	ESTABLE
4505	0.235	1.748	1.819	ESTABLE
19248	0.231	1.596	1.651	ESTABLE
15480	0.222	1.569	1.666	ESTABLE
10824	0.263	1.969	1.943	ESTABLE
13544	0.234	1.684	1.75	ESTABLE
3284	0.223	1.518	1.582	ESTABLE
1721	0.233	1.721	1.716	ESTABLE
7630	0.262	1.911	1.902	ESTABLE
7395	0.27	1.965	1.968	ESTABLE
17402	0.242	1.809	1.809	ESTABLE
1664	0.224	1.742	1.705	ESTABLE
7945	0.236	1.821	1.795	ESTABLE
7841	0.253	1.813	1.831	ESTABLE
3580	0.249	1.912	1.912	ESTABLE
4499	0.245	1.762	1.871	ESTABLE
8901	0.215	1.557	1.573	ESTABLE
8885	0.21	1.515	1.557	ESTABLE
19040	0.234	1.584	1.656	ESTABLE
6622	0.228	1.6	1.625	ESTABLE
7012	0.24	1.778	1.84	ESTABLE
15699	0.229	1.539	1.659	ESTABLE
8404	0.236	1.722	1.829	ESTABLE
14496	0.273	2.048	1.972	ESTABLE
11350	0.237	1.778	1.737	ESTABLE
2590	0.231	1.61	1.675	ESTABLE
19790	0.217	1.556	1.534	ESTABLE
1379	0.235	1.818	1.889	ESTABLE
9518	0.22	1.593	1.629	ESTABLE
4800	0.243	1.782	1.83	ESTABLE
19038	0.216	1.562	1.595	ESTABLE
12929	0.218	1.594	1.578	ESTABLE
12442	0.217	1.508	1.558	ESTABLE
17800	0.25	1.932	2.024	ESTABLE
3994	0.259	2.027	1.87	INESTABLE
9431	0.213	1.566	1.516	ESTABLE
8961	0.207	1.542	1.448	ESTABLE
11430	0.246	1.847	1.726	ESTABLE
15723	0.21	1.469	1.565	ESTABLE
18179	0.232	1.762	1.725	ESTABLE
16024	0.225	1.545	1.595	ESTABLE
6793	0.231	1.702	1.739	ESTABLE
9471	0.203	1.572	1.45	ESTABLE
9753	0.236	1.742	1.721	ESTABLE
7369	0.276	2.059	2.048	ESTABLE
9782	0.239	1.79	1.759	ESTABLE
9143	0.215	1.502	1.462	ESTABLE
8078	0.236	1.679	1.748	ESTABLE
19947	0.239	1.748	1.739	ESTABLE
15866	0.221	1.504	1.593	ESTABLE
8663	0.238	1.682	1.754	ESTABLE
19780	0.214	1.517	1.487	ESTABLE
17901	0.259	1.913	1.94	ESTABLE
11218	0.255	1.858	1.86	ESTABLE
17470	0.238	1.739	1.812	ESTABLE
15063	0.234	1.686	1.607	ESTABLE
5675	0.213	1.483	1.447	ESTABLE
10282	0.252	1.765	1.761	ESTABLE
12348	0.215	1.575	1.609	ESTABLE
17219	0.245	1.809	1.808	ESTABLE
15676	0.229	1.566	1.762	INESTABLE
10652	0.265	1.952	1.991	ESTABLE
6795	0.236	1.678	1.761	ESTABLE
16997	0.247	1.863	1.854	ESTABLE
4525	0.242	1.813	1.789	ESTABLE
19434	0.212	1.55	1.546	ESTABLE
15454	0.244	1.731	1.717	ESTABLE
16444	0.235	1.681	1.642	ESTABLE
13448	0.237	1.729	1.762	ESTABLE
6682	0.224	1.584	1.634	ESTABLE
13532	0.241	1.735	1.797	ESTABLE
4963	0.241	1.775	1.88	ESTABLE
13723	0.235	1.686	1.761	ESTABLE
10280	0.234	1.716	1.761	ESTABLE
14452	0.261	1.897	1.912	ESTABLE
621	0.26	1.868	1.935	ESTABLE
6252	0.243	1.694	1.727	ESTABLE
3602	0.255	1.913	1.858	ESTABLE
1035	0.256	1.867	1.933	ESTABLE
7937	0.24	1.749	1.742	ESTABLE
4843	0.248	1.811	1.861	ESTABLE
18624	0.207	1.542	1.551	ESTABLE
17179	0.238	1.69	1.768	ESTABLE
5588	0.213	1.471	1.419	ESTABLE
15744	0.223	1.601	1.664	ESTABLE
1683	0.242	1.729	1.715	ESTABLE
7457	0.257	1.958	1.88	ESTABLE
8701	0.218	1.538	1.691	INESTABLE
15552	0.23	1.63	1.7	ESTABLE
18411	0.226	1.749	1.654	ESTABLE
10082	0.23	1.679	1.761	ESTABLE
13650	0.235	1.697	1.733	ESTABLE
3592	0.26	1.864	1.903	ESTABLE
10855	0.271	1.975	1.91	ESTABLE
12071	0.214	1.594	1.618	ESTABLE
546	0.247	1.875	1.854	ESTABLE
15562	0.221	1.583	1.657	ESTABLE
9824	0.234	1.756	1.748	ESTABLE
16052	0.215	1.413	1.516	ESTABLE
17444	0.258	1.832	1.838	ESTABLE
16703	0.248	1.826	1.782	ESTABLE
16624	0.244	1.797	1.71	ESTABLE
11023	0.254	2.009	1.84	INESTABLE
9806	0.233	1.737	1.715	ESTABLE
12877	0.23	1.602	1.556	ESTABLE
19607	0.223	1.495	1.669	INESTABLE
10438	0.255	1.798	1.775	ESTABLE
10747	0.264	1.995	2.005	ESTABLE
18862	0.221	1.604	1.564	ESTABLE
16893	0.243	1.889	1.742	ESTABLE
4881	0.237	1.752	1.832	ESTABLE
14975	0.217	1.672	1.623	ESTABLE
17018	0.256	1.875	1.959	ESTABLE
15524	0.233	1.627	1.697	ESTABLE
18587	0.222	1.584	1.513	ESTABLE
4491	0.238	1.826	1.789	ESTABLE
1276	0.254	1.791	1.955	INESTABLE
1485	0.25	1.851	1.837	ESTABLE
19374	0.219	1.443	1.629	INESTABLE
16387	0.227	1.663	1.566	ESTABLE
13153	0.238	1.748	1.691	ESTABLE
16683	0.241	1.864	1.727	ESTABLE
6523	0.237	1.685	1.781	ESTABLE
4728	0.244	1.773	1.807	ESTABLE
11981	0.227	1.629	1.68	ESTABLE
11112	0.247	1.863	1.921	ESTABLE
12229	0.237	1.613	1.625	ESTABLE
12908	0.218	1.615	1.545	ESTABLE
3169	0.216	1.553	1.643	ESTABLE
4217	0.249	1.91	1.822	ESTABLE
3894	0.252	1.983	1.953	ESTABLE
9166	0.211	1.435	1.525	ESTABLE
18018	0.25	1.904	1.874	ESTABLE
14758	0.24	1.768	1.743	ESTABLE
16524	0.234	1.767	1.762	ESTABLE
12660	0.192	1.45	1.444	ESTABLE
2410	0.212	1.533	1.534	ESTABLE
9457	0.23	1.648	1.577	ESTABLE
11880	0.231	1.695	1.683	ESTABLE
6379	0.229	1.682	1.692	ESTABLE
1677	0.234	1.735	1.788	ESTABLE
13127	0.235	1.806	1.73	ESTABLE
1483	0.239	1.857	1.875	ESTABLE
11992	0.236	1.685	1.742	ESTABLE
13214	0.235	1.727	1.732	ESTABLE
18886	0.218	1.541	1.548	ESTABLE
19660	0.212	1.555	1.565	ESTABLE
4389	0.242	1.774	1.766	ESTABLE
14121	0.251	1.796	1.94	ESTABLE
3523	0.24	1.817	1.73	ESTABLE
268	0.25	1.985	1.872	ESTABLE
17587	0.245	1.827	1.879	ESTABLE
9364	0.213	1.502	1.512	ESTABLE
15421	0.234	1.739	1.668	ESTABLE
16217	0.212	1.505	1.482	ESTABLE
9220	0.208	1.502	1.479	ESTABLE
1657	0.241	1.757	1.815	ESTABLE
1595	0.242	1.854	1.825	ESTABLE
11564	0.233	1.729	1.674	ESTABLE
18675	0.221	1.561	1.549	ESTABLE
7889	0.243	1.788	1.738	ESTABLE
19688	0.22	1.54	1.551	ESTABLE
16563	0.234	1.749	1.691	ESTABLE
12886	0.219	1.65	1.527	ESTABLE
2951	0.21	1.501	1.642	ESTABLE
760	0.249	1.833	1.825	ESTABLE
16298	0.228	1.591	1.48	ESTABLE
10111	0.231	1.64	1.754	ESTABLE
16344	0.23	1.631	1.571	ESTABLE
15297	0.234	1.58	1.672	ESTABLE
16867	0.255	1.863	1.825	ESTABLE
16328	0.221	1.549	1.484	ESTABLE
5222	0.233	1.709	1.667	ESTABLE
6221	0.224	1.594	1.667	ESTABLE
10248	0.24	1.719	1.773	ESTABLE
10730	0.258	2.014	1.96	ESTABLE
5234	0.226	1.697	1.705	ESTABLE
8136	0.238	1.713	1.794	ESTABLE
13702	0.255	1.755	1.809	ESTABLE
12588	0.205	1.495	1.503	ESTABLE
9510	0.219	1.653	1.618	ESTABLE
1659	0.24	1.772	1.697	ESTABLE
3173	0.223	1.613	1.654	ESTABLE
4617	0.238	1.758	1.802	ESTABLE
19815	0.227	1.652	1.643	ESTABLE
14733	0.26	1.811	1.802	ESTABLE
8765	0.238	1.636	1.659	ESTABLE
4015	0.255	1.941	1.87	ESTABLE
15286	0.219	1.63	1.64	ESTABLE
7922	0.244	1.76	1.766	ESTABLE
10457	0.235	1.764	1.785	ESTABLE
3480	0.243	1.735	1.765	ESTABLE
16875	0.254	1.86	1.771	ESTABLE
18840	0.223	1.606	1.604	ESTABLE
4285	0.259	1.897	1.917	ESTABLE
18740	0.228	1.57	1.531	ESTABLE
11318	0.242	1.848	1.824	ESTABLE
10464	0.253	1.805	1.803	ESTABLE
10243	0.235	1.736	1.757	ESTABLE
4708	0.24	1.796	1.883	ESTABLE
11148	0.252	1.924	1.891	ESTABLE
6686	0.233	1.62	1.71	ESTABLE
15219	0.218	1.631	1.589	ESTABLE
15868	0.219	1.571	1.529	ESTABLE
13620	0.25	1.855	1.836	ESTABLE
14405	0.266	2.042	1.936	ESTABLE
5180	0.231	1.642	1.692	ESTABLE
1964	0.212	1.54	1.512	ESTABLE
2392	0.225	1.557	1.535	ESTABLE
14862	0.226	1.705	1.67	ESTABLE
9747	0.23	1.734	1.704	ESTABLE
19528	0.206	1.547	1.537	ESTABLE
19997	0.237	1.686	1.731	ESTABLE
15826	0.222	1.557	1.592	ESTABLE
18943	0.218	1.51	1.62	ESTABLE
9492	0.222	1.621	1.6	ESTABLE
19628	0.219	1.506	1.565	ESTABLE
16320	0.218	1.517	1.491	ESTABLE
993	0.248	1.801	1.853	ESTABLE
18357	0.222	1.677	1.576	ESTABLE
6908	0.225	1.724	1.726	ESTABLE
8673	0.226	1.714	1.729	ESTABLE
1490	0.244	1.791	1.891	ESTABLE
2662	0.211	1.622	1.537	ESTABLE
930	0.255	1.784	1.94	INESTABLE
1350	0.252	1.868	1.932	ESTABLE
11064	0.266	1.963	1.902	ESTABLE
5610	0.193	1.445	1.329	ESTABLE
5053	0.238	1.727	1.772	ESTABLE
5526	0.212	1.538	1.464	ESTABLE
16469	0.234	1.699	1.641	ESTABLE
3062	0.235	1.614	1.637	ESTABLE
17482	0.237	1.755	1.812	ESTABLE
18555	0.217	1.608	1.563	ESTABLE
4102	0.252	1.9	1.851	ESTABLE
8994	0.209	1.492	1.475	ESTABLE
19078	0.232	1.655	1.659	ESTABLE
6433	0.218	1.676	1.692	ESTABLE
8212	0.253	1.754	1.78	ESTABLE
2585	0.23	1.62	1.668	ESTABLE
9308	0.215	1.582	1.388	INESTABLE
17004	0.251	1.862	1.861	ESTABLE
11339	0.242	1.78	1.767	ESTABLE
7389	0.264	1.997	1.921	ESTABLE
10573	0.255	1.865	1.875	ESTABLE
5308	0.225	1.67	1.618	ESTABLE
5396	0.215	1.599	1.533	ESTABLE
9966	0.235	1.761	1.829	ESTABLE
5015	0.237	1.76	1.797	ESTABLE
16978	0.256	1.887	1.876	ESTABLE
4069	0.257	1.896	1.846	ESTABLE
1816	0.235	1.675	1.654	ESTABLE
19720	0.227	1.586	1.555	ESTABLE
14177	0.264	1.937	1.972	ESTABLE
4229	0.237	1.814	1.767	ESTABLE
5963	0.214	1.643	1.664	ESTABLE
18066	0.249	1.877	1.834	ESTABLE
4206	0.245	1.834	1.804	ESTABLE
11290	0.245	1.813	1.792	ESTABLE
16953	0.235	1.866	1.769	ESTABLE
15265	0.214	1.544	1.628	ESTABLE
14745	0.244	1.751	1.713	ESTABLE
2431	0.217	1.574	1.582	ESTABLE
10389	0.237	1.664	1.679	ESTABLE
4107	0.251	1.914	1.891	ESTABLE
2417	0.214	1.565	1.578	ESTABLE
13417	0.228	1.766	1.77	ESTABLE
19026	0.22	1.565	1.615	ESTABLE
17226	0.25	1.85	1.78	ESTABLE
15685	0.213	1.601	1.645	ESTABLE
18829	0.226	1.598	1.518	ESTABLE
19541	0.231	1.535	1.607	ESTABLE
2155	0.209	1.6	1.491	ESTABLE
2826	0.217	1.479	1.6	ESTABLE
4253	0.255	1.844	1.894	ESTABLE
18077	0.256	1.841	1.855	ESTABLE
19407	0.215	1.565	1.649	ESTABLE
12089	0.236	1.674	1.704	ESTABLE
18155	0.26	1.926	1.809	ESTABLE
19244	0.229	1.619	1.647	ESTABLE
862	0.25	1.744	1.813	ESTABLE
16189	0.223	1.514	1.516	ESTABLE
19608	0.211	1.561	1.502	ESTABLE
4551	0.251	1.81	1.832	ESTABLE
6586	0.237	1.629	1.679	ESTABLE
19478	0.205	1.437	1.464	ESTABLE
19376	0.219	1.518	1.64	ESTABLE
16671	0.243	1.815	1.751	ESTABLE
11846	0.24	1.74	1.803	ESTABLE
5705	0.203	1.487	1.45	ESTABLE
5162	0.232	1.68	1.698	ESTABLE
9829	0.244	1.827	1.733	ESTABLE
9515	0.226	1.637	1.591	ESTABLE
17766	0.251	1.865	1.95	ESTABLE
18023	0.25	1.899	1.912	ESTABLE
2128	0.214	1.579	1.531	ESTABLE
11385	0.236	1.8	1.739	ESTABLE
10473	0.241	1.776	1.823	ESTABLE
2877	0.224	1.577	1.602	ESTABLE
14586	0.262	1.943	1.866	ESTABLE
5658	0.205	1.489	1.513	ESTABLE
14813	0.239	1.747	1.69	ESTABLE
2427	0.219	1.591	1.61	ESTABLE
4448	0.244	1.816	1.759	ESTABLE
4019	0.253	1.949	1.88	ESTABLE
6560	0.236	1.64	1.645	ESTABLE
16096	0.21	1.447	1.458	ESTABLE
9358	0.2	1.58	1.404	INESTABLE
7032	0.247	1.893	1.804	ESTABLE
14624	0.249	1.898	1.851	ESTABLE
8530	0.238	1.709	1.766	ESTABLE
8578	0.233	1.676	1.691	ESTABLE
3859	0.251	1.962	1.93	ESTABLE
12681	0.202	1.482	1.339	ESTABLE
16966	0.266	1.895	1.886	ESTABLE
16353	0.219	1.658	1.655	ESTABLE
6097	0.239	1.642	1.735	ESTABLE
850	0.233	1.768	1.794	ESTABLE
19072	0.222	1.603	1.638	ESTABLE
8180	0.237	1.752	1.773	ESTABLE
9133	0.21	1.449	1.425	ESTABLE
10302	0.244	1.765	1.782	ESTABLE
13043	0.223	1.712	1.624	ESTABLE
12025	0.233	1.697	1.693	ESTABLE
17350	0.247	1.808	1.829	ESTABLE
4512	0.248	1.811	1.859	ESTABLE
2520	0.226	1.577	1.582	ESTABLE
14548	0.245	1.928	1.867	ESTABLE
12191	0.218	1.551	1.635	ESTABLE
12156	0.228	1.564	1.648	ESTABLE
14744	0.241	1.801	1.75	ESTABLE
5028	0.245	1.757	1.767	ESTABLE
1062	0.245	1.804	1.85	ESTABLE
12546	0.197	1.442	1.424	ESTABLE
11867	0.23	1.651	1.689	ESTABLE
12004	0.24	1.71	1.723	ESTABLE
7734	0.248	1.872	1.801	ESTABLE
2204	0.202	1.465	1.432	ESTABLE
19017	0.225	1.674	1.66	ESTABLE
1141	0.257	1.822	1.959	ESTABLE
19669	0.217	1.495	1.482	ESTABLE
4679	0.242	1.824	1.825	ESTABLE
18773	0.218	1.572	1.533	ESTABLE
19885	0.23	1.731	1.672	ESTABLE
16813	0.245	1.955	1.813	ESTABLE
11905	0.241	1.661	1.709	ESTABLE
13311	0.229	1.804	1.726	ESTABLE
2459	0.225	1.554	1.567	ESTABLE
1880	0.225	1.672	1.612	ESTABLE
8997	0.205	1.482	1.43	ESTABLE
14253	0.261	1.912	1.902	ESTABLE
11553	0.217	1.637	1.65	ESTABLE
1388	0.26	1.882	1.92	ESTABLE
14652	0.24	1.884	1.863	ESTABLE
11520	0.23	1.749	1.695	ESTABLE
14546	0.262	2.025	1.91	ESTABLE
5461	0.227	1.599	1.469	ESTABLE
13963	0.252	1.786	1.816	ESTABLE
19467	0.215	1.495	1.591	ESTABLE
10044	0.237	1.698	1.72	ESTABLE
9688	0.237	1.698	1.705	ESTABLE
10746	0.266	1.959	1.927	ESTABLE
2624	0.226	1.578	1.663	ESTABLE
18426	0.223	1.602	1.558	ESTABLE
10526	0.239	1.845	1.85	ESTABLE
9627	0.221	1.753	1.623	ESTABLE
17875	0.251	1.915	1.933	ESTABLE
5914	0.212	1.528	1.492	ESTABLE
14111	0.253	1.833	1.977	ESTABLE
2587	0.228	1.628	1.612	ESTABLE
13911	0.237	1.749	1.843	ESTABLE
2708	0.232	1.653	1.659	ESTABLE
8740	0.235	1.613	1.578	ESTABLE
17016	0.25	1.911	1.829	ESTABLE
12038	0.234	1.637	1.741	ESTABLE
16303	0.219	1.615	1.532	ESTABLE
16260	0.206	1.494	1.467	ESTABLE
6122	0.227	1.737	1.689	ESTABLE
11110	0.255	1.92	1.843	ESTABLE
12670	0.201	1.491	1.432	ESTABLE
14410	0.258	1.953	1.889	ESTABLE
13108	0.229	1.708	1.692	ESTABLE
14319	0.267	1.981	2.039	ESTABLE
12060	0.239	1.648	1.681	ESTABLE
4079	0.272	2.009	1.941	ESTABLE
8953	0.209	1.503	1.546	ESTABLE
10877	0.27	1.997	1.971	ESTABLE
1567	0.246	1.863	1.809	ESTABLE
11698	0.233	1.655	1.612	ESTABLE
9376	0.224	1.617	1.543	ESTABLE
6263	0.227	1.679	1.584	ESTABLE
1200	0.245	1.857	1.893	ESTABLE
8301	0.226	1.701	1.762	ESTABLE
15513	0.213	1.633	1.659	ESTABLE
17795	0.244	1.896	1.93	ESTABLE
13050	0.221	1.675	1.6	ESTABLE
16889	0.23	1.846	1.733	ESTABLE
10161	0.239	1.682	1.727	ESTABLE
10342	0.246	1.741	1.801	ESTABLE
1374	0.25	1.844	1.896	ESTABLE
6537	0.233	1.61	1.751	ESTABLE
1436	0.244	1.884	1.867	ESTABLE
6606	0.225	1.581	1.681	ESTABLE
9616	0.24	1.754	1.714	ESTABLE
1212	0.249	1.844	1.868	ESTABLE
14998	0.224	1.673	1.567	ESTABLE
2068	0.212	1.52	1.467	ESTABLE
4419	0.245	1.807	1.875	ESTABLE
5973	0.216	1.576	1.469	ESTABLE
15681	0.223	1.504	1.686	INESTABLE
15225	0.228	1.624	1.606	ESTABLE
5738	0.209	1.513	1.409	ESTABLE
19002	0.232	1.659	1.697	ESTABLE
17892	0.265	1.897	2.009	ESTABLE
18922	0.212	1.634	1.6	ESTABLE
1453	0.252	1.843	1.896	ESTABLE
4372	0.255	1.871	1.873	ESTABLE
10896	0.262	2.017	1.982	ESTABLE
3397	0.242	1.719	1.708	ESTABLE
7902	0.248	1.795	1.802	ESTABLE
11299	0.239	1.76	1.714	ESTABLE
2214	0.215	1.585	1.489	ESTABLE
11702	0.243	1.711	1.683	ESTABLE
533	0.255	1.949	1.857	ESTABLE
8312	0.247	1.766	1.845	ESTABLE
12233	0.222	1.604	1.665	ESTABLE
12678	0.221	1.448	1.439	ESTABLE
1427	0.244	1.852	1.921	ESTABLE
15406	0.222	1.644	1.687	ESTABLE
12795	0.211	1.469	1.461	ESTABLE
667	0.244	1.809	1.819	ESTABLE
18159	0.237	1.827	1.774	ESTABLE
16634	0.242	1.803	1.653	ESTABLE
18551	0.233	1.624	1.593	ESTABLE
17829	0.257	1.953	1.968	ESTABLE
17238	0.245	1.8	1.884	ESTABLE
2218	0.202	1.487	1.481	ESTABLE
11817	0.232	1.645	1.71	ESTABLE
17154	0.24	1.782	1.846	ESTABLE
19291	0.224	1.534	1.623	ESTABLE
6138	0.23	1.67	1.67	ESTABLE
13651	0.254	1.859	1.84	ESTABLE
7883	0.247	1.834	1.823	ESTABLE
11562	0.238	1.659	1.7	ESTABLE
52	0.239	1.74	1.644	ESTABLE
14066	0.245	1.823	1.854	ESTABLE
9545	0.222	1.656	1.591	ESTABLE
4705	0.238	1.766	1.783	ESTABLE
7928	0.231	1.826	1.736	ESTABLE
16888	0.254	1.894	1.884	ESTABLE
539	0.246	1.838	1.853	ESTABLE
17566	0.246	1.859	1.916	ESTABLE
16379	0.217	1.596	1.626	ESTABLE
3633	0.24	1.912	1.864	ESTABLE
2059	0.21	1.612	1.531	ESTABLE
14979	0.225	1.635	1.616	ESTABLE
13757	0.236	1.673	1.831	INESTABLE
7814	0.239	1.83	1.816	ESTABLE
1565	0.259	1.837	1.91	ESTABLE
3993	0.251	1.929	1.94	ESTABLE
9869	0.234	1.732	1.731	ESTABLE
7787	0.244	1.821	1.776	ESTABLE
19175	0.231	1.664	1.665	ESTABLE
3644	0.258	1.997	1.939	ESTABLE
13870	0.248	1.711	1.853	ESTABLE
17295	0.249	1.816	1.837	ESTABLE
17984	0.244	1.862	1.903	ESTABLE
4900	0.255	1.888	1.808	ESTABLE
7067	0.252	1.907	1.833	ESTABLE
8387	0.23	1.708	1.765	ESTABLE
623	0.246	1.858	1.884	ESTABLE
2597	0.226	1.623	1.601	ESTABLE
173	0.245	1.852	1.781	ESTABLE
14700	0.242	1.769	1.738	ESTABLE
15372	0.222	1.54	1.626	ESTABLE
4548	0.244	1.832	1.8	ESTABLE
15482	0.223	1.597	1.645	ESTABLE
9401	0.219	1.623	1.524	ESTABLE
1256	0.252	1.869	1.947	ESTABLE
4509	0.245	1.819	1.796	ESTABLE
4786	0.244	1.811	1.826	ESTABLE
10987	0.267	2.036	1.97	ESTABLE
3247	0.214	1.611	1.645	ESTABLE
10443	0.245	1.707	1.862	INESTABLE
924	0.245	1.784	1.822	ESTABLE
7358	0.249	1.965	2.006	ESTABLE
12286	0.211	1.515	1.628	ESTABLE
2675	0.217	1.569	1.598	ESTABLE
12654	0.21	1.487	1.437	ESTABLE
7726	0.245	1.919	1.789	ESTABLE
12254	0.228	1.608	1.697	ESTABLE
16450	0.215	1.67	1.624	ESTABLE
12992	0.226	1.631	1.564	ESTABLE
1746	0.237	1.71	1.679	ESTABLE
13596	0.243	1.855	1.869	ESTABLE
874	0.257	1.878	1.92	ESTABLE
11456	0.232	1.705	1.636	ESTABLE
14783	0.237	1.835	1.707	ESTABLE
7276	0.266	2.032	1.929	ESTABLE
3006	0.218	1.522	1.584	ESTABLE
14336	0.258	1.972	1.991	ESTABLE
19503	0.23	1.568	1.632	ESTABLE
16822	0.244	1.835	1.865	ESTABLE
14724	0.244	1.844	1.74	ESTABLE
8939	0.215	1.447	1.561	ESTABLE
5254	0.23	1.734	1.675	ESTABLE
2749	0.225	1.666	1.673	ESTABLE
9341	0.213	1.575	1.469	ESTABLE
4086	0.258	1.978	1.797	INESTABLE
16906	0.249	1.836	1.959	ESTABLE
19231	0.219	1.583	1.547	ESTABLE
18172	0.244	1.842	1.844	ESTABLE
12164	0.222	1.579	1.603	ESTABLE
15748	0.213	1.502	1.661	INESTABLE
1710	0.228	1.781	1.748	ESTABLE
8193	0.236	1.772	1.731	ESTABLE
4536	0.238	1.786	1.776	ESTABLE
6544	0.228	1.714	1.713	ESTABLE
5311	0.22	1.638	1.603	ESTABLE
13719	0.235	1.768	1.775	ESTABLE
17284	0.253	1.804	1.892	ESTABLE
16480	0.218	1.598	1.577	ESTABLE
12514	0.203	1.476	1.479	ESTABLE
9234	0.197	1.489	1.457	ESTABLE
19402	0.217	1.54	1.601	ESTABLE
14438	0.248	1.933	1.964	ESTABLE
12054	0.252	1.712	1.753	ESTABLE
6358	0.236	1.671	1.735	ESTABLE
15369	0.216	1.571	1.601	ESTABLE
10141	0.235	1.681	1.675	ESTABLE
7838	0.248	1.845	1.782	ESTABLE
17499	0.251	1.843	1.939	ESTABLE
7668	0.253	1.903	1.854	ESTABLE
14711	0.242	1.848	1.757	ESTABLE
9337	0.203	1.544	1.457	ESTABLE
14556	0.262	1.997	1.926	ESTABLE
7784	0.248	1.852	1.795	ESTABLE
11938	0.232	1.679	1.731	ESTABLE
13464	0.253	1.831	1.808	ESTABLE
1432	0.234	1.812	1.787	ESTABLE
14342	0.263	2.004	1.923	ESTABLE
5425	0.217	1.617	1.538	ESTABLE
5926	0.223	1.592	1.56	ESTABLE
5317	0.225	1.597	1.582	ESTABLE
5055	0.252	1.794	1.864	ESTABLE
12345	0.211	1.532	1.592	ESTABLE
4295	0.237	1.819	1.844	ESTABLE
11036	0.261	2.013	1.997	ESTABLE
1237	0.26	1.893	1.923	ESTABLE
17254	0.267	1.812	1.833	ESTABLE
17688	0.259	1.878	1.967	ESTABLE
19857	0.226	1.574	1.591	ESTABLE
3315	0.227	1.614	1.616	ESTABLE
9693	0.233	1.789	1.7	ESTABLE
2529	0.235	1.601	1.653	ESTABLE
5078	0.244	1.707	1.787	ESTABLE
4508	0.244	1.764	1.736	ESTABLE
7424	0.254	2.036	1.934	ESTABLE
6292	0.237	1.717	1.718	ESTABLE
15935	0.218	1.498	1.505	ESTABLE
11198	0.263	1.922	1.85	ESTABLE
7019	0.237	1.783	1.734	ESTABLE
5907	0.218	1.536	1.555	ESTABLE
10121	0.237	1.701	1.81	ESTABLE
11882	0.226	1.621	1.699	ESTABLE
598	0.233	1.829	1.858	ESTABLE
11857	0.244	1.694	1.72	ESTABLE
16663	0.235	1.795	1.796	ESTABLE
13875	0.252	1.748	1.941	INESTABLE
3063	0.224	1.557	1.666	ESTABLE
17249	0.25	1.878	1.85	ESTABLE
4188	0.245	1.904	1.806	ESTABLE
10764	0.269	1.959	1.986	ESTABLE
12344	0.229	1.543	1.555	ESTABLE
19473	0.221	1.486	1.556	ESTABLE
10145	0.235	1.754	1.726	ESTABLE
2777	0.234	1.602	1.71	ESTABLE
4226	0.261	1.863	1.845	ESTABLE
12844	0.215	1.542	1.494	ESTABLE
10166	0.233	1.688	1.679	ESTABLE
11463	0.247	1.792	1.683	ESTABLE
4635	0.24	1.765	1.792	ESTABLE
2671	0.22	1.632	1.626	ESTABLE
10924	0.265	1.987	1.94	ESTABLE
4928	0.241	1.775	1.833	ESTABLE
8258	0.225	1.709	1.751	ESTABLE
9311	0.213	1.514	1.507	ESTABLE
12667	0.214	1.525	1.455	ESTABLE
18284	0.235	1.824	1.727	ESTABLE
3097	0.217	1.592	1.631	ESTABLE
10804	0.265	1.972	1.988	ESTABLE
2160	0.208	1.505	1.5	ESTABLE
10966	0.271	1.998	1.962	ESTABLE
1716	0.242	1.715	1.648	ESTABLE
11088	0.248	1.903	1.874	ESTABLE
13395	0.243	1.803	1.794	ESTABLE
12695	0.208	1.513	1.483	ESTABLE
9270	0.205	1.523	1.311	INESTABLE
12218	0.22	1.584	1.664	ESTABLE
11925	0.234	1.645	1.775	ESTABLE
5202	0.227	1.711	1.659	ESTABLE
17130	0.256	1.8	1.86	ESTABLE
17173	0.239	1.805	1.849	ESTABLE
14399	0.25	1.985	1.928	ESTABLE
19146	0.228	1.609	1.644	ESTABLE
8119	0.24	1.751	1.759	ESTABLE
1283	0.253	1.884	1.903	ESTABLE
5655	0.211	1.512	1.46	ESTABLE
16534	0.225	1.633	1.631	ESTABLE
2764	0.219	1.547	1.674	ESTABLE
11254	0.244	1.862	1.783	ESTABLE
3392	0.239	1.678	1.681	ESTABLE
19180	0.224	1.63	1.736	ESTABLE
2028	0.212	1.59	1.455	ESTABLE
4944	0.244	1.753	1.876	ESTABLE
16429	0.231	1.667	1.619	ESTABLE
15586	0.221	1.632	1.654	ESTABLE
10536	0.247	1.819	1.846	ESTABLE
6169	0.234	1.663	1.631	ESTABLE
14737	0.242	1.822	1.736	ESTABLE
1345	0.253	1.823	1.883	ESTABLE
18164	0.24	1.841	1.721	ESTABLE
15163	0.233	1.666	1.645	ESTABLE
12599	0.208	1.472	1.42	ESTABLE
16616	0.235	1.761	1.688	ESTABLE
2959	0.217	1.568	1.592	ESTABLE
2515	0.225	1.644	1.57	ESTABLE
9407	0.209	1.599	1.499	ESTABLE
12083	0.233	1.583	1.731	ESTABLE
1865	0.231	1.687	1.613	ESTABLE
1233	0.261	1.884	1.964	ESTABLE
14809	0.232	1.793	1.691	ESTABLE
15131	0.235	1.629	1.617	ESTABLE
19506	0.214	1.463	1.6	ESTABLE
2432	0.217	1.603	1.599	ESTABLE
16625	0.238	1.834	1.727	ESTABLE
11533	0.227	1.675	1.683	ESTABLE
1841	0.216	1.615	1.576	ESTABLE
9001	0.209	1.513	1.462	ESTABLE
9923	0.237	1.675	1.755	ESTABLE
19129	0.224	1.559	1.605	ESTABLE
15366	0.225	1.594	1.579	ESTABLE
2238	0.21	1.54	1.512	ESTABLE
14411	0.266	2.008	1.962	ESTABLE
4947	0.243	1.781	1.771	ESTABLE
10360	0.238	1.674	1.763	ESTABLE
10591	0.252	1.88	1.888	ESTABLE
18498	0.215	1.599	1.471	ESTABLE
14710	0.234	1.811	1.803	ESTABLE
18473	0.22	1.616	1.564	ESTABLE
15203	0.23	1.57	1.572	ESTABLE
16192	0.213	1.504	1.496	ESTABLE
5805	0.208	1.534	1.501	ESTABLE
2470	0.221	1.531	1.504	ESTABLE
5010	0.242	1.798	1.83	ESTABLE
5686	0.215	1.517	1.497	ESTABLE
6465	0.225	1.644	1.724	ESTABLE
8388	0.242	1.728	1.846	ESTABLE
4799	0.245	1.752	1.794	ESTABLE
19613	0.208	1.489	1.474	ESTABLE
7743	0.263	1.938	1.875	ESTABLE
4840	0.252	1.812	1.904	ESTABLE
11505	0.237	1.658	1.789	ESTABLE
11449	0.236	1.724	1.691	ESTABLE
6354	0.232	1.631	1.673	ESTABLE
16711	0.249	1.912	1.779	ESTABLE
17387	0.246	1.804	1.86	ESTABLE
3737	0.26	1.941	1.918	ESTABLE
16728	0.231	1.746	1.747	ESTABLE
2503	0.228	1.647	1.6	ESTABLE
5510	0.22	1.578	1.477	ESTABLE
10914	0.259	2.013	1.924	ESTABLE
7261	0.272	2.008	2.022	ESTABLE
11126	0.243	1.901	1.851	ESTABLE
10168	0.244	1.753	1.806	ESTABLE
12969	0.217	1.571	1.531	ESTABLE
2578	0.215	1.612	1.568	ESTABLE
17170	0.241	1.808	1.819	ESTABLE
13122	0.244	1.693	1.735	ESTABLE
14277	0.246	1.889	1.896	ESTABLE
19277	0.229	1.635	1.601	ESTABLE
3469	0.246	1.731	1.72	ESTABLE
14311	0.259	1.97	1.927	ESTABLE
2888	0.225	1.603	1.61	ESTABLE
11858	0.238	1.676	1.704	ESTABLE
15077	0.225	1.643	1.589	ESTABLE
5632	0.209	1.479	1.392	ESTABLE
10643	0.264	1.97	1.922	ESTABLE
684	0.259	1.839	1.877	ESTABLE
13273	0.236	1.84	1.781	ESTABLE
3775	0.25	1.992	1.864	ESTABLE
9487	0.21	1.564	1.568	ESTABLE
13687	0.237	1.715	1.774	ESTABLE
13253	0.24	1.812	1.842	ESTABLE
14067	0.26	1.841	1.941	ESTABLE
10259	0.238	1.791	1.911	ESTABLE
2552	0.213	1.521	1.588	ESTABLE
15066	0.226	1.692	1.596	ESTABLE
615	0.245	1.884	1.832	ESTABLE
14295	0.261	1.95	2.017	ESTABLE
1387	0.253	1.933	1.843	ESTABLE
13012	0.237	1.681	1.65	ESTABLE
2362	0.221	1.569	1.513	ESTABLE
11606	0.239	1.655	1.731	ESTABLE
18309	0.239	1.789	1.676	ESTABLE
16393	0.223	1.627	1.582	ESTABLE
18923	0.215	1.621	1.594	ESTABLE
17452	0.23	1.695	1.841	ESTABLE
12459	0.217	1.535	1.461	ESTABLE
4234	0.254	1.794	1.865	ESTABLE
5758	0.214	1.51	1.486	ESTABLE
14112	0.261	1.906	1.963	ESTABLE
16299	0.217	1.588	1.503	ESTABLE
254	0.251	1.924	1.816	ESTABLE
3932	0.257	1.987	1.952	ESTABLE
10752	0.256	1.932	1.953	ESTABLE
9485	0.222	1.603	1.613	ESTABLE
8373	0.24	1.774	1.751	ESTABLE
4497	0.241	1.714	1.76	ESTABLE
6922	0.242	1.786	1.788	ESTABLE
9877	0.243	1.726	1.805	ESTABLE
6699	0.237	1.676	1.692	ESTABLE
252	0.267	1.936	1.878	ESTABLE
1796	0.237	1.706	1.666	ESTABLE
12952	0.237	1.679	1.649	ESTABLE
7226	0.253	1.902	1.833	ESTABLE
1489	0.253	1.884	1.856	ESTABLE
10107	0.232	1.664	1.642	ESTABLE
17267	0.231	1.801	1.909	ESTABLE
15946	0.224	1.531	1.554	ESTABLE
9282	0.207	1.529	1.43	ESTABLE
3634	0.251	1.86	1.834	ESTABLE
14088	0.263	1.93	1.984	ESTABLE
11311	0.241	1.832	1.768	ESTABLE
3730	0.253	1.909	1.879	ESTABLE
16789	0.246	1.816	1.754	ESTABLE
7064	0.251	1.903	1.846	ESTABLE
8952	0.22	1.58	1.526	ESTABLE
13572	0.226	1.708	1.733	ESTABLE
19092	0.225	1.624	1.682	ESTABLE
15915	0.209	1.426	1.538	ESTABLE
13895	0.241	1.822	1.785	ESTABLE
14520	0.257	1.929	1.942	ESTABLE
8917	0.214	1.582	1.469	ESTABLE
2674	0.223	1.569	1.656	ESTABLE
1631	0.245	1.74	1.833	ESTABLE
19718	0.224	1.581	1.592	ESTABLE
5099	0.238	1.747	1.725	ESTABLE
1724	0.24	1.734	1.721	ESTABLE
2784	0.223	1.584	1.65	ESTABLE
18599	0.213	1.517	1.414	ESTABLE
19728	0.21	1.564	1.584	ESTABLE
10212	0.232	1.662	1.754	ESTABLE
12126	0.235	1.647	1.619	ESTABLE
5158	0.235	1.743	1.726	ESTABLE
11171	0.256	1.913	1.822	ESTABLE
14866	0.247	1.743	1.743	ESTABLE
13758	0.239	1.755	1.783	ESTABLE
12328	0.224	1.521	1.544	ESTABLE
7050	0.244	1.949	1.819	ESTABLE
17383	0.246	1.79	1.834	ESTABLE
3007	0.214	1.551	1.623	ESTABLE
1005	0.237	1.767	1.86	ESTABLE
4649	0.235	1.771	1.84	ESTABLE
2281	0.227	1.453	1.569	ESTABLE
13133	0.246	1.84	1.69	ESTABLE
18558	0.222	1.59	1.535	ESTABLE
4695	0.247	1.812	1.888	ESTABLE
5945	0.216	1.596	1.542	ESTABLE
201	0.237	1.846	1.822	ESTABLE
11503	0.239	1.711	1.698	ESTABLE
11136	0.249	1.92	1.863	ESTABLE
10125	0.234	1.639	1.738	ESTABLE
8955	0.206	1.481	1.419	ESTABLE
5912	0.216	1.508	1.594	ESTABLE
18981	0.224	1.587	1.628	ESTABLE
8764	0.227	1.581	1.639	ESTABLE
861	0.251	1.728	1.808	ESTABLE
18244	0.236	1.865	1.709	INESTABLE
18382	0.227	1.748	1.611	ESTABLE
14062	0.24	1.794	1.839	ESTABLE
7411	0.254	1.982	1.933	ESTABLE
9129	0.213	1.48	1.47	ESTABLE
3765	0.259	2.002	1.906	ESTABLE
12045	0.231	1.592	1.713	ESTABLE
18228	0.243	1.837	1.778	ESTABLE
11473	0.246	1.773	1.698	ESTABLE
3547	0.249	1.837	1.812	ESTABLE
7349	0.267	2.046	2.004	ESTABLE
15801	0.223	1.568	1.598	ESTABLE
5071	0.243	1.763	1.778	ESTABLE
6972	0.244	1.803	1.79	ESTABLE
16627	0.24	1.849	1.716	ESTABLE
19662	0.231	1.561	1.653	ESTABLE
11523	0.231	1.782	1.708	ESTABLE
10239	0.223	1.689	1.732	ESTABLE
18953	0.221	1.609	1.555	ESTABLE
1686	0.222	1.657	1.688	ESTABLE
13859	0.242	1.772	1.894	ESTABLE
11587	0.236	1.715	1.659	ESTABLE
13462	0.247	1.833	1.78	ESTABLE
4006	0.269	2.029	1.93	ESTABLE
10802	0.265	2.05	1.968	ESTABLE
18406	0.232	1.707	1.643	ESTABLE
18403	0.223	1.675	1.618	ESTABLE
1966	0.217	1.512	1.568	ESTABLE
18232	0.248	1.824	1.791	ESTABLE
4264	0.24	1.789	1.816	ESTABLE
12211	0.218	1.53	1.627	ESTABLE
3165	0.229	1.58	1.603	ESTABLE
14152	0.256	1.894	1.949	ESTABLE
19074	0.211	1.575	1.574	ESTABLE
2798	0.228	1.623	1.649	ESTABLE
19124	0.226	1.585	1.64	ESTABLE
2200	0.207	1.526	1.445	ESTABLE
15541	0.227	1.485	1.655	INESTABLE
5002	0.241	1.624	1.806	INESTABLE
12266	0.22	1.571	1.607	ESTABLE
8353	0.231	1.773	1.813	ESTABLE
10241	0.251	1.694	1.699	ESTABLE
13985	0.24	1.796	1.795	ESTABLE
10242	0.238	1.649	1.746	ESTABLE
3116	0.213	1.516	1.568	ESTABLE
13632	0.233	1.76	1.792	ESTABLE
13066	0.24	1.669	1.673	ESTABLE
14861	0.248	1.784	1.686	ESTABLE
11107	0.245	1.885	1.838	ESTABLE
13560	0.233	1.736	1.72	ESTABLE
7488	0.258	2.006	1.905	ESTABLE
14797	0.236	1.775	1.72	ESTABLE
14093	0.245	1.821	1.87	ESTABLE
7046	0.242	1.841	1.896	ESTABLE
18067	0.258	1.795	1.889	ESTABLE
3750	0.262	1.995	1.874	ESTABLE
3250	0.23	1.664	1.617	ESTABLE
14097	0.253	1.843	1.871	ESTABLE
16566	0.231	1.735	1.624	ESTABLE
19865	0.212	1.601	1.595	ESTABLE
9664	0.229	1.679	1.65	ESTABLE
17386	0.243	1.739	1.842	ESTABLE
12482	0.208	1.508	1.453	ESTABLE
10656	0.256	1.943	1.902	ESTABLE
17969	0.241	1.902	1.914	ESTABLE
9012	0.217	1.504	1.482	ESTABLE
4136	0.25	1.869	1.923	ESTABLE
2153	0.218	1.584	1.476	ESTABLE
4861	0.244	1.744	1.874	ESTABLE
10555	0.242	1.843	1.802	ESTABLE
2648	0.226	1.598	1.672	ESTABLE
2409	0.227	1.641	1.542	ESTABLE
14535	0.254	1.905	1.89	ESTABLE
16066	0.208	1.474	1.557	ESTABLE
3538	0.24	1.821	1.822	ESTABLE
13969	0.246	1.803	1.89	ESTABLE
13161	0.229	1.749	1.668	ESTABLE
15696	0.216	1.526	1.561	ESTABLE
1994	0.225	1.65	1.592	ESTABLE
1021	0.246	1.798	1.787	ESTABLE
15010	0.229	1.722	1.617	ESTABLE
9884	0.233	1.695	1.693	ESTABLE
17087	0.253	1.817	1.849	ESTABLE
1421	0.264	1.921	1.893	ESTABLE
7260	0.258	1.908	1.931	ESTABLE
16510	0.239	1.706	1.688	ESTABLE
14812	0.209	1.664	1.66	ESTABLE
3574	0.229	1.787	1.739	ESTABLE
16818	0.261	1.913	1.872	ESTABLE
11864	0.233	1.622	1.662	ESTABLE
14690	0.25	1.856	1.904	ESTABLE
15606	0.231	1.552	1.681	ESTABLE
2083	0.22	1.573	1.52	ESTABLE
3725	0.249	1.934	1.869	ESTABLE
17239	0.255	1.776	1.878	ESTABLE
13795	0.25	1.715	1.919	INESTABLE
4154	0.251	1.939	1.891	ESTABLE
1718	0.24	1.736	1.802	ESTABLE
8696	0.233	1.692	1.775	ESTABLE
5710	0.226	1.539	1.466	ESTABLE
518	0.256	1.962	1.89	ESTABLE
10610	0.259	1.94	1.92	ESTABLE
7797	0.24	1.805	1.798	ESTABLE
11739	0.227	1.661	1.7	ESTABLE
487	0.257	1.844	1.868	ESTABLE
4319	0.247	1.84	1.801	ESTABLE
845	0.253	1.877	1.848	ESTABLE
3603	0.251	1.805	1.807	ESTABLE
5718	0.218	1.551	1.564	ESTABLE
8214	0.232	1.659	1.761	ESTABLE
19137	0.219	1.592	1.589	ESTABLE
4260	0.245	1.843	1.901	ESTABLE
4742	0.248	1.766	1.756	ESTABLE
9086	0.204	1.429	1.452	ESTABLE
93	0.245	1.81	1.689	ESTABLE
19489	0.217	1.444	1.568	ESTABLE
18999	0.221	1.607	1.594	ESTABLE
7635	0.266	1.89	1.875	ESTABLE
7077	0.254	1.773	1.801	ESTABLE
6789	0.237	1.619	1.68	ESTABLE
18161	0.249	1.831	1.825	ESTABLE
19375	0.224	1.608	1.694	ESTABLE
6725	0.235	1.58	1.665	ESTABLE
18501	0.217	1.637	1.539	ESTABLE
4127	0.259	1.906	1.922	ESTABLE
7982	0.246	1.791	1.807	ESTABLE
10929	0.261	2.003	1.892	ESTABLE
19755	0.214	1.502	1.533	ESTABLE
700	0.249	1.805	1.807	ESTABLE
19301	0.221	1.567	1.627	ESTABLE
3004	0.219	1.569	1.607	ESTABLE
14901	0.238	1.788	1.703	ESTABLE
4003	0.265	1.997	1.912	ESTABLE
6220	0.236	1.721	1.707	ESTABLE
9041	0.201	1.481	1.378	ESTABLE
13047	0.217	1.667	1.6	ESTABLE
1985	0.215	1.587	1.566	ESTABLE
11754	0.227	1.654	1.727	ESTABLE
17842	0.263	1.931	1.936	ESTABLE
12037	0.24	1.603	1.712	ESTABLE
3256	0.222	1.571	1.539	ESTABLE
11885	0.231	1.67	1.716	ESTABLE
7737	0.255	1.901	1.805	ESTABLE
14572	0.252	1.959	1.914	ESTABLE
14529	0.256	1.974	1.857	ESTABLE
7120	0.252	1.9	1.886	ESTABLE
12142	0.228	1.686	1.666	ESTABLE
1073	0.249	1.811	1.897	ESTABLE
9167	0.219	1.503	1.492	ESTABLE
13374	0.234	1.805	1.779	ESTABLE
16035	0.205	1.501	1.502	ESTABLE
3245	0.227	1.592	1.651	ESTABLE
19440	0.227	1.529	1.576	ESTABLE
5064	0.234	1.759	1.772	ESTABLE
13734	0.251	1.75	1.807	ESTABLE
17702	0.259	1.919	1.903	ESTABLE
12158	0.237	1.672	1.678	ESTABLE
14865	0.233	1.702	1.734	ESTABLE
12736	0.211	1.486	1.414	ESTABLE
4446	0.243	1.784	1.853	ESTABLE
17615	0.254	1.923	1.934	ESTABLE
7694	0.254	1.96	1.857	ESTABLE
3185	0.211	1.516	1.587	ESTABLE
3806	0.255	1.875	1.945	ESTABLE
16143	0.221	1.502	1.58	ESTABLE
9974	0.236	1.675	1.725	ESTABLE
1220	0.246	1.829	1.909	ESTABLE
1486	0.251	1.896	1.928	ESTABLE
4581	0.228	1.749	1.782	ESTABLE
3824	0.253	1.985	1.901	ESTABLE
13380	0.243	1.868	1.795	ESTABLE
9903	0.243	1.72	1.694	ESTABLE
15214	0.22	1.642	1.598	ESTABLE
2072	0.208	1.572	1.478	ESTABLE
7254	0.27	2.053	1.993	ESTABLE
10749	0.258	1.897	1.943	ESTABLE
18397	0.233	1.709	1.684	ESTABLE
821	0.246	1.815	1.792	ESTABLE
15450	0.232	1.597	1.701	ESTABLE
7662	0.243	1.845	1.846	ESTABLE
3551	0.246	1.868	1.801	ESTABLE
12173	0.23	1.652	1.625	ESTABLE
12486	0.21	1.486	1.452	ESTABLE
8591	0.233	1.747	1.784	ESTABLE
12078	0.233	1.676	1.774	ESTABLE
14903	0.245	1.61	1.661	ESTABLE
4050	0.249	1.948	1.905	ESTABLE
17583	0.248	1.817	1.887	ESTABLE
8666	0.233	1.654	1.662	ESTABLE
457	0.254	1.951	1.82	ESTABLE
12930	0.213	1.568	1.514	ESTABLE
2960	0.223	1.592	1.65	ESTABLE
11986	0.23	1.589	1.719	ESTABLE
18263	0.233	1.768	1.546	INESTABLE
13023	0.224	1.638	1.644	ESTABLE
7393	0.259	2.004	1.914	ESTABLE
4613	0.246	1.814	1.775	ESTABLE
2468	0.215	1.63	1.557	ESTABLE
15347	0.232	1.633	1.679	ESTABLE
3774	0.243	1.909	1.892	ESTABLE
11100	0.262	1.957	1.907	ESTABLE
9672	0.231	1.682	1.666	ESTABLE
15790	0.227	1.619	1.651	ESTABLE
8421	0.242	1.774	1.822	ESTABLE
5392	0.206	1.608	1.452	INESTABLE
8931	0.207	1.526	1.485	ESTABLE
16443	0.225	1.622	1.635	ESTABLE
17395	0.235	1.76	1.791	ESTABLE
11989	0.232	1.651	1.723	ESTABLE
19379	0.22	1.466	1.564	ESTABLE
4331	0.244	1.825	1.831	ESTABLE
6580	0.214	1.575	1.6	ESTABLE
5756	0.217	1.508	1.428	ESTABLE
13616	0.237	1.747	1.73	ESTABLE
10706	0.268	1.995	1.971	ESTABLE
9671	0.223	1.731	1.657	ESTABLE
2954	0.221	1.505	1.67	INESTABLE
4307	0.255	1.812	1.865	ESTABLE
11956	0.23	1.714	1.737	ESTABLE
1094	0.255	1.772	1.84	ESTABLE
14445	0.253	1.949	1.871	ESTABLE
10124	0.23	1.678	1.675	ESTABLE
1292	0.259	1.861	1.935	ESTABLE
3184	0.226	1.547	1.714	INESTABLE
4482	0.236	1.725	1.749	ESTABLE
8213	0.247	1.797	1.82	ESTABLE
6231	0.233	1.651	1.679	ESTABLE
7177	0.261	1.89	1.906	ESTABLE
11545	0.234	1.706	1.726	ESTABLE
19808	0.225	1.604	1.56	ESTABLE
9379	0.206	1.541	1.471	ESTABLE
16277	0.233	1.565	1.547	ESTABLE
1608	0.237	1.744	1.749	ESTABLE
18969	0.225	1.649	1.618	ESTABLE
266	0.24	1.837	1.827	ESTABLE
8995	0.211	1.541	1.465	ESTABLE
19691	0.228	1.606	1.545	ESTABLE
719	0.246	1.789	1.887	ESTABLE
9675	0.232	1.695	1.701	ESTABLE
9696	0.233	1.64	1.65	ESTABLE
18836	0.229	1.634	1.581	ESTABLE
11763	0.22	1.657	1.656	ESTABLE
18741	0.223	1.664	1.551	ESTABLE
12497	0.206	1.496	1.465	ESTABLE
7773	0.254	1.849	1.807	ESTABLE
3495	0.252	1.784	1.746	ESTABLE
15834	0.229	1.539	1.607	ESTABLE
12606	0.222	1.582	1.539	ESTABLE
6528	0.232	1.585	1.673	ESTABLE
9900	0.24	1.711	1.683	ESTABLE
14970	0.223	1.599	1.608	ESTABLE
8196	0.237	1.743	1.803	ESTABLE
13904	0.234	1.707	1.764	ESTABLE
9803	0.244	1.814	1.816	ESTABLE
11324	0.246	1.846	1.733	ESTABLE
14475	0.254	1.97	1.943	ESTABLE
2421	0.214	1.56	1.5	ESTABLE
5177	0.237	1.782	1.763	ESTABLE
17911	0.258	1.944	1.927	ESTABLE
9426	0.223	1.604	1.58	ESTABLE
15246	0.214	1.586	1.61	ESTABLE
308	0.261	1.929	1.893	ESTABLE
8367	0.245	1.732	1.816	ESTABLE
15060	0.227	1.594	1.566	ESTABLE
8323	0.241	1.801	1.802	ESTABLE
15111	0.231	1.652	1.618	ESTABLE
7609	0.249	1.903	1.866	ESTABLE
4690	0.243	1.71	1.807	ESTABLE
16308	0.222	1.614	1.635	ESTABLE
7892	0.245	1.746	1.701	ESTABLE
19596	0.217	1.501	1.545	ESTABLE
2588	0.218	1.614	1.65	ESTABLE
5737	0.199	1.492	1.502	ESTABLE
5571	0.213	1.503	1.528	ESTABLE
5901	0.221	1.538	1.565	ESTABLE
19342	0.22	1.571	1.561	ESTABLE
13503	0.245	1.755	1.825	ESTABLE
17406	0.248	1.894	1.878	ESTABLE
8002	0.246	1.79	1.775	ESTABLE
4771	0.241	1.809	1.837	ESTABLE
14113	0.256	1.869	1.868	ESTABLE
12283	0.22	1.53	1.543	ESTABLE
11747	0.244	1.708	1.617	ESTABLE
9614	0.232	1.7	1.715	ESTABLE
1839	0.223	1.669	1.621	ESTABLE
10630	0.255	1.847	1.868	ESTABLE
1508	0.242	1.815	1.849	ESTABLE
949	0.242	1.769	1.859	ESTABLE
9813	0.24	1.765	1.732	ESTABLE
5452	0.207	1.566	1.482	ESTABLE
14539	0.244	1.907	1.931	ESTABLE
3294	0.227	1.61	1.575	ESTABLE
3226	0.212	1.612	1.621	ESTABLE
14221	0.245	1.88	1.876	ESTABLE
2962	0.227	1.627	1.646	ESTABLE
19245	0.232	1.611	1.717	ESTABLE
9417	0.233	1.637	1.618	ESTABLE
7693	0.249	1.948	1.907	ESTABLE
2243	0.206	1.515	1.479	ESTABLE
1177	0.252	1.878	1.888	ESTABLE
17729	0.244	1.872	1.847	ESTABLE
15990	0.209	1.521	1.548	ESTABLE
10377	0.232	1.73	1.74	ESTABLE
12453	0.213	1.467	1.511	ESTABLE
17486	0.253	1.87	1.871	ESTABLE
10767	0.26	1.927	1.945	ESTABLE
2632	0.222	1.641	1.622	ESTABLE
13025	0.237	1.671	1.598	ESTABLE
11094	0.254	1.978	1.879	ESTABLE
8685	0.225	1.653	1.75	ESTABLE
15385	0.225	1.548	1.601	ESTABLE
2452	0.209	1.545	1.591	ESTABLE
5059	0.234	1.747	1.763	ESTABLE
13435	0.253	1.792	1.838	ESTABLE
4724	0.246	1.768	1.804	ESTABLE
503	0.246	1.904	1.829	ESTABLE
14973	0.219	1.647	1.586	ESTABLE
17235	0.247	1.779	1.832	ESTABLE
3268	0.222	1.533	1.564	ESTABLE
14428	0.251	1.953	1.918	ESTABLE
3289	0.226	1.643	1.61	ESTABLE
10879	0.263	2.012	1.978	ESTABLE
16460	0.227	1.633	1.541	ESTABLE
19367	0.223	1.545	1.596	ESTABLE
1214	0.263	1.813	1.947	ESTABLE
16231	0.204	1.517	1.534	ESTABLE
4985	0.236	1.713	1.757	ESTABLE
12652	0.207	1.498	1.506	ESTABLE
12493	0.202	1.463	1.491	ESTABLE
19786	0.225	1.624	1.563	ESTABLE
10427	0.229	1.71	1.729	ESTABLE
1431	0.258	1.864	1.926	ESTABLE
13461	0.249	1.779	1.839	ESTABLE
7654	0.239	1.9	1.808	ESTABLE
12550	0.211	1.497	1.501	ESTABLE
18737	0.212	1.583	1.524	ESTABLE
7826	0.236	1.808	1.762	ESTABLE
6182	0.234	1.66	1.658	ESTABLE
10545	0.252	1.959	1.898	ESTABLE
14921	0.234	1.772	1.626	ESTABLE
12361	0.216	1.515	1.565	ESTABLE
17808	0.264	1.951	1.983	ESTABLE
18086	0.25	1.835	1.859	ESTABLE
10894	0.256	1.999	1.871	ESTABLE
11310	0.241	1.767	1.768	ESTABLE
15871	0.222	1.524	1.615	ESTABLE
17649	0.243	1.877	1.907	ESTABLE
14633	0.246	1.917	1.874	ESTABLE
4870	0.26	1.853	1.946	ESTABLE
16045	0.219	1.468	1.519	ESTABLE
19003	0.221	1.538	1.629	ESTABLE
9784	0.237	1.749	1.77	ESTABLE
9269	0.212	1.551	1.483	ESTABLE
85	0.243	1.767	1.783	ESTABLE
8755	0.223	1.564	1.635	ESTABLE
16638	0.251	1.857	1.758	ESTABLE
11138	0.255	1.967	1.882	ESTABLE
13597	0.243	1.82	1.839	ESTABLE
19296	0.234	1.518	1.7	INESTABLE
2288	0.213	1.537	1.491	ESTABLE
4474	0.241	1.82	1.755	ESTABLE
16655	0.239	1.871	1.744	ESTABLE
6246	0.223	1.704	1.629	ESTABLE
12570	0.21	1.486	1.423	ESTABLE
4740	0.251	1.775	1.857	ESTABLE
18064	0.242	1.833	1.864	ESTABLE
14968	0.224	1.651	1.634	ESTABLE
7987	0.233	1.762	1.78	ESTABLE
15474	0.236	1.625	1.674	ESTABLE
15811	0.221	1.594	1.656	ESTABLE
13615	0.251	1.763	1.829	ESTABLE
8960	0.222	1.521	1.468	ESTABLE
16675	0.248	1.837	1.764	ESTABLE
9564	0.244	1.726	1.625	ESTABLE
16331	0.217	1.564	1.553	ESTABLE
5046	0.241	1.776	1.786	ESTABLE
3850	0.274	2.037	2.008	ESTABLE
15121	0.219	1.624	1.546	ESTABLE
3718	0.255	1.954	1.917	ESTABLE
19814	0.219	1.57	1.563	ESTABLE
3055	0.225	1.57	1.583	ESTABLE
13370	0.238	1.74	1.763	ESTABLE
18097	0.251	1.869	1.889	ESTABLE
449	0.261	1.978	1.925	ESTABLE
18050	0.253	1.911	1.838	ESTABLE
10183	0.255	1.689	1.808	ESTABLE
5190	0.24	1.682	1.701	ESTABLE
7842	0.249	1.838	1.786	ESTABLE
946	0.244	1.79	1.764	ESTABLE
3979	0.257	1.997	1.908	ESTABLE
15884	0.209	1.55	1.525	ESTABLE
14357	0.268	1.966	2.011	ESTABLE
9439	0.219	1.53	1.521	ESTABLE
4294	0.238	1.861	1.838	ESTABLE
17997	0.249	1.918	1.897	ESTABLE
8751	0.221	1.624	1.626	ESTABLE
6671	0.233	1.597	1.712	ESTABLE
1692	0.231	1.71	1.706	ESTABLE
14485	0.265	1.979	1.878	ESTABLE
16335	0.22	1.584	1.576	ESTABLE
11855	0.235	1.648	1.656	ESTABLE
16989	0.242	1.754	1.846	ESTABLE
6147	0.231	1.652	1.661	ESTABLE
1777	0.23	1.577	1.587	ESTABLE
13542	0.244	1.8	1.774	ESTABLE
15139	0.218	1.63	1.588	ESTABLE
17780	0.252	1.863	1.968	ESTABLE
38	0.237	1.77	1.776	ESTABLE
16863	0.254	1.823	1.813	ESTABLE
13245	0.232	1.726	1.801	ESTABLE
3799	0.251	1.884	1.775	ESTABLE
10594	0.247	1.869	1.925	ESTABLE
8271	0.244	1.725	1.709	ESTABLE
10307	0.241	1.716	1.723	ESTABLE
2886	0.216	1.51	1.561	ESTABLE
14904	0.247	1.752	1.718	ESTABLE
1203	0.25	1.794	1.876	ESTABLE
18026	0.232	1.848	1.84	ESTABLE
13123	0.235	1.808	1.658	ESTABLE
9445	0.22	1.526	1.522	ESTABLE
16236	0.21	1.544	1.504	ESTABLE
13489	0.253	1.815	1.812	ESTABLE
10808	0.253	1.965	1.976	ESTABLE
5270	0.228	1.635	1.567	ESTABLE
3428	0.228	1.723	1.724	ESTABLE
10521	0.244	1.798	1.89	ESTABLE
10922	0.254	1.96	1.964	ESTABLE
13381	0.241	1.799	1.793	ESTABLE
11402	0.233	1.755	1.645	ESTABLE
15402	0.226	1.653	1.673	ESTABLE
2990	0.215	1.539	1.583	ESTABLE
16113	0.211	1.424	1.549	ESTABLE
14284	0.258	1.917	1.924	ESTABLE
5948	0.221	1.638	1.575	ESTABLE
9115	0.214	1.531	1.521	ESTABLE
14491	0.251	1.89	1.9	ESTABLE
17006	0.24	1.839	1.807	ESTABLE
15418	0.226	1.603	1.681	ESTABLE
5741	0.208	1.497	1.44	ESTABLE
1319	0.247	1.822	1.93	ESTABLE
18883	0.217	1.57	1.502	ESTABLE
8832	0.222	1.598	1.535	ESTABLE
680	0.247	1.804	1.86	ESTABLE
18849	0.228	1.623	1.516	ESTABLE
19802	0.227	1.584	1.572	ESTABLE
2993	0.226	1.607	1.622	ESTABLE
848	0.244	1.795	1.829	ESTABLE
8205	0.237	1.752	1.738	ESTABLE
19316	0.218	1.509	1.549	ESTABLE
14157	0.252	1.901	1.948	ESTABLE
1307	0.244	1.83	1.91	ESTABLE
2636	0.229	1.576	1.638	ESTABLE
14345	0.266	1.937	1.95	ESTABLE
16181	0.214	1.483	1.536	ESTABLE
17695	0.264	1.838	1.989	INESTABLE
16400	0.218	1.593	1.543	ESTABLE
8921	0.218	1.564	1.572	ESTABLE
13190	0.228	1.767	1.695	ESTABLE
9965	0.24	1.69	1.693	ESTABLE
15359	0.241	1.666	1.731	ESTABLE
4075	0.261	2.011	1.813	INESTABLE
14391	0.265	1.936	1.976	ESTABLE
9458	0.221	1.564	1.565	ESTABLE
18652	0.229	1.626	1.599	ESTABLE
10080	0.248	1.743	1.773	ESTABLE
5437	0.206	1.538	1.47	ESTABLE
1955	0.216	1.608	1.542	ESTABLE
19930	0.225	1.661	1.616	ESTABLE
4661	0.246	1.749	1.827	ESTABLE
8705	0.219	1.578	1.616	ESTABLE
4883	0.243	1.726	1.795	ESTABLE
7367	0.274	1.985	1.983	ESTABLE
17845	0.26	1.941	1.954	ESTABLE
3761	0.257	1.947	1.935	ESTABLE
13931	0.236	1.722	1.849	ESTABLE
6483	0.228	1.703	1.65	ESTABLE
8669	0.218	1.647	1.603	ESTABLE
7649	0.245	1.998	1.874	ESTABLE
2333	0.201	1.454	1.532	ESTABLE
14878	0.233	1.662	1.662	ESTABLE
9265	0.209	1.518	1.425	ESTABLE
9441	0.217	1.638	1.515	ESTABLE
7586	0.267	1.884	1.963	ESTABLE
1070	0.249	1.78	1.81	ESTABLE
9544	0.217	1.666	1.575	ESTABLE
15399	0.232	1.61	1.654	ESTABLE
19200	0.228	1.584	1.698	ESTABLE
13387	0.258	1.904	1.856	ESTABLE
88	0.239	1.819	1.791	ESTABLE
5130	0.23	1.713	1.693	ESTABLE
2460	0.219	1.576	1.572	ESTABLE
18088	0.243	1.869	1.883	ESTABLE
5696	0.227	1.507	1.459	ESTABLE
7860	0.251	1.794	1.795	ESTABLE
5147	0.225	1.738	1.677	ESTABLE
2661	0.221	1.584	1.614	ESTABLE
8672	0.231	1.601	1.714	ESTABLE
6915	0.245	1.799	1.74	ESTABLE
6809	0.245	1.619	1.712	ESTABLE
3252	0.236	1.585	1.694	ESTABLE
1974	0.229	1.571	1.613	ESTABLE
18633	0.204	1.548	1.518	ESTABLE
10007	0.255	1.747	1.832	ESTABLE
14052	0.242	1.892	1.98	ESTABLE
9744	0.22	1.689	1.726	ESTABLE
14508	0.266	1.974	1.931	ESTABLE
14763	0.241	1.859	1.742	ESTABLE
19427	0.223	1.531	1.625	ESTABLE
17124	0.255	1.851	1.862	ESTABLE
7396	0.271	2.087	1.99	ESTABLE
13638	0.233	1.67	1.703	ESTABLE
18287	0.228	1.756	1.677	ESTABLE
3882	0.261	1.995	1.959	ESTABLE
8133	0.242	1.767	1.847	ESTABLE
2792	0.224	1.643	1.575	ESTABLE
9957	0.248	1.649	1.781	ESTABLE
18444	0.224	1.605	1.544	ESTABLE
4889	0.249	1.89	1.82	ESTABLE
4972	0.241	1.782	1.816	ESTABLE
1757	0.233	1.749	1.661	ESTABLE
18908	0.226	1.609	1.615	ESTABLE
2428	0.234	1.581	1.584	ESTABLE
16114	0.21	1.532	1.544	ESTABLE
13131	0.244	1.777	1.72	ESTABLE
2142	0.209	1.48	1.451	ESTABLE
3739	0.264	1.915	1.847	ESTABLE
15655	0.228	1.609	1.663	ESTABLE
8274	0.232	1.7	1.806	ESTABLE
1684	0.237	1.774	1.672	ESTABLE
6042	0.221	1.644	1.577	ESTABLE
11165	0.248	1.897	1.766	ESTABLE
14434	0.254	2.066	1.935	ESTABLE
15687	0.223	1.595	1.695	ESTABLE
15382	0.218	1.684	1.645	ESTABLE
9318	0.211	1.556	1.469	ESTABLE
18811	0.209	1.522	1.518	ESTABLE
402	0.257	1.931	1.894	ESTABLE
3362	0.229	1.635	1.699	ESTABLE
16086	0.21	1.572	1.503	ESTABLE
4138	0.253	1.869	1.842	ESTABLE
9573	0.241	1.67	1.728	ESTABLE
18133	0.257	1.913	1.917	ESTABLE
1787	0.237	1.705	1.674	ESTABLE
1492	0.254	1.801	1.931	ESTABLE
8989	0.217	1.566	1.479	ESTABLE
4148	0.251	1.921	1.805	ESTABLE
19405	0.225	1.503	1.556	ESTABLE
464	0.258	1.908	1.904	ESTABLE
9905	0.25	1.789	1.806	ESTABLE
5880	0.222	1.582	1.559	ESTABLE
11826	0.232	1.69	1.657	ESTABLE
7455	0.259	1.998	1.991	ESTABLE
9708	0.228	1.686	1.681	ESTABLE
6361	0.228	1.621	1.696	ESTABLE
3295	0.229	1.659	1.64	ESTABLE
9274	0.218	1.542	1.461	ESTABLE
17192	0.249	1.779	1.854	ESTABLE
9061	0.202	1.419	1.395	ESTABLE
15867	0.219	1.495	1.592	ESTABLE
7091	0.248	1.887	1.866	ESTABLE
6277	0.22	1.595	1.629	ESTABLE
6067	0.222	1.606	1.675	ESTABLE
17560	0.258	1.951	1.869	ESTABLE
3918	0.257	2.001	1.918	ESTABLE
10340	0.224	1.682	1.68	ESTABLE
6311	0.221	1.6	1.653	ESTABLE
3954	0.269	2.015	1.911	ESTABLE
7555	0.254	1.978	1.988	ESTABLE
8238	0.24	1.699	1.816	ESTABLE
10048	0.233	1.632	1.827	INESTABLE
8878	0.216	1.546	1.534	ESTABLE
14869	0.235	1.705	1.677	ESTABLE
11529	0.233	1.707	1.675	ESTABLE
10840	0.257	1.965	1.951	ESTABLE
18036	0.239	1.892	1.864	ESTABLE
13943	0.253	1.879	1.818	ESTABLE
11265	0.241	1.777	1.766	ESTABLE
17398	0.236	1.797	1.866	ESTABLE
18137	0.249	1.821	1.826	ESTABLE
15508	0.231	1.639	1.679	ESTABLE
12093	0.215	1.602	1.671	ESTABLE
19057	0.223	1.506	1.602	ESTABLE
10034	0.24	1.68	1.714	ESTABLE
7973	0.239	1.651	1.702	ESTABLE
13252	0.256	1.85	1.749	ESTABLE
7262	0.273	2.002	2.005	ESTABLE
9642	0.236	1.717	1.677	ESTABLE
3050	0.213	1.513	1.578	ESTABLE
566	0.242	1.843	1.777	ESTABLE
14686	0.248	1.89	1.765	ESTABLE
16084	0.218	1.52	1.512	ESTABLE
15601	0.229	1.624	1.709	ESTABLE
7875	0.249	1.812	1.793	ESTABLE
18193	0.242	1.813	1.763	ESTABLE
16010	0.208	1.48	1.511	ESTABLE
19749	0.234	1.636	1.657	ESTABLE
7909	0.242	1.794	1.729	ESTABLE
2806	0.226	1.638	1.679	ESTABLE
6261	0.231	1.636	1.655	ESTABLE
16929	0.261	1.979	1.871	ESTABLE
333	0.259	1.904	1.881	ESTABLE
18213	0.244	1.782	1.783	ESTABLE
9053	0.2	1.47	1.428	ESTABLE
9164	0.2	1.508	1.448	ESTABLE
11153	0.244	1.92	1.797	ESTABLE
8466	0.245	1.738	1.813	ESTABLE
11627	0.235	1.694	1.744	ESTABLE
6951	0.244	1.713	1.782	ESTABLE
15977	0.209	1.46	1.49	ESTABLE
5959	0.216	1.636	1.533	ESTABLE
10651	0.248	1.833	1.917	ESTABLE
16198	0.203	1.469	1.499	ESTABLE
941	0.247	1.769	1.875	ESTABLE
11024	0.259	1.955	1.92	ESTABLE
19742	0.211	1.512	1.529	ESTABLE
18673	0.225	1.642	1.55	ESTABLE
15228	0.228	1.607	1.597	ESTABLE
7991	0.249	1.768	1.756	ESTABLE
14772	0.25	1.81	1.724	ESTABLE
9140	0.197	1.489	1.411	ESTABLE
2840	0.234	1.545	1.61	ESTABLE
8045	0.243	1.801	1.8	ESTABLE
10562	0.259	1.902	1.928	ESTABLE
8795	0.229	1.54	1.577	ESTABLE
14273	0.25	1.952	1.966	ESTABLE
15233	0.236	1.671	1.679	ESTABLE
15844	0.214	1.516	1.558	ESTABLE
17635	0.262	1.954	1.979	ESTABLE
8851	0.218	1.462	1.598	ESTABLE
17097	0.232	1.722	1.829	ESTABLE
5772	0.207	1.518	1.396	ESTABLE
14271	0.247	1.926	1.968	ESTABLE
5014	0.252	1.819	1.857	ESTABLE
15065	0.216	1.595	1.628	ESTABLE
11869	0.229	1.701	1.659	ESTABLE
14206	0.256	1.909	2.014	ESTABLE
3459	0.243	1.771	1.808	ESTABLE
16063	0.205	1.419	1.503	ESTABLE
13765	0.232	1.765	1.836	ESTABLE
415	0.262	1.966	1.908	ESTABLE
11182	0.249	1.892	1.868	ESTABLE
16580	0.241	1.853	1.658	INESTABLE
2260	0.215	1.572	1.514	ESTABLE
12143	0.222	1.595	1.697	ESTABLE
14038	0.252	1.822	1.908	ESTABLE
17457	0.254	1.799	1.874	ESTABLE
11378	0.228	1.684	1.658	ESTABLE
1346	0.262	1.896	2.012	ESTABLE
18545	0.216	1.544	1.451	ESTABLE
3967	0.26	2.028	1.905	ESTABLE
9883	0.239	1.722	1.792	ESTABLE
3340	0.211	1.623	1.585	ESTABLE
7958	0.234	1.743	1.704	ESTABLE
2491	0.218	1.576	1.524	ESTABLE
6499	0.229	1.629	1.677	ESTABLE
12998	0.229	1.68	1.577	ESTABLE
12299	0.211	1.611	1.59	ESTABLE
18868	0.223	1.568	1.523	ESTABLE
10223	0.225	1.648	1.697	ESTABLE
842	0.251	1.827	1.876	ESTABLE
18963	0.217	1.578	1.651	ESTABLE
19597	0.224	1.547	1.634	ESTABLE
10193	0.242	1.735	1.763	ESTABLE
5367	0.222	1.705	1.605	ESTABLE
19873	0.226	1.663	1.61	ESTABLE
5499	0.221	1.507	1.454	ESTABLE
12088	0.231	1.659	1.78	ESTABLE
8397	0.245	1.767	1.892	ESTABLE
15239	0.236	1.638	1.605	ESTABLE
7143	0.266	1.974	1.973	ESTABLE
18481	0.219	1.585	1.604	ESTABLE
3749	0.254	1.893	1.883	ESTABLE
15518	0.214	1.566	1.632	ESTABLE
4137	0.252	1.857	1.762	ESTABLE
7817	0.235	1.88	1.766	ESTABLE
4994	0.238	1.714	1.825	ESTABLE
668	0.261	1.878	1.825	ESTABLE
6533	0.226	1.678	1.666	ESTABLE
8103	0.24	1.726	1.679	ESTABLE
1017	0.24	1.831	1.864	ESTABLE
1320	0.251	1.792	1.875	ESTABLE
2249	0.215	1.553	1.486	ESTABLE
7348	0.263	2.021	1.935	ESTABLE
11468	0.24	1.779	1.736	ESTABLE
1707	0.233	1.749	1.67	ESTABLE
17676	0.262	1.911	1.927	ESTABLE
636	0.246	1.776	1.886	ESTABLE
15412	0.218	1.544	1.584	ESTABLE
2684	0.221	1.564	1.558	ESTABLE
8267	0.229	1.708	1.715	ESTABLE
13814	0.255	1.77	1.831	ESTABLE
9118	0.21	1.511	1.395	ESTABLE
19532	0.214	1.494	1.557	ESTABLE
11060	0.264	1.937	1.93	ESTABLE
10711	0.255	1.841	1.976	ESTABLE
14900	0.229	1.737	1.579	INESTABLE
6936	0.24	1.749	1.772	ESTABLE
10727	0.256	1.931	1.961	ESTABLE
12423	0.209	1.509	1.498	ESTABLE
8525	0.238	1.765	1.77	ESTABLE
1648	0.228	1.743	1.724	ESTABLE
5955	0.23	1.618	1.563	ESTABLE
15129	0.216	1.675	1.575	ESTABLE
4447	0.243	1.851	1.834	ESTABLE
14045	0.24	1.768	1.829	ESTABLE
2751	0.224	1.627	1.668	ESTABLE
889	0.242	1.845	1.819	ESTABLE
18494	0.223	1.57	1.543	ESTABLE
19396	0.228	1.633	1.591	ESTABLE
12912	0.236	1.694	1.641	ESTABLE
884	0.239	1.754	1.756	ESTABLE
19928	0.22	1.707	1.633	ESTABLE
4183	0.251	1.917	1.82	ESTABLE
15316	0.236	1.628	1.624	ESTABLE
5409	0.227	1.543	1.575	ESTABLE
13249	0.239	1.765	1.76	ESTABLE
11015	0.251	1.906	1.883	ESTABLE
12743	0.205	1.476	1.474	ESTABLE
952	0.252	1.878	1.874	ESTABLE
19748	0.217	1.588	1.579	ESTABLE
14282	0.257	1.99	1.907	ESTABLE
8944	0.21	1.551	1.448	ESTABLE
7191	0.259	1.887	1.883	ESTABLE
15999	0.222	1.482	1.521	ESTABLE
7227	0.259	1.968	1.974	ESTABLE
17896	0.266	1.91	1.966	ESTABLE
17637	0.249	1.856	1.839	ESTABLE
13731	0.243	1.771	1.807	ESTABLE
12780	0.211	1.572	1.497	ESTABLE
9785	0.246	1.781	1.743	ESTABLE
11527	0.217	1.637	1.612	ESTABLE
194	0.242	1.855	1.849	ESTABLE
15630	0.232	1.638	1.723	ESTABLE
12465	0.213	1.47	1.438	ESTABLE
18865	0.214	1.549	1.625	ESTABLE
641	0.253	1.894	1.821	ESTABLE
19140	0.233	1.609	1.66	ESTABLE
12763	0.199	1.526	1.465	ESTABLE
13768	0.241	1.8	1.8	ESTABLE
6778	0.218	1.627	1.703	ESTABLE
2041	0.201	1.506	1.435	ESTABLE
13625	0.223	1.644	1.683	ESTABLE
15268	0.215	1.617	1.643	ESTABLE
17781	0.261	1.967	2.005	ESTABLE
10843	0.256	2	1.926	ESTABLE
13357	0.26	1.888	1.818	ESTABLE
13595	0.253	1.803	1.794	ESTABLE
2105	0.214	1.543	1.472	ESTABLE
7011	0.252	1.817	1.813	ESTABLE
5008	0.248	1.778	1.774	ESTABLE
12552	0.202	1.402	1.44	ESTABLE
7578	0.265	2.051	1.855	INESTABLE
4943	0.234	1.735	1.838	ESTABLE
4535	0.254	1.769	1.825	ESTABLE
2641	0.221	1.62	1.626	ESTABLE
17700	0.249	1.836	1.908	ESTABLE
10477	0.236	1.728	1.768	ESTABLE
11006	0.258	2.009	1.923	ESTABLE
8904	0.212	1.481	1.468	ESTABLE
7684	0.251	1.877	1.888	ESTABLE
9363	0.222	1.586	1.551	ESTABLE
2539	0.228	1.582	1.596	ESTABLE
14414	0.263	1.918	1.92	ESTABLE
8999	0.209	1.488	1.473	ESTABLE
7840	0.234	1.824	1.735	ESTABLE
15880	0.215	1.55	1.63	ESTABLE
17082	0.241	1.795	1.83	ESTABLE
9087	0.213	1.514	1.465	ESTABLE
8102	0.239	1.776	1.843	ESTABLE
8494	0.238	1.72	1.762	ESTABLE
14748	0.243	1.864	1.848	ESTABLE
15555	0.239	1.603	1.666	ESTABLE
5216	0.222	1.636	1.726	ESTABLE
14612	0.26	1.989	1.902	ESTABLE
17953	0.286	2.018	1.988	ESTABLE
13984	0.26	1.776	1.919	ESTABLE
16541	0.238	1.745	1.676	ESTABLE
14503	0.257	1.996	1.937	ESTABLE
10398	0.237	1.713	1.832	ESTABLE
18315	0.223	1.635	1.626	ESTABLE
17405	0.237	1.763	1.786	ESTABLE
15226	0.216	1.589	1.632	ESTABLE
4370	0.241	1.773	1.792	ESTABLE
14958	0.236	1.748	1.645	ESTABLE
3977	0.26	1.961	1.892	ESTABLE
8166	0.23	1.655	1.738	ESTABLE
18266	0.235	1.806	1.697	ESTABLE
1646	0.243	1.749	1.78	ESTABLE
15223	0.225	1.541	1.634	ESTABLE
16973	0.242	1.82	1.778	ESTABLE
5764	0.208	1.561	1.49	ESTABLE
7171	0.254	1.894	1.92	ESTABLE
13932	0.242	1.741	1.81	ESTABLE
3493	0.236	1.742	1.788	ESTABLE
182	0.244	1.84	1.707	ESTABLE
4836	0.259	1.908	1.9	ESTABLE
7995	0.243	1.774	1.842	ESTABLE
13096	0.243	1.686	1.68	ESTABLE
16200	0.213	1.553	1.515	ESTABLE
12583	0.2	1.491	1.456	ESTABLE
6372	0.228	1.631	1.708	ESTABLE
18864	0.223	1.581	1.541	ESTABLE
13581	0.234	1.745	1.805	ESTABLE
14924	0.232	1.665	1.593	ESTABLE
2387	0.218	1.525	1.528	ESTABLE
15570	0.23	1.678	1.691	ESTABLE
8024	0.226	1.636	1.685	ESTABLE
1515	0.259	1.84	1.892	ESTABLE
801	0.253	1.824	1.867	ESTABLE
4829	0.251	1.821	1.838	ESTABLE
6526	0.224	1.618	1.643	ESTABLE
7362	0.269	2.096	1.987	ESTABLE
10172	0.229	1.621	1.742	ESTABLE
7697	0.243	1.795	1.803	ESTABLE
3061	0.228	1.508	1.649	ESTABLE
10984	0.269	2.008	1.968	ESTABLE
16891	0.257	1.932	1.847	ESTABLE
9300	0.216	1.56	1.551	ESTABLE
2779	0.226	1.574	1.639	ESTABLE
5561	0.209	1.567	1.504	ESTABLE
15506	0.23	1.611	1.66	ESTABLE
16751	0.257	1.893	1.809	ESTABLE
7003	0.252	1.851	1.816	ESTABLE
14489	0.263	2.01	1.908	ESTABLE
14477	0.263	1.97	2.027	ESTABLE
15237	0.234	1.575	1.554	ESTABLE
10560	0.253	1.848	1.9	ESTABLE
19005	0.225	1.616	1.628	ESTABLE
14087	0.255	1.88	1.953	ESTABLE
6888	0.237	1.657	1.784	ESTABLE
9402	0.209	1.549	1.519	ESTABLE
9958	0.225	1.653	1.729	ESTABLE
14	0.228	1.752	1.667	ESTABLE
17955	0.256	1.892	1.977	ESTABLE
13307	0.236	1.702	1.774	ESTABLE
9862	0.252	1.715	1.707	ESTABLE
18649	0.204	1.525	1.462	ESTABLE
5703	0.207	1.473	1.491	ESTABLE
12424	0.214	1.506	1.458	ESTABLE
13778	0.244	1.732	1.671	ESTABLE
6287	0.229	1.681	1.685	ESTABLE
4171	0.25	1.897	1.798	ESTABLE
18167	0.256	1.804	1.799	ESTABLE
9689	0.236	1.771	1.671	ESTABLE
13186	0.245	1.766	1.764	ESTABLE
10689	0.255	1.945	1.988	ESTABLE
13383	0.253	1.829	1.816	ESTABLE
10135	0.235	1.628	1.706	ESTABLE
16618	0.241	1.822	1.669	INESTABLE
9841	0.234	1.739	1.676	ESTABLE
4084	0.26	1.946	1.935	ESTABLE
10287	0.239	1.703	1.728	ESTABLE
10820	0.252	1.906	1.908	ESTABLE
2293	0.213	1.463	1.525	ESTABLE
14133	0.257	1.896	1.93	ESTABLE
11935	0.236	1.683	1.72	ESTABLE
6457	0.233	1.688	1.712	ESTABLE
17644	0.255	1.909	1.946	ESTABLE
17037	0.254	1.831	1.859	ESTABLE
56	0.248	1.827	1.763	ESTABLE
14289	0.265	1.994	1.981	ESTABLE
1455	0.231	1.831	1.832	ESTABLE
8347	0.236	1.735	1.829	ESTABLE
6229	0.23	1.657	1.668	ESTABLE
18894	0.223	1.555	1.678	ESTABLE
12623	0.203	1.479	1.461	ESTABLE
3790	0.268	1.953	1.888	ESTABLE
16759	0.227	1.738	1.713	ESTABLE
14300	0.255	1.939	1.993	ESTABLE
10279	0.241	1.813	1.809	ESTABLE
11328	0.241	1.825	1.73	ESTABLE
14240	0.272	1.998	1.944	ESTABLE
19549	0.224	1.576	1.578	ESTABLE
3553	0.228	1.803	1.809	ESTABLE
1254	0.253	1.866	1.892	ESTABLE
8699	0.225	1.635	1.726	ESTABLE
19025	0.226	1.628	1.62	ESTABLE
5852	0.217	1.585	1.487	ESTABLE
8560	0.237	1.638	1.744	ESTABLE
3780	0.262	1.992	1.952	ESTABLE
905	0.249	1.868	1.853	ESTABLE
10852	0.26	1.985	1.98	ESTABLE
17571	0.246	1.848	1.93	ESTABLE
13097	0.227	1.746	1.682	ESTABLE
16693	0.247	1.844	1.741	ESTABLE
11507	0.234	1.701	1.685	ESTABLE
9147	0.202	1.476	1.357	ESTABLE
2275	0.225	1.641	1.604	ESTABLE
9130	0.216	1.512	1.369	ESTABLE
10757	0.256	1.998	1.966	ESTABLE
13057	0.233	1.677	1.509	INESTABLE
6329	0.236	1.655	1.628	ESTABLE
776	0.248	1.89	1.792	ESTABLE
7305	0.273	2.019	1.933	ESTABLE
7458	0.264	2.024	1.869	INESTABLE
10001	0.235	1.676	1.703	ESTABLE
11458	0.233	1.8	1.712	ESTABLE
15084	0.217	1.626	1.586	ESTABLE
6540	0.229	1.624	1.714	ESTABLE
7289	0.265	2.032	1.953	ESTABLE
15424	0.22	1.617	1.688	ESTABLE
1269	0.251	1.918	1.911	ESTABLE
12536	0.218	1.48	1.476	ESTABLE
3543	0.247	1.782	1.81	ESTABLE
5217	0.236	1.592	1.69	ESTABLE
8743	0.236	1.656	1.666	ESTABLE
8132	0.244	1.793	1.799	ESTABLE
13492	0.231	1.742	1.786	ESTABLE
10886	0.266	1.987	1.945	ESTABLE
5878	0.217	1.564	1.504	ESTABLE
813	0.251	1.863	1.854	ESTABLE
13511	0.247	1.746	1.767	ESTABLE
5802	0.214	1.589	1.458	ESTABLE
5325	0.231	1.603	1.608	ESTABLE
7758	0.24	1.865	1.791	ESTABLE
5065	0.239	1.696	1.729	ESTABLE
13317	0.246	1.733	1.821	ESTABLE
18347	0.245	1.713	1.674	ESTABLE
11590	0.237	1.727	1.713	ESTABLE
3369	0.236	1.68	1.648	ESTABLE
8177	0.233	1.705	1.762	ESTABLE
6884	0.235	1.715	1.747	ESTABLE
11725	0.23	1.649	1.718	ESTABLE
1308	0.266	1.893	1.957	ESTABLE
11949	0.237	1.74	1.71	ESTABLE
10102	0.237	1.634	1.808	INESTABLE
1371	0.254	1.784	1.925	ESTABLE
4177	0.261	1.909	1.883	ESTABLE
14084	0.254	1.863	1.952	ESTABLE
4853	0.242	1.823	1.832	ESTABLE
18106	0.245	1.78	1.738	ESTABLE
19088	0.225	1.599	1.588	ESTABLE
12099	0.231	1.641	1.73	ESTABLE
1181	0.249	1.763	1.837	ESTABLE
17878	0.259	1.83	1.968	ESTABLE
4885	0.247	1.874	1.843	ESTABLE
2466	0.228	1.643	1.562	ESTABLE
19845	0.227	1.541	1.736	INESTABLE
317	0.266	1.913	1.892	ESTABLE
18380	0.22	1.612	1.663	ESTABLE
14015	0.265	1.865	1.954	ESTABLE
18078	0.262	1.876	1.814	ESTABLE
14479	0.254	1.933	1.901	ESTABLE
5295	0.225	1.589	1.592	ESTABLE
8584	0.226	1.675	1.697	ESTABLE
4287	0.254	1.893	1.83	ESTABLE
10930	0.266	1.98	1.884	ESTABLE
117	0.253	1.842	1.753	ESTABLE
1445	0.256	1.847	1.85	ESTABLE
9067	0.219	1.457	1.443	ESTABLE
19779	0.233	1.615	1.611	ESTABLE
3025	0.207	1.46	1.597	ESTABLE
1665	0.236	1.727	1.67	ESTABLE
8229	0.249	1.766	1.728	ESTABLE
16009	0.217	1.532	1.533	ESTABLE
16562	0.246	1.833	1.741	ESTABLE
8651	0.223	1.678	1.665	ESTABLE
6672	0.224	1.617	1.564	ESTABLE
11236	0.241	1.78	1.751	ESTABLE
6902	0.218	1.651	1.698	ESTABLE
9233	0.209	1.443	1.495	ESTABLE
8925	0.208	1.538	1.586	ESTABLE
5094	0.244	1.799	1.804	ESTABLE
19875	0.23	1.637	1.608	ESTABLE
3508	0.24	1.822	1.758	ESTABLE
3783	0.257	1.892	1.909	ESTABLE
8667	0.246	1.725	1.728	ESTABLE
4401	0.244	1.802	1.795	ESTABLE
3395	0.23	1.666	1.695	ESTABLE
9811	0.24	1.795	1.739	ESTABLE
18174	0.239	1.795	1.807	ESTABLE
257	0.259	1.932	1.851	ESTABLE
17333	0.259	1.778	1.854	ESTABLE
9913	0.233	1.688	1.763	ESTABLE
17801	0.247	1.846	1.893	ESTABLE
14359	0.264	1.955	1.984	ESTABLE
5170	0.245	1.71	1.717	ESTABLE
9339	0.228	1.589	1.588	ESTABLE
12109	0.225	1.689	1.695	ESTABLE
8005	0.235	1.703	1.755	ESTABLE
2255	0.214	1.563	1.525	ESTABLE
11437	0.23	1.749	1.638	ESTABLE
4341	0.239	1.814	1.796	ESTABLE
19739	0.218	1.55	1.523	ESTABLE
16577	0.238	1.802	1.685	ESTABLE
6985	0.257	1.786	1.837	ESTABLE
17618	0.252	1.845	1.93	ESTABLE
2401	0.223	1.608	1.614	ESTABLE
3277	0.227	1.63	1.685	ESTABLE
18449	0.224	1.612	1.593	ESTABLE
15018	0.235	1.66	1.664	ESTABLE
306	0.255	1.933	1.845	ESTABLE
2378	0.232	1.573	1.62	ESTABLE
10361	0.245	1.731	1.781	ESTABLE
14983	0.234	1.753	1.626	ESTABLE
9831	0.242	1.706	1.706	ESTABLE
4289	0.232	1.819	1.792	ESTABLE
12970	0.219	1.609	1.562	ESTABLE
8704	0.227	1.591	1.696	ESTABLE
7822	0.252	1.841	1.758	ESTABLE
10296	0.239	1.74	1.764	ESTABLE
6694	0.231	1.629	1.679	ESTABLE
8545	0.233	1.779	1.722	ESTABLE
10367	0.247	1.797	1.806	ESTABLE
17131	0.249	1.84	1.827	ESTABLE
18522	0.217	1.625	1.58	ESTABLE
19126	0.23	1.582	1.642	ESTABLE
13738	0.244	1.728	1.755	ESTABLE
2687	0.234	1.717	1.751	ESTABLE
1303	0.241	1.856	1.88	ESTABLE
19482	0.216	1.5	1.528	ESTABLE
18971	0.228	1.625	1.675	ESTABLE
8068	0.231	1.796	1.8	ESTABLE
18668	0.217	1.61	1.56	ESTABLE
3929	0.269	1.971	1.905	ESTABLE
13231	0.238	1.732	1.767	ESTABLE
7708	0.249	1.977	1.857	ESTABLE
2227	0.215	1.52	1.508	ESTABLE
19499	0.22	1.545	1.551	ESTABLE
2246	0.225	1.593	1.537	ESTABLE
6090	0.226	1.644	1.639	ESTABLE
2626	0.229	1.681	1.626	ESTABLE
16641	0.247	1.771	1.749	ESTABLE
1864	0.222	1.618	1.58	ESTABLE
5159	0.254	1.743	1.801	ESTABLE
17404	0.251	1.83	1.801	ESTABLE
16478	0.226	1.635	1.645	ESTABLE
15624	0.231	1.653	1.661	ESTABLE
19143	0.23	1.593	1.653	ESTABLE
1644	0.235	1.695	1.761	ESTABLE
1874	0.217	1.61	1.607	ESTABLE
10277	0.232	1.595	1.748	INESTABLE
1998	0.234	1.577	1.583	ESTABLE
17767	0.263	1.927	1.915	ESTABLE
18979	0.237	1.656	1.623	ESTABLE
1917	0.231	1.611	1.566	ESTABLE
7134	0.247	1.831	1.95	ESTABLE
9723	0.239	1.731	1.721	ESTABLE
6223	0.234	1.703	1.719	ESTABLE
5073	0.232	1.753	1.778	ESTABLE
15948	0.198	1.506	1.583	ESTABLE
18212	0.235	1.744	1.815	ESTABLE
13862	0.228	1.727	1.773	ESTABLE
9348	0.21	1.482	1.477	ESTABLE
14910	0.226	1.688	1.648	ESTABLE
8691	0.226	1.67	1.7	ESTABLE
12794	0.203	1.519	1.458	ESTABLE
71	0.241	1.785	1.759	ESTABLE
12419	0.216	1.516	1.516	ESTABLE
5395	0.212	1.533	1.488	ESTABLE
1922	0.224	1.563	1.536	ESTABLE
13142	0.237	1.725	1.682	ESTABLE
7005	0.242	1.79	1.848	ESTABLE
15774	0.229	1.573	1.67	ESTABLE
15914	0.204	1.522	1.458	ESTABLE
13318	0.252	1.908	1.721	INESTABLE
5450	0.218	1.535	1.546	ESTABLE
7746	0.25	1.813	1.8	ESTABLE
3057	0.221	1.544	1.627	ESTABLE
484	0.255	2.002	1.895	ESTABLE
17714	0.251	1.9	1.937	ESTABLE
1658	0.242	1.707	1.763	ESTABLE
3209	0.218	1.551	1.591	ESTABLE
18034	0.249	1.865	1.933	ESTABLE
14521	0.262	1.914	1.941	ESTABLE
2471	0.22	1.55	1.555	ESTABLE
8186	0.25	1.878	1.871	ESTABLE
15160	0.218	1.66	1.61	ESTABLE
9128	0.208	1.464	1.486	ESTABLE
6013	0.225	1.637	1.624	ESTABLE
13825	0.236	1.683	1.727	ESTABLE
4594	0.235	1.644	1.836	INESTABLE
14701	0.243	1.852	1.767	ESTABLE
17574	0.259	1.892	1.942	ESTABLE
6233	0.235	1.639	1.671	ESTABLE
6279	0.227	1.654	1.735	ESTABLE
8148	0.231	1.671	1.749	ESTABLE
3581	0.242	1.864	1.853	ESTABLE
11119	0.253	1.92	1.867	ESTABLE
13194	0.23	1.815	1.776	ESTABLE
1987	0.226	1.516	1.568	ESTABLE
3225	0.211	1.622	1.577	ESTABLE
1776	0.228	1.683	1.677	ESTABLE
15304	0.245	1.71	1.693	ESTABLE
13471	0.244	1.803	1.75	ESTABLE
13880	0.246	1.769	1.825	ESTABLE
11610	0.237	1.668	1.706	ESTABLE
14125	0.256	1.834	1.919	ESTABLE
3177	0.22	1.612	1.592	ESTABLE
3091	0.22	1.506	1.565	ESTABLE
6240	0.236	1.66	1.677	ESTABLE
13339	0.24	1.87	1.843	ESTABLE
15499	0.221	1.574	1.609	ESTABLE
7963	0.256	1.824	1.871	ESTABLE
15489	0.233	1.693	1.704	ESTABLE
18882	0.221	1.575	1.611	ESTABLE
18712	0.221	1.577	1.557	ESTABLE
4336	0.249	1.821	1.887	ESTABLE
17670	0.263	1.916	2.038	ESTABLE
7021	0.248	1.789	1.807	ESTABLE
15907	0.209	1.503	1.604	ESTABLE
9126	0.214	1.544	1.509	ESTABLE
7799	0.245	1.8	1.78	ESTABLE
16848	0.246	1.84	1.833	ESTABLE
2322	0.217	1.545	1.52	ESTABLE
10828	0.261	1.953	1.979	ESTABLE
1030	0.254	1.817	1.876	ESTABLE
2209	0.215	1.498	1.516	ESTABLE
7502	0.257	1.943	1.924	ESTABLE
1930	0.215	1.586	1.527	ESTABLE
2327	0.22	1.586	1.562	ESTABLE
236	0.255	1.915	1.8	ESTABLE
7217	0.263	1.971	1.979	ESTABLE
19283	0.232	1.669	1.687	ESTABLE
7541	0.267	2.055	1.945	ESTABLE
18151	0.255	1.848	1.851	ESTABLE
19278	0.219	1.613	1.672	ESTABLE
690	0.259	1.804	1.842	ESTABLE
11079	0.251	1.933	1.878	ESTABLE
2099	0.205	1.485	1.44	ESTABLE
7363	0.26	1.94	1.884	ESTABLE
8124	0.238	1.775	1.769	ESTABLE
3966	0.253	1.948	1.841	ESTABLE
14795	0.244	1.844	1.744	ESTABLE
16960	0.248	1.887	1.862	ESTABLE
14356	0.261	2.036	1.963	ESTABLE
12237	0.223	1.561	1.699	ESTABLE
13075	0.223	1.673	1.685	ESTABLE
10215	0.246	1.609	1.738	ESTABLE
6592	0.215	1.59	1.692	ESTABLE
17672	0.261	1.883	1.879	ESTABLE
6941	0.234	1.71	1.721	ESTABLE
13866	0.237	1.69	1.772	ESTABLE
17291	0.246	1.743	1.786	ESTABLE
8686	0.216	1.635	1.623	ESTABLE
5411	0.213	1.551	1.516	ESTABLE
18016	0.248	1.868	1.915	ESTABLE
15575	0.214	1.529	1.606	ESTABLE
4208	0.254	1.896	1.83	ESTABLE
4121	0.26	1.916	1.827	ESTABLE
17456	0.245	1.797	1.871	ESTABLE
2268	0.23	1.533	1.488	ESTABLE
15925	0.215	1.484	1.544	ESTABLE
2807	0.228	1.61	1.643	ESTABLE
2581	0.226	1.633	1.674	ESTABLE
18592	0.224	1.597	1.495	ESTABLE
7893	0.23	1.695	1.754	ESTABLE
1899	0.224	1.609	1.532	ESTABLE
7847	0.247	1.791	1.691	ESTABLE
10077	0.234	1.652	1.727	ESTABLE
11895	0.222	1.616	1.649	ESTABLE
3666	0.259	1.957	1.898	ESTABLE
639	0.256	1.808	1.875	ESTABLE
16011	0.22	1.502	1.557	ESTABLE
10622	0.25	1.877	1.886	ESTABLE
19627	0.214	1.522	1.541	ESTABLE
19	0.232	1.712	1.659	ESTABLE
17379	0.246	1.793	1.826	ESTABLE
17675	0.249	1.839	1.923	ESTABLE
5294	0.214	1.62	1.555	ESTABLE
12253	0.227	1.521	1.69	INESTABLE
19886	0.22	1.646	1.591	ESTABLE
6518	0.231	1.585	1.651	ESTABLE
19860	0.226	1.605	1.604	ESTABLE
9780	0.235	1.753	1.737	ESTABLE
3487	0.248	1.867	1.775	ESTABLE
16636	0.251	1.808	1.77	ESTABLE
5855	0.217	1.508	1.47	ESTABLE
16404	0.22	1.576	1.53	ESTABLE
8631	0.219	1.659	1.608	ESTABLE
107	0.241	1.758	1.754	ESTABLE
14868	0.234	1.757	1.653	ESTABLE
5183	0.226	1.74	1.662	ESTABLE
14247	0.255	1.959	2.005	ESTABLE
9618	0.235	1.675	1.712	ESTABLE
3656	0.251	1.966	1.905	ESTABLE
11147	0.241	1.911	1.834	ESTABLE
8744	0.228	1.613	1.626	ESTABLE
17596	0.254	1.851	1.985	ESTABLE
3754	0.254	1.921	1.878	ESTABLE
377	0.254	1.896	1.895	ESTABLE
18129	0.241	1.867	1.795	ESTABLE
8239	0.235	1.741	1.843	ESTABLE
17339	0.258	1.866	1.901	ESTABLE
15338	0.231	1.622	1.651	ESTABLE
19527	0.227	1.567	1.563	ESTABLE
12505	0.213	1.492	1.499	ESTABLE
12609	0.203	1.436	1.439	ESTABLE
2082	0.219	1.486	1.466	ESTABLE
19544	0.211	1.493	1.523	ESTABLE
13834	0.233	1.695	1.84	ESTABLE
5243	0.235	1.664	1.688	ESTABLE
5009	0.251	1.738	1.86	ESTABLE
3593	0.243	1.875	1.826	ESTABLE
1544	0.264	1.805	1.835	ESTABLE
2979	0.22	1.544	1.613	ESTABLE
16172	0.219	1.486	1.56	ESTABLE
16697	0.248	1.843	1.788	ESTABLE
4533	0.25	1.738	1.817	ESTABLE
7187	0.255	1.876	1.903	ESTABLE
11862	0.238	1.709	1.723	ESTABLE
13088	0.236	1.671	1.675	ESTABLE
19122	0.235	1.669	1.666	ESTABLE
14039	0.257	1.763	1.821	ESTABLE
19156	0.219	1.575	1.621	ESTABLE
8610	0.221	1.593	1.696	ESTABLE
17662	0.266	1.873	1.902	ESTABLE
18395	0.232	1.638	1.65	ESTABLE
8082	0.237	1.693	1.711	ESTABLE
4576	0.249	1.822	1.838	ESTABLE
8680	0.218	1.657	1.65	ESTABLE
4682	0.229	1.744	1.756	ESTABLE
15036	0.229	1.657	1.634	ESTABLE
12965	0.214	1.63	1.563	ESTABLE
16359	0.219	1.577	1.614	ESTABLE
6968	0.234	1.735	1.751	ESTABLE
10312	0.238	1.732	1.836	ESTABLE
18586	0.217	1.629	1.535	ESTABLE
6914	0.24	1.765	1.784	ESTABLE
2169	0.222	1.556	1.496	ESTABLE
8774	0.235	1.602	1.664	ESTABLE
13146	0.226	1.743	1.625	ESTABLE
10337	0.238	1.645	1.751	ESTABLE
1052	0.249	1.874	1.855	ESTABLE
7506	0.271	2.021	1.894	ESTABLE
1833	0.225	1.699	1.707	ESTABLE
10627	0.238	1.792	1.861	ESTABLE
7197	0.254	1.93	1.866	ESTABLE
18251	0.24	1.826	1.747	ESTABLE
8846	0.22	1.572	1.539	ESTABLE
12434	0.218	1.524	1.525	ESTABLE
15148	0.229	1.616	1.677	ESTABLE
5355	0.217	1.583	1.578	ESTABLE
8022	0.237	1.753	1.753	ESTABLE
17503	0.251	1.839	1.904	ESTABLE
5608	0.206	1.503	1.413	ESTABLE
2340	0.227	1.63	1.582	ESTABLE
8749	0.231	1.671	1.724	ESTABLE
6866	0.236	1.7	1.713	ESTABLE
11642	0.236	1.742	1.671	ESTABLE
12131	0.234	1.666	1.72	ESTABLE
5330	0.225	1.613	1.643	ESTABLE
11955	0.228	1.667	1.667	ESTABLE
14858	0.222	1.722	1.603	ESTABLE
9109	0.208	1.42	1.404	ESTABLE
12456	0.206	1.415	1.483	ESTABLE
3310	0.222	1.653	1.664	ESTABLE
7629	0.246	1.89	1.856	ESTABLE
2615	0.21	1.599	1.601	ESTABLE
9483	0.223	1.584	1.616	ESTABLE
7468	0.261	1.982	1.895	ESTABLE
1502	0.255	1.888	1.902	ESTABLE
2280	0.209	1.478	1.448	ESTABLE
6301	0.23	1.692	1.684	ESTABLE
18919	0.218	1.545	1.63	ESTABLE
11851	0.226	1.619	1.665	ESTABLE
9607	0.231	1.793	1.678	ESTABLE
18090	0.244	1.878	1.908	ESTABLE
2583	0.227	1.548	1.622	ESTABLE
12404	0.205	1.409	1.548	ESTABLE
4091	0.259	1.956	1.905	ESTABLE
17572	0.251	1.826	1.873	ESTABLE
15055	0.222	1.633	1.559	ESTABLE
1424	0.258	1.901	1.919	ESTABLE
8668	0.224	1.634	1.68	ESTABLE
19783	0.209	1.539	1.548	ESTABLE
11271	0.23	1.795	1.824	ESTABLE
11764	0.229	1.695	1.643	ESTABLE
3170	0.229	1.561	1.677	ESTABLE
12450	0.208	1.456	1.493	ESTABLE
3040	0.224	1.515	1.663	ESTABLE
3350	0.226	1.668	1.644	ESTABLE
11030	0.266	2.003	1.953	ESTABLE
7056	0.251	1.814	1.843	ESTABLE
5095	0.247	1.81	1.784	ESTABLE
9106	0.19	1.464	1.326	ESTABLE
11150	0.247	1.853	1.813	ESTABLE
13849	0.246	1.728	1.832	ESTABLE
5232	0.222	1.603	1.641	ESTABLE
213	0.248	1.944	1.861	ESTABLE
9116	0.204	1.514	1.45	ESTABLE
19310	0.223	1.459	1.559	ESTABLE
14720	0.241	1.842	1.809	ESTABLE
7224	0.258	1.927	1.961	ESTABLE
13747	0.235	1.74	1.804	ESTABLE
17857	0.258	1.879	1.903	ESTABLE
6516	0.224	1.657	1.721	ESTABLE
18391	0.232	1.699	1.643	ESTABLE
870	0.238	1.786	1.773	ESTABLE
19727	0.217	1.505	1.521	ESTABLE
16560	0.242	1.808	1.707	ESTABLE
7624	0.249	1.939	1.853	ESTABLE
7165	0.258	1.884	1.859	ESTABLE
3071	0.23	1.518	1.598	ESTABLE
977	0.229	1.735	1.825	ESTABLE
1042	0.255	1.84	1.864	ESTABLE
13826	0.254	1.751	1.832	ESTABLE
19350	0.216	1.551	1.675	ESTABLE
2849	0.217	1.564	1.67	ESTABLE
17871	0.251	1.898	1.95	ESTABLE
3359	0.233	1.616	1.678	ESTABLE
4573	0.236	1.769	1.743	ESTABLE
7315	0.265	2.025	1.971	ESTABLE
8025	0.237	1.792	1.822	ESTABLE
9013	0.207	1.524	1.453	ESTABLE
820	0.256	1.76	1.862	ESTABLE
3649	0.248	1.877	1.846	ESTABLE

PROMEDIOS:
Galga: 0.236914
Fuerza Izq: 1.72759
Fuerza Der: 1.72693
